"trait","gene","statistic","controlled_available","controlled_p","controlled_error_bound","controlled_terms","controlled_reason","approximate_available","approximate_p","approximate_method","moment_fallback"
"A","gene0001",23.068538559854,TRUE,0.340489109359071,6.99366597078054e-11,50,"",TRUE,0.340183514276827,"saddlepoint",FALSE
"A","gene0002",182.259745965931,TRUE,4.65388465569993e-09,4.18407712990398e-14,113,"",TRUE,4.64598588431185e-09,"saddlepoint",FALSE
"A","gene0003",20.6981353084915,TRUE,0.532140654937142,7.29109300061717e-11,53,"",TRUE,0.531843489400463,"saddlepoint",FALSE
"A","gene0004",239.168251807399,FALSE,NA,3.01984999506733e-14,4096,"Series did not reach requested absolute and relative accuracy within term budget",TRUE,8.54790926272065e-16,"saddlepoint",FALSE
"A","gene0005",25.3710296496085,TRUE,0.332185538122261,9.4070172766865e-11,53,"",TRUE,0.33187129184518,"saddlepoint",FALSE
"A","gene0006",87.9745102758418,TRUE,0.193053964031794,7.50027284203425e-11,97,"",TRUE,0.193007660677672,"saddlepoint",FALSE
"A","gene0007",20.2638012150527,TRUE,0.671640699728838,8.72149072254393e-11,51,"",TRUE,0.671456341764793,"saddlepoint",FALSE
"A","gene0008",54.54480415839,TRUE,0.964697756795206,8.86947529852612e-11,92,"",TRUE,0.964690554602226,"saddlepoint",FALSE
"A","gene0009",19.9405637925799,TRUE,0.73836060472594,7.07192645372709e-11,55,"",TRUE,0.738197100646994,"saddlepoint",FALSE
"A","gene0010",55.5930903522547,TRUE,0.947555465142523,9.48913119304742e-11,94,"",TRUE,0.947544979124736,"saddlepoint",FALSE
"A","gene0011",30.4850626346047,TRUE,0.252497929313059,8.04998321148921e-11,56,"",TRUE,0.252252474396844,"saddlepoint",FALSE
"A","gene0012",63.2629054521956,TRUE,0.796907670312527,8.73939947645085e-11,95,"",TRUE,0.796873707163873,"saddlepoint",FALSE
"A","gene0013",38.0932753962017,TRUE,0.0843548342578502,9.66309877167143e-11,58,"",TRUE,0.0842213534032721,"saddlepoint",FALSE
"A","gene0014",78.5451702153859,TRUE,0.312251058062868,8.41016170550699e-11,94,"",TRUE,0.312191158348541,"saddlepoint",FALSE
"A","gene0015",26.6913517972123,TRUE,0.528161248327268,7.86979894771243e-11,59,"",TRUE,0.527949735228524,"saddlepoint",FALSE
"A","gene0016",80.754266772025,TRUE,0.232431015790019,8.69610569534732e-11,95,"",TRUE,0.232373094713053,"saddlepoint",FALSE
"A","gene0017",20.671810495383,TRUE,0.859917119697,8.20035269072719e-11,61,"",TRUE,0.85983684880408,"saddlepoint",FALSE
"A","gene0018",68.9620305816084,TRUE,0.540448291508976,9.05081740890795e-11,98,"",TRUE,0.540385839958955,"saddlepoint",FALSE
"A","gene0019",27.5060653177198,TRUE,0.587561763118533,6.69952108654955e-11,60,"",TRUE,0.587367414903754,"saddlepoint",FALSE
"A","gene0020",79.6331032811309,TRUE,0.210348556190102,9.57538695144262e-11,93,"",TRUE,0.210291077344955,"saddlepoint",FALSE
"A","gene0021",26.1934692472215,TRUE,0.700539057783875,6.52714812537578e-11,64,"",TRUE,0.700399168931997,"saddlepoint",FALSE
"A","gene0022",94.7151780727106,TRUE,0.0274201879071153,8.89287665858593e-11,90,"",TRUE,0.0274047219513962,"saddlepoint",FALSE
"A","gene0023",16.644778050922,TRUE,0.985892095727045,9.11387310021869e-11,63,"",TRUE,0.985884432936988,"saddlepoint",FALSE
"A","gene0024",79.0140307272131,TRUE,0.17955002557828,9.34317751746967e-11,93,"",TRUE,0.179493714301618,"saddlepoint",FALSE
"A","gene0025",45.1007090641292,TRUE,0.0867930391699506,8.03505341147141e-11,64,"",TRUE,0.086689285242739,"saddlepoint",FALSE
"A","gene0026",82.7596444259712,TRUE,0.10281894509662,8.68071005160308e-11,93,"",TRUE,0.102774095443379,"saddlepoint",FALSE
"A","gene0027",30.2998313117956,TRUE,0.638482416555023,8.23801388433534e-11,67,"",TRUE,0.638319540047047,"saddlepoint",FALSE
"A","gene0028",88.6603501093544,TRUE,0.0401006913955953,8.69807820604376e-11,91,"",TRUE,0.040077226396701,"saddlepoint",FALSE
"A","gene0029",46.9719134217845,TRUE,0.0942437181733848,6.75756061351007e-11,67,"",TRUE,0.0941371667084428,"saddlepoint",FALSE
"A","gene0030",85.4140526164061,TRUE,0.0538906983626914,7.83216207818002e-11,93,"",TRUE,0.0538623606457475,"saddlepoint",FALSE
"A","gene0031",47.5682497012242,TRUE,0.103102528182718,9.71619526913929e-11,69,"",TRUE,0.102997809462917,"saddlepoint",FALSE
"A","gene0032",71.2038866769352,TRUE,0.257740622485533,8.25617693244081e-11,93,"",TRUE,0.257664249519803,"saddlepoint",FALSE
"A","gene0033",37.5555511732431,TRUE,0.440711798836846,6.48371457434918e-11,70,"",TRUE,0.440546701566907,"saddlepoint",FALSE
"A","gene0034",51.5249612881392,TRUE,0.835891751404421,7.9311881389689e-11,90,"",TRUE,0.835850653524038,"saddlepoint",FALSE
"A","gene0035",29.2515418754308,TRUE,0.831783003619807,9.50583945325684e-11,71,"",TRUE,0.831702444797063,"saddlepoint",FALSE
"A","gene0036",58.8970943479954,TRUE,0.579857688356606,7.28630490903596e-11,92,"",TRUE,0.579775892939553,"saddlepoint",FALSE
"A","gene0037",63.7731748631087,TRUE,0.0107265279585472,6.7300796500417e-11,74,"",TRUE,0.0107054594114895,"saddlepoint",FALSE
"A","gene0038",69.9942601390134,TRUE,0.210392992749864,7.25268134394927e-11,93,"",TRUE,0.210315348062733,"saddlepoint",FALSE
"A","gene0039",52.0912485227517,TRUE,0.105240060805964,9.11863595157332e-11,72,"",TRUE,0.105136667246766,"saddlepoint",FALSE
"A","gene0040",77.425982236506,TRUE,0.0744208474807426,6.98178138024662e-11,93,"",TRUE,0.0743750669804449,"saddlepoint",FALSE
"A","gene0041",32.4690724767936,TRUE,0.812924881863261,9.96131672157188e-11,76,"",TRUE,0.812840533507488,"saddlepoint",FALSE
"A","gene0042",99.8025738333669,TRUE,0.00141148412447533,7.24817315542192e-11,91,"",TRUE,0.00140946623229051,"saddlepoint",FALSE
"A","gene0043",57.8323154097495,TRUE,0.0616686987156865,6.91096705687441e-11,75,"",TRUE,0.0616002505397559,"saddlepoint",FALSE
"A","gene0044",62.6250718389052,TRUE,0.319889750384513,7.2484533674734e-11,88,"",TRUE,0.319797350440287,"saddlepoint",FALSE
"A","gene0045",45.8378566062556,TRUE,0.356916496821284,9.89015110043276e-11,77,"",TRUE,0.356759670461041,"saddlepoint",FALSE
"A","gene0046",72.6885638587825,TRUE,0.0891849295926154,6.71496965020182e-11,91,"",TRUE,0.0891301410244994,"saddlepoint",FALSE
"A","gene0047",38.4731102227582,TRUE,0.693330303118481,6.6468852774268e-11,79,"",TRUE,0.693217580503812,"saddlepoint",FALSE
"A","gene0048",60.3581582054093,TRUE,0.32533424308109,9.30906566567156e-11,87,"",TRUE,0.325227404732867,"saddlepoint",FALSE
"A","gene0049",85.2874091258972,TRUE,0.000620140737493346,7.23915385644237e-11,79,"",TRUE,0.000618619637532979,"saddlepoint",FALSE
"A","gene0050",62.9113239812084,TRUE,0.225473772321688,7.72007958320213e-11,88,"",TRUE,0.225377120305376,"saddlepoint",FALSE
"A","gene0051",46.5743083437519,TRUE,0.445631546936622,6.77828776180639e-11,82,"",TRUE,0.445483964856762,"saddlepoint",FALSE
"A","gene0052",102.68108340621,TRUE,0.0002063358029768,9.29575889462193e-11,87,"",TRUE,0.000205904052572767,"saddlepoint",FALSE
"A","gene0053",48.3049293150969,TRUE,0.418480982061812,8.513992294382e-11,83,"",TRUE,0.418334840689702,"saddlepoint",FALSE
"A","gene0054",38.9754409526675,TRUE,0.913565677214028,6.92635436310395e-11,89,"",TRUE,0.913531799498413,"saddlepoint",FALSE
"A","gene0055",59.5134942227749,TRUE,0.134214105276987,6.76030323843065e-11,85,"",TRUE,0.134122295476435,"saddlepoint",FALSE
"A","gene0056",36.6018903842035,TRUE,0.938784122417702,7.01139525670184e-11,86,"",TRUE,0.938759856321493,"saddlepoint",FALSE
"A","gene0057",55.5969182824781,TRUE,0.248093749755858,7.12285128882245e-11,83,"",TRUE,0.24796796352766,"saddlepoint",FALSE
"A","gene0058",62.7156565356201,TRUE,0.137038140036308,8.57847037762788e-11,85,"",TRUE,0.136945671818422,"saddlepoint",FALSE
"A","gene0059",56.6576514463932,TRUE,0.248566469845578,8.65165979222621e-11,87,"",TRUE,0.248442246985815,"saddlepoint",FALSE
"A","gene0060",52.0801103065522,TRUE,0.393102010447958,8.80372267057436e-11,87,"",TRUE,0.392970058666817,"saddlepoint",FALSE
"A","gene0061",47.7872736091722,TRUE,0.591503596548016,8.67516378286366e-11,89,"",TRUE,0.591382471354781,"saddlepoint",FALSE
"A","gene0062",46.9389193205089,TRUE,0.548496450441992,9.5608067307313e-11,86,"",TRUE,0.548363102885889,"saddlepoint",FALSE
"A","gene0063",36.7773491343053,TRUE,0.935545963613665,8.63266400637913e-11,91,"",TRUE,0.935518416483464,"saddlepoint",FALSE
"A","gene0064",44.7069849104623,TRUE,0.597540261663273,9.03356085681789e-11,84,"",TRUE,0.597406223123028,"saddlepoint",FALSE
"A","gene0065",41.085559056424,TRUE,0.868789452759216,8.38877874500057e-11,90,"",TRUE,0.868737228254033,"saddlepoint",FALSE
"A","gene0066",43.7322821175938,TRUE,0.597542843177116,9.93817414972863e-11,84,"",TRUE,0.597404420013306,"saddlepoint",FALSE
"A","gene0067",85.9998700797312,TRUE,0.0061416374185905,9.41997059240689e-11,93,"",TRUE,0.00613309908137062,"saddlepoint",FALSE
"A","gene0068",43.1589545161743,TRUE,0.581524544685598,7.19388483787393e-11,84,"",TRUE,0.581385382175426,"saddlepoint",FALSE
"A","gene0069",57.0401583361186,TRUE,0.399205213044472,8.58942175198385e-11,91,"",TRUE,0.39908142194051,"saddlepoint",FALSE
"A","gene0070",57.7967093802715,TRUE,0.107131989515549,8.61368773617116e-11,81,"",TRUE,0.107038531563334,"saddlepoint",FALSE
"A","gene0071",54.3236716456586,TRUE,0.530614448895167,9.36695361574737e-11,95,"",TRUE,0.530492378652482,"saddlepoint",FALSE
"A","gene0072",35.5455836430656,TRUE,0.79808390386743,8.49449311346624e-11,83,"",TRUE,0.797986157819825,"saddlepoint",FALSE
"A","gene0073",71.8269432671676,TRUE,0.101754082566242,8.50130471119308e-11,96,"",TRUE,0.101689262389926,"saddlepoint",FALSE
"A","gene0074",56.5880405499505,TRUE,0.0916721240656832,8.74389384140049e-11,83,"",TRUE,0.0915731301599585,"saddlepoint",FALSE
"A","gene0075",71.9304852459408,TRUE,0.115992698643116,8.52381383249605e-11,99,"",TRUE,0.115918464285816,"saddlepoint",FALSE
"A","gene0076",67.8973689816679,TRUE,0.0107319028756372,9.44338047971678e-11,83,"",TRUE,0.0107117093826356,"saddlepoint",FALSE
"A","gene0077",53.7869252910446,TRUE,0.653155622187259,9.86362924389021e-11,100,"",TRUE,0.653054261344927,"saddlepoint",FALSE
"A","gene0078",32.0462310048241,TRUE,0.82474628284267,6.67328412039085e-11,81,"",TRUE,0.824656233849264,"saddlepoint",FALSE
"A","gene0079",63.6160897604566,TRUE,0.353667372655159,9.77463054615581e-11,99,"",TRUE,0.353551639136215,"saddlepoint",FALSE
"A","gene0080",29.5381993175905,TRUE,0.873139316469008,7.83209244529549e-11,83,"",TRUE,0.873065716845245,"saddlepoint",FALSE
"A","gene0081",48.218731544559,TRUE,0.867217827232305,7.88282057901171e-11,102,"",TRUE,0.867170819788409,"saddlepoint",FALSE
"A","gene0082",38.0211792157176,TRUE,0.50677296367139,9.05486560297958e-11,80,"",TRUE,0.506569746584071,"saddlepoint",FALSE
"A","gene0083",86.480260421867,TRUE,0.0294872566367666,7.60208317737016e-11,104,"",TRUE,0.0294619573565784,"saddlepoint",FALSE
"A","gene0084",44.1571920442309,TRUE,0.236364834798555,9.81148261594567e-11,82,"",TRUE,0.236165574086116,"saddlepoint",FALSE
"A","gene0085",55.2130472463271,TRUE,0.72985301982973,7.47924648646439e-11,105,"",TRUE,0.729770440639032,"saddlepoint",FALSE
"A","gene0086",27.8059899898724,TRUE,0.846442181822534,8.08517734100095e-11,83,"",TRUE,0.846338114499087,"saddlepoint",FALSE
"A","gene0087",73.8686521787542,TRUE,0.199334834241791,7.20376174077192e-11,107,"",TRUE,0.199242432368877,"saddlepoint",FALSE
"A","gene0088",36.9699990491658,TRUE,0.421188732012001,8.64453018716016e-11,77,"",TRUE,0.420941319652876,"saddlepoint",FALSE
"A","gene0089",74.0533128802124,TRUE,0.218415415115139,9.3611366813566e-11,109,"",TRUE,0.218321162046681,"saddlepoint",FALSE
"A","gene0090",48.9034369891062,TRUE,0.071021643815488,7.1801349967645e-11,81,"",TRUE,0.0708954238639393,"saddlepoint",FALSE
"A","gene0091",73.3150831246009,TRUE,0.26009500421064,9.07327347477761e-11,108,"",TRUE,0.260000396344586,"saddlepoint",FALSE
"A","gene0092",42.0737730774163,TRUE,0.172449302957514,6.9955967180093e-11,78,"",TRUE,0.172232511650507,"saddlepoint",FALSE
"A","gene0093",83.6032196011645,TRUE,0.0964290687167105,9.36946043753745e-11,112,"",TRUE,0.0963737275114031,"saddlepoint",FALSE
"A","gene0094",19.9671244493315,TRUE,0.955653422281303,7.72024729301518e-11,78,"",TRUE,0.955617195772166,"saddlepoint",FALSE
"A","gene0095",71.1146157269375,TRUE,0.376781139769283,9.61365473448224e-11,111,"",TRUE,0.376673901675272,"saddlepoint",FALSE
"A","gene0096",35.50354209412,TRUE,0.310708284505881,9.50233573467421e-11,79,"",TRUE,0.310420647730208,"saddlepoint",FALSE
"A","gene0097",68.6881197266414,TRUE,0.48284075406235,8.16176190217635e-11,114,"",TRUE,0.482733188810451,"saddlepoint",FALSE
"A","gene0098",23.5869726364242,TRUE,0.809057436117123,6.85716240191557e-11,79,"",TRUE,0.808894507428236,"saddlepoint",FALSE
"A","gene0099",76.7414045494389,TRUE,0.280501916016722,7.55710882326815e-11,116,"",TRUE,0.280404364159725,"saddlepoint",FALSE
"A","gene0100",23.5058486938728,TRUE,0.775740697881962,8.95095388325599e-11,76,"",TRUE,0.775554403237203,"saddlepoint",FALSE
"A","gene0101",85.4744789577704,TRUE,0.130650369111686,8.17786357837531e-11,117,"",TRUE,0.130585916091129,"saddlepoint",FALSE
"A","gene0102",29.5219089369001,TRUE,0.433405413281716,8.54368267756353e-11,75,"",TRUE,0.433037481021833,"saddlepoint",FALSE
"A","gene0103",77.4206783490284,TRUE,0.316786556453493,8.40737282852173e-11,123,"",TRUE,0.316688925952582,"saddlepoint",FALSE
"A","gene0104",34.5757029937051,TRUE,0.193200256777721,7.80964503678018e-11,75,"",TRUE,0.192883944157415,"saddlepoint",FALSE
"A","gene0105",71.0744489100532,TRUE,0.533353589982348,7.4724532280173e-11,123,"",TRUE,0.533258003320619,"saddlepoint",FALSE
"A","gene0106",53.2828052547899,TRUE,0.00387299979356629,8.5234058743236e-11,75,"",TRUE,0.0038527080074502,"saddlepoint",FALSE
"A","gene0107",82.1079446058344,TRUE,0.253696421227605,8.85417856112507e-11,123,"",TRUE,0.253607269371829,"saddlepoint",FALSE
"A","gene0108",12.8641657973643,TRUE,0.980568326489176,6.74024220768607e-11,75,"",TRUE,0.980546718674575,"saddlepoint",FALSE
"A","gene0109",95.77970601882,TRUE,0.0663219630586413,8.22848814367901e-11,120,"",TRUE,0.0662796807697707,"saddlepoint",FALSE
"A","gene0110",35.889329347125,TRUE,0.0857538827220067,7.72334501041028e-11,72,"",TRUE,0.0855163240468442,"saddlepoint",FALSE
"A","gene0111",63.7305355898535,TRUE,0.821801009122504,8.75514184262884e-11,124,"",TRUE,0.821747806911918,"saddlepoint",FALSE
"A","gene0112",20.8418199753811,TRUE,0.631627430705205,7.24726873023267e-11,76,"",TRUE,0.631247551941241,"saddlepoint",FALSE
"A","gene0113",102.145572561154,TRUE,0.0397567099357153,7.55168064582937e-11,127,"",TRUE,0.0397298493936123,"saddlepoint",FALSE
"A","gene0114",38.3203782253065,TRUE,0.0324539406615867,9.52895065913124e-11,72,"",TRUE,0.0323055534618164,"saddlepoint",FALSE
"A","gene0115",87.7752069745718,TRUE,0.223652601777283,8.70294743389455e-11,131,"",TRUE,0.22357383741066,"saddlepoint",FALSE
"A","gene0116",17.1381246553638,TRUE,0.73636199343624,9.28738211553384e-11,72,"",TRUE,0.736014359860774,"saddlepoint",FALSE
"A","gene0117",73.2207402669621,TRUE,0.646153155226182,7.35610782899056e-11,130,"",TRUE,0.646073622339758,"saddlepoint",FALSE
"A","gene0118",23.8960572616824,TRUE,0.301118561119228,8.36051847327365e-11,69,"",TRUE,0.300520086325214,"saddlepoint",FALSE
"A","gene0119",26.2209688973315,TRUE,0.169584828092873,6.96974533209022e-11,70,"",TRUE,0.169141832280428,"saddlepoint",FALSE
"A","gene0120",116.213570354698,TRUE,0.00911572137861965,9.70083364223821e-11,131,"",TRUE,0.00910797892948915,"saddlepoint",FALSE
"A","gene0121",11.3846455380319,TRUE,0.94441372876446,7.79568855215768e-11,72,"",TRUE,0.944327855669448,"saddlepoint",FALSE
"A","gene0122",120.117028496783,TRUE,0.00414223065881065,8.96469777751652e-11,132,"",TRUE,0.00413814521588367,"saddlepoint",FALSE
"A","gene0123",13.6217161928503,TRUE,0.899670395719935,9.61335218786601e-11,71,"",TRUE,0.899522616433527,"saddlepoint",FALSE
"A","gene0124",64.3516625360623,TRUE,0.846824110362631,9.08339503331683e-11,131,"",TRUE,0.846776974016753,"saddlepoint",FALSE
"A","gene0125",30.9428750110108,TRUE,0.13686992720088,8.9501106721214e-11,74,"",TRUE,0.136482280053176,"saddlepoint",FALSE
"A","gene0126",76.6717097053326,TRUE,0.483595264823963,9.13593595306544e-11,131,"",TRUE,0.483494291815941,"saddlepoint",FALSE
"A","gene0127",26.8824992736429,TRUE,0.31301485023235,9.8577837407722e-11,75,"",TRUE,0.312512312496208,"saddlepoint",FALSE
"A","gene0128",74.1277458045616,TRUE,0.530251034911078,7.89890353646017e-11,129,"",TRUE,0.530151904894495,"saddlepoint",FALSE
"A","gene0129",12.2114238323831,TRUE,0.979718626481834,9.01991806440995e-11,79,"",TRUE,0.979692204541626,"saddlepoint",FALSE
"A","gene0130",78.1500574617629,TRUE,0.381715312974852,9.35232415057337e-11,131,"",TRUE,0.38160950952477,"saddlepoint",FALSE
"A","gene0131",32.1398014396666,TRUE,0.19978616025554,9.55896451403093e-11,78,"",TRUE,0.199390582415481,"saddlepoint",FALSE
"A","gene0132",77.4101679772675,TRUE,0.373705666053871,8.00076203205657e-11,130,"",TRUE,0.373600311317969,"saddlepoint",FALSE
"A","gene0133",28.2377487466342,TRUE,0.395950167333951,9.03588271913836e-11,81,"",TRUE,0.395497097063645,"saddlepoint",FALSE
"A","gene0134",76.4176732606849,TRUE,0.372766188270794,8.69919664732086e-11,130,"",TRUE,0.372654518029531,"saddlepoint",FALSE
"A","gene0135",21.6675166095433,TRUE,0.775137040623775,8.17349043807057e-11,81,"",TRUE,0.7748868914755,"saddlepoint",FALSE
"A","gene0136",55.9573223040699,TRUE,0.901140583822373,8.12492141708671e-11,126,"",TRUE,0.901102728945124,"saddlepoint",FALSE
"A","gene0137",17.2142939817558,TRUE,0.947447642911961,9.16984292860003e-11,85,"",TRUE,0.947383515765378,"saddlepoint",FALSE
"A","gene0138",70.0513616025533,TRUE,0.502027183352948,8.70710483965101e-11,128,"",TRUE,0.501907870912134,"saddlepoint",FALSE
"A","gene0139",22.2403830469525,TRUE,0.824527048905676,8.92437220043757e-11,84,"",TRUE,0.824339732068258,"saddlepoint",FALSE
"A","gene0140",92.1125981136086,TRUE,0.0527726489183261,8.13746235108978e-11,133,"",TRUE,0.0527303983247233,"saddlepoint",FALSE
"A","gene0141",35.6390087446861,TRUE,0.267301098454945,9.40290502252951e-11,87,"",TRUE,0.266945037288057,"saddlepoint",FALSE
"A","gene0142",65.9460716156489,TRUE,0.568833390673131,7.47274319246732e-11,130,"",TRUE,0.568712105380483,"saddlepoint",FALSE
"A","gene0143",33.8943805447605,TRUE,0.37586962289085,7.22392951664139e-11,89,"",TRUE,0.375495762228728,"saddlepoint",FALSE
"A","gene0144",66.6654785649976,TRUE,0.514126767834174,8.09468879187265e-11,127,"",TRUE,0.513999991903747,"saddlepoint",FALSE
"A","gene0145",36.6274334880234,TRUE,0.309495337455129,9.10322280880602e-11,91,"",TRUE,0.309166507552437,"saddlepoint",FALSE
"A","gene0146",71.3886972284143,TRUE,0.340089130922558,8.90017350725809e-11,125,"",TRUE,0.339967481878913,"saddlepoint",FALSE
"A","gene0147",42.998869965982,TRUE,0.153504918599858,9.76471367414473e-11,92,"",TRUE,0.153258630848144,"saddlepoint",FALSE
"A","gene0148",68.4569719886342,TRUE,0.395107454422378,9.29661731711301e-11,126,"",TRUE,0.39496989282111,"saddlepoint",FALSE
"A","gene0149",41.0692694543389,TRUE,0.2333442782902,8.9930151216458e-11,92,"",TRUE,0.233066059509224,"saddlepoint",FALSE
"A","gene0150",77.1653295296252,TRUE,0.161057678715877,8.0569481479293e-11,128,"",TRUE,0.160953431427834,"saddlepoint",FALSE
"A","gene0151",46.3688969143828,TRUE,0.131562945182149,8.50191301366397e-11,96,"",TRUE,0.131345252554177,"saddlepoint",FALSE
"A","gene0152",65.2021908717944,TRUE,0.432486059033925,9.78433684984195e-11,124,"",TRUE,0.432342867153775,"saddlepoint",FALSE
"A","gene0153",43.7463230317085,TRUE,0.219887426905983,7.66976661760281e-11,100,"",TRUE,0.219617031963122,"saddlepoint",FALSE
"A","gene0154",64.5579879489905,TRUE,0.420646751020155,9.83583792754997e-11,124,"",TRUE,0.420496051531706,"saddlepoint",FALSE
"A","gene0155",33.6352073838236,TRUE,0.651102871849938,8.64602325281391e-11,100,"",TRUE,0.650850941915938,"saddlepoint",FALSE
"A","gene0156",56.3637146906115,TRUE,0.658247220096164,8.99118271697509e-11,124,"",TRUE,0.658117340027468,"saddlepoint",FALSE
"A","gene0157",45.7313025205927,TRUE,0.225763509422936,7.91456280938366e-11,103,"",TRUE,0.225506619437436,"saddlepoint",FALSE
"A","gene0158",54.8519732018981,TRUE,0.675974640012843,7.76348057021647e-11,124,"",TRUE,0.675843304108813,"saddlepoint",FALSE
"A","gene0159",31.9518053621398,TRUE,0.789969485805641,9.44253898162162e-11,107,"",TRUE,0.789803512906529,"saddlepoint",FALSE
"A","gene0160",87.0848945325972,TRUE,0.0211217785545256,7.78255739475493e-11,128,"",TRUE,0.0210931422970417,"saddlepoint",FALSE
"A","gene0161",40.8548728069486,TRUE,0.46937093178179,7.81941140526668e-11,105,"",TRUE,0.469097112922007,"saddlepoint",FALSE
"A","gene0162",48.1451707698483,TRUE,0.818691725747512,8.04006760799468e-11,127,"",TRUE,0.818599004701728,"saddlepoint",FALSE
"A","gene0163",44.4928846271512,TRUE,0.368822588942145,7.39579044707617e-11,105,"",TRUE,0.368549602745702,"saddlepoint",FALSE
"A","gene0164",64.374207863024,TRUE,0.27479731406632,9.31507356601198e-11,124,"",TRUE,0.274636558309454,"saddlepoint",FALSE
"A","gene0165",33.8396101009977,TRUE,0.816052993746189,8.33595227892579e-11,106,"",TRUE,0.815908492444643,"saddlepoint",FALSE
"A","gene0166",58.7611222670024,TRUE,0.409996125551596,9.56314678596422e-11,124,"",TRUE,0.409817701378341,"saddlepoint",FALSE
"A","gene0167",35.3433871648483,TRUE,0.796366547686328,9.60511882704129e-11,108,"",TRUE,0.796212364859871,"saddlepoint",FALSE
"A","gene0168",63.9856369118211,TRUE,0.231149042060699,7.74729049901439e-11,123,"",TRUE,0.230979973556232,"saddlepoint",FALSE
"A","gene0169",46.3980355714571,TRUE,0.41237416203255,9.04433649826474e-11,114,"",TRUE,0.412116180052351,"saddlepoint",FALSE
"A","gene0170",56.4982747135528,TRUE,0.41709083595486,8.25067675855676e-11,125,"",TRUE,0.416888103529656,"saddlepoint",FALSE
"A","gene0171",25.0771568222613,TRUE,0.991671470411881,7.79443339298663e-11,117,"",TRUE,0.991663922319033,"saddlepoint",FALSE
"A","gene0172",51.4910498756916,TRUE,0.55723768503638,8.21431395126027e-11,122,"",TRUE,0.557046639865203,"saddlepoint",FALSE
"A","gene0173",68.2758845106874,TRUE,0.0346521148031445,9.58171060940274e-11,115,"",TRUE,0.0345890328039921,"saddlepoint",FALSE
"A","gene0174",39.1642776671697,TRUE,0.902076833122736,8.06239948392649e-11,119,"",TRUE,0.902009891034777,"saddlepoint",FALSE
"A","gene0175",49.9512333191966,TRUE,0.395549037447085,8.74456912588160e-11,117,"",TRUE,0.395311069766887,"saddlepoint",FALSE
"A","gene0176",46.3300461771091,TRUE,0.673254437839542,8.90742702036942e-11,121,"",TRUE,0.673087548103947,"saddlepoint",FALSE
"A","gene0177",78.0036645735861,TRUE,0.0108088081031299,8.97937288760198e-11,121,"",TRUE,0.0107851473272359,"saddlepoint",FALSE
"A","gene0178",53.6512680019198,TRUE,0.375161687609364,8.51599176918648e-11,118,"",TRUE,0.374938347241914,"saddlepoint",FALSE
"A","gene0179",46.6090926081406,TRUE,0.592527442882165,7.8566138946197e-11,118,"",TRUE,0.592323804075828,"saddlepoint",FALSE
"A","gene0180",40.3438931904828,TRUE,0.808711819550274,7.88025914595820e-11,116,"",TRUE,0.808584789537346,"saddlepoint",FALSE
"A","gene0181",61.4296192284196,TRUE,0.169250232834344,8.12315438438599e-11,122,"",TRUE,0.169077798438242,"saddlepoint",FALSE
"A","gene0182",60.6037963462037,TRUE,0.142925973769185,9.44076000101296e-11,119,"",TRUE,0.142761955504522,"saddlepoint",FALSE
"A","gene0183",46.2300603693552,TRUE,0.675155866347487,9.58895512905705e-11,127,"",TRUE,0.674971182049076,"saddlepoint",FALSE
"A","gene0184",60.3694328437675,TRUE,0.127678547470674,9.22459510578448e-11,117,"",TRUE,0.127514321100629,"saddlepoint",FALSE
"A","gene0185",25.9616172201421,TRUE,0.998645654047232,8.18709096285682e-11,127,"",TRUE,0.998644510368404,"saddlepoint",FALSE
"A","gene0186",34.6292024525748,TRUE,0.888186902838997,9.61824454717014e-11,117,"",TRUE,0.88809918230711,"saddlepoint",FALSE
"A","gene0187",62.9484600567946,TRUE,0.206480528079111,9.50094525623002e-11,126,"",TRUE,0.206311279658712,"saddlepoint",FALSE
"A","gene0188",43.7713626282848,TRUE,0.550506203950042,9.97239307733329e-11,117,"",TRUE,0.550261849047259,"saddlepoint",FALSE
"A","gene0189",71.5184159449585,TRUE,0.0854855283562872,9.27999777716737e-11,130,"",TRUE,0.0853756929945251,"saddlepoint",FALSE
"A","gene0190",60.0183183745332,TRUE,0.0847196788113397,9.35609285358796e-11,116,"",TRUE,0.0845843018008502,"saddlepoint",FALSE
"A","gene0191",48.5338057828684,TRUE,0.724997707349219,8.43344505016032e-11,129,"",TRUE,0.724852879152173,"saddlepoint",FALSE
"A","gene0192",42.2160454650104,TRUE,0.533847638371987,9.66487872806204e-11,118,"",TRUE,0.533560665779484,"saddlepoint",FALSE
"A","gene0193",46.1917115326891,TRUE,0.81975679797023,8.32817201703098e-11,134,"",TRUE,0.819649090168966,"saddlepoint",FALSE
"A","gene0194",52.9903923022025,TRUE,0.160222440958887,9.47085589207003e-11,115,"",TRUE,0.160014238070857,"saddlepoint",FALSE
"A","gene0195",61.1963313008547,TRUE,0.365881923368579,7.67080920809592e-11,135,"",TRUE,0.365694364804627,"saddlepoint",FALSE
"A","gene0196",55.5826329690334,TRUE,0.0974799570218954,7.63971362842571e-11,115,"",TRUE,0.0973200723678461,"saddlepoint",FALSE
"A","gene0197",58.6558104664972,TRUE,0.480039264832362,9.53196422075371e-11,134,"",TRUE,0.47985010323481,"saddlepoint",FALSE
"A","gene0198",32.0627254263481,TRUE,0.81280824260524,9.56675439822002e-11,113,"",TRUE,0.812638334068094,"saddlepoint",FALSE
"A","gene0199",66.9503901101203,TRUE,0.264843697806323,8.32656682318855e-11,136,"",TRUE,0.264675010038348,"saddlepoint",FALSE
"A","gene0200",53.4560794002432,TRUE,0.0949183082267989,9.36894873205911e-11,113,"",TRUE,0.0947280646536004,"saddlepoint",FALSE
"A","gene0201",58.9158754679261,TRUE,0.537879337859573,8.72199285993809e-11,140,"",TRUE,0.537700373833603,"saddlepoint",FALSE
"A","gene0202",33.3762774721582,TRUE,0.697460057880172,8.43028055675342e-11,111,"",TRUE,0.697199490144657,"saddlepoint",FALSE
"A","gene0203",65.1900889533896,TRUE,0.370278051280896,9.35666616885475e-11,139,"",TRUE,0.370102504872496,"saddlepoint",FALSE
"A","gene0204",48.9847393265281,TRUE,0.129042658824693,9.84905787026862e-11,112,"",TRUE,0.128822098446634,"saddlepoint",FALSE
"A","gene0205",48.910147057015,TRUE,0.878941094548523,8.21077389022082e-11,142,"",TRUE,0.878868504546045,"saddlepoint",FALSE
"A","gene0206",44.2374030345799,TRUE,0.209261698097325,9.23853260602694e-11,113,"",TRUE,0.208937742919759,"saddlepoint",FALSE
"A","gene0207",69.8972684833858,TRUE,0.298086226133022,8.30095186381621e-11,147,"",TRUE,0.297918259854943,"saddlepoint",FALSE
"A","gene0208",22.2616507837121,TRUE,0.950426013726635,8.25691549638172e-11,113,"",TRUE,0.950362594836822,"saddlepoint",FALSE
"A","gene0209",76.3674288916568,TRUE,0.179216758718203,8.87112875562826e-11,147,"",TRUE,0.179083598028734,"saddlepoint",FALSE
"A","gene0210",31.8736466141736,TRUE,0.598073373416709,7.57455514326447e-11,110,"",TRUE,0.597704176445002,"saddlepoint",FALSE
"A","gene0211",32.998278690297,TRUE,0.99941623134261,8.44231352035464e-11,152,"",TRUE,0.99941578602192,"saddlepoint",FALSE
"A","gene0212",35.2071952985448,TRUE,0.407143136157011,8.91311814394009e-11,109,"",TRUE,0.406690101415949,"saddlepoint",FALSE
"A","gene0213",68.3128222369508,TRUE,0.429986882650037,8.86603711454381e-11,153,"",TRUE,0.429812842684659,"saddlepoint",FALSE
"A","gene0214",22.8817505127504,TRUE,0.882272079109312,9.00249218162459e-11,108,"",TRUE,0.882110023724884,"saddlepoint",FALSE
"A","gene0215",63.2253245299513,TRUE,0.619338850904301,9.66296651526942e-11,150,"",TRUE,0.619188546003478,"saddlepoint",FALSE
"A","gene0216",39.6953228988242,TRUE,0.182602817102621,9.33253049492655e-11,105,"",TRUE,0.18222275238292,"saddlepoint",FALSE
"A","gene0217",60.9405678200442,TRUE,0.715928753390959,9.89716320508836e-11,156,"",TRUE,0.71579587154796,"saddlepoint",FALSE
"A","gene0218",23.8305931458715,TRUE,0.787394635895397,9.31228896078329e-11,108,"",TRUE,0.787097239610434,"saddlepoint",FALSE
"A","gene0219",69.579533722617,TRUE,0.483147124305306,8.85401564348562e-11,158,"",TRUE,0.482982311751674,"saddlepoint",FALSE
"A","gene0220",27.2127167357641,TRUE,0.589188098435293,9.81999687729024e-11,109,"",TRUE,0.588686270487739,"saddlepoint",FALSE
"A","gene0221",83.9467383891061,TRUE,0.162598593721829,9.87364626907697e-11,161,"",TRUE,0.16248620489061,"saddlepoint",FALSE
"A","gene0222",29.7577038940888,TRUE,0.420025319277011,8.49075136913867e-11,105,"",TRUE,0.419455293953503,"saddlepoint",FALSE
"A","gene0223",62.3481419827299,TRUE,0.754683691515717,8.18513192337236e-11,159,"",TRUE,0.754573916332633,"saddlepoint",FALSE
"A","gene0224",32.7606274690472,TRUE,0.256334160644517,8.28167660317514e-11,106,"",TRUE,0.255781842113126,"saddlepoint",FALSE
"A","gene0225",71.635662446907,TRUE,0.511477166201048,8.48532950175653e-11,164,"",TRUE,0.511319931854421,"saddlepoint",FALSE
"A","gene0226",23.9118724119077,TRUE,0.609629826117713,9.41334885474349e-11,106,"",TRUE,0.609062259847322,"saddlepoint",FALSE
"A","gene0227",88.2293017702309,TRUE,0.147807405472289,9.88246441060645e-11,166,"",TRUE,0.147706217018653,"saddlepoint",FALSE
"A","gene0228",29.170503735282,TRUE,0.30899376032372,9.95617225815759e-11,100,"",TRUE,0.308353392317501,"saddlepoint",FALSE
"A","gene0229",56.5519355515058,TRUE,0.923283742254923,9.04845911197348e-11,170,"",TRUE,0.923241740858612,"saddlepoint",FALSE
"A","gene0230",18.9601997507984,TRUE,0.767551029742473,8.36852272591629e-11,105,"",TRUE,0.767116104077136,"saddlepoint",FALSE
"A","gene0231",62.9930749090349,TRUE,0.826426510425758,8.38857207438246e-11,174,"",TRUE,0.826343026654434,"saddlepoint",FALSE
"A","gene0232",37.7386501839292,TRUE,0.0538648029791666,8.92163572836432e-11,103,"",TRUE,0.053593296452646,"saddlepoint",FALSE
"A","gene0233",66.5456957898928,TRUE,0.764893234108143,9.70304855885638e-11,171,"",TRUE,0.764789609696702,"saddlepoint",FALSE
"A","gene0234",39.3627644610045,TRUE,0.031141889097122,8.3807513175365e-11,102,"",TRUE,0.0309647430654077,"saddlepoint",FALSE
"A","gene0235",89.3813756940312,TRUE,0.200780802750783,9.38815060847614e-11,171,"",TRUE,0.200664112741562,"saddlepoint",FALSE
"A","gene0236",33.4547870476669,TRUE,0.0746975784278247,8.99279162420996e-11,98,"",TRUE,0.0743105162736067,"saddlepoint",FALSE
"A","gene0237",91.5313641349273,TRUE,0.181944221445024,8.88305905612577e-11,176,"",TRUE,0.181841432233151,"saddlepoint",FALSE
"A","gene0238",14.5294889625773,TRUE,0.815694078279198,8.31780085888863e-11,97,"",TRUE,0.815239777464425,"saddlepoint",FALSE
"A","gene0239",16.7014603982341,TRUE,0.642570372499565,8.16719693719388e-11,99,"",TRUE,0.641762647079928,"saddlepoint",FALSE
"A","gene0240",80.6652506234323,TRUE,0.453373672523997,9.61418860105298e-11,177,"",TRUE,0.453226717728135,"saddlepoint",FALSE
"A","gene0241",16.0641241555831,TRUE,0.734629354611678,9.40328318140525e-11,98,"",TRUE,0.734037978500587,"saddlepoint",FALSE
"A","gene0242",74.3452072474859,TRUE,0.604787785297381,9.4632714533506e-11,181,"",TRUE,0.604651048921947,"saddlepoint",FALSE
"A","gene0243",23.650146446093,TRUE,0.363742017759138,7.85826010925132e-11,104,"",TRUE,0.362852122484539,"saddlepoint",FALSE
"A","gene0244",81.5045819611132,TRUE,0.375936134315662,9.24930628506786e-11,179,"",TRUE,0.375790561986362,"saddlepoint",FALSE
"A","gene0245",14.2044440384697,TRUE,0.896578245479566,9.35662113109650e-11,105,"",TRUE,0.89633138926213,"saddlepoint",FALSE
"A","gene0246",66.523787822107,TRUE,0.764355747891807,8.25507447772475e-11,182,"",TRUE,0.764248963906481,"saddlepoint",FALSE
"A","gene0247",24.7989770396113,TRUE,0.409560885677145,8.30270658540126e-11,109,"",TRUE,0.408743776321135,"saddlepoint",FALSE
"A","gene0248",79.7717777896532,TRUE,0.367484684196508,8.91076456870608e-11,176,"",TRUE,0.367324889224381,"saddlepoint",FALSE
"A","gene0249",21.3404350754447,TRUE,0.643483383970856,8.13745483214771e-11,113,"",TRUE,0.642861197860224,"saddlepoint",FALSE
"A","gene0250",59.4967038105729,TRUE,0.875755938146491,9.01056786692736e-11,175,"",TRUE,0.875686512277408,"saddlepoint",FALSE
"A","gene0251",24.6752797601255,TRUE,0.518441197699215,8.88671338123218e-11,109,"",TRUE,0.517761619560613,"saddlepoint",FALSE
"A","gene0252",67.4512492540473,TRUE,0.662480000430605,8.17655105948834e-11,179,"",TRUE,0.662334251864739,"saddlepoint",FALSE
"A","gene0253",31.1569907820636,TRUE,0.275321872847481,8.86326186597987e-11,110,"",TRUE,0.274708305072349,"saddlepoint",FALSE
"A","gene0254",88.4229098762153,TRUE,0.131576232562413,8.44225698463236e-11,178,"",TRUE,0.131463008640647,"saddlepoint",FALSE
"A","gene0255",35.504456140129,TRUE,0.176293026018635,7.93614262847853e-11,115,"",TRUE,0.175743744686745,"saddlepoint",FALSE
"A","gene0256",64.8408741457815,TRUE,0.682876699525565,8.49415042968558e-11,172,"",TRUE,0.682733159549906,"saddlepoint",FALSE
"A","gene0257",24.2515375354361,TRUE,0.683657478765212,9.43138894348057e-11,119,"",TRUE,0.683158833145873,"saddlepoint",FALSE
"A","gene0258",64.7527554998184,TRUE,0.657359316157842,9.33635399893995e-11,179,"",TRUE,0.657204036161841,"saddlepoint",FALSE
"A","gene0259",27.6894881200536,TRUE,0.56340406067867,9.79473833854008e-11,118,"",TRUE,0.562855278675191,"saddlepoint",FALSE
"A","gene0260",61.6615776500123,TRUE,0.718438746944529,9.17840944848931e-11,174,"",TRUE,0.718297276789489,"saddlepoint",FALSE
"A","gene0261",27.6993115001547,TRUE,0.608492014728624,9.11124019655797e-11,122,"",TRUE,0.607962890243312,"saddlepoint",FALSE
"A","gene0262",78.8218257395293,TRUE,0.218808093381089,9.23013562825238e-11,172,"",TRUE,0.218651372823614,"saddlepoint",FALSE
"A","gene0263",17.2706162935585,TRUE,0.973925471523934,9.99149896933199e-11,126,"",TRUE,0.973877026618941,"saddlepoint",FALSE
"A","gene0264",54.1249299884445,TRUE,0.85732445752517,9.66953955599224e-11,174,"",TRUE,0.857233854706086,"saddlepoint",FALSE
"A","gene0265",45.0835270802676,TRUE,0.101675095893242,9.48405282801858e-11,123,"",TRUE,0.101369321463438,"saddlepoint",FALSE
"A","gene0266",54.1543553988292,TRUE,0.837297824845607,8.24368360033412e-11,175,"",TRUE,0.837190484954303,"saddlepoint",FALSE
"A","gene0267",37.0060053111056,TRUE,0.336959875378875,8.02541820976374e-11,127,"",TRUE,0.336434079469337,"saddlepoint",FALSE
"A","gene0268",66.0482282416584,TRUE,0.466990934183519,8.41297220690457e-11,173,"",TRUE,0.466783204383529,"saddlepoint",FALSE
"A","gene0269",35.5759672585488,TRUE,0.433072341439365,8.0585627092785e-11,131,"",TRUE,0.432538687913227,"saddlepoint",FALSE
"A","gene0270",40.1666396462892,TRUE,0.986906525405135,9.18950242507002e-11,171,"",TRUE,0.986894896930824,"saddlepoint",FALSE
"A","gene0271",48.6379000600569,TRUE,0.102458138087482,8.17306701375413e-11,134,"",TRUE,0.102172743560458,"saddlepoint",FALSE
"A","gene0272",49.5066633500692,TRUE,0.877740913225516,8.64712474801105e-11,171,"",TRUE,0.877648296800401,"saddlepoint",FALSE
"A","gene0273",35.6900107496518,TRUE,0.512707881442729,8.10017784184242e-11,134,"",TRUE,0.512262500689852,"saddlepoint",FALSE
"A","gene0274",68.0424410945061,TRUE,0.321573319597203,8.21065058390774e-11,174,"",TRUE,0.32136039400858,"saddlepoint",FALSE
"A","gene0275",40.5959505015256,TRUE,0.359604401614707,8.41982401768998e-11,137,"",TRUE,0.359148282244274,"saddlepoint",FALSE
"A","gene0276",79.0663015879189,TRUE,0.0972804148012941,8.80453418505844e-11,169,"",TRUE,0.0971610303956546,"saddlepoint",FALSE
"A","gene0277",37.2076477752681,TRUE,0.531134717546837,8.11338166247476e-11,141,"",TRUE,0.530700457967501,"saddlepoint",FALSE
"A","gene0278",57.5213884179515,TRUE,0.579440797948485,9.90321150280173e-11,172,"",TRUE,0.579220160745037,"saddlepoint",FALSE
"A","gene0279",54.4715769767737,TRUE,0.0880853712979778,8.10008783679907e-11,142,"",TRUE,0.087885193445868,"saddlepoint",FALSE
"A","gene0280",57.5966778901712,TRUE,0.544295291949393,9.94846336387079e-11,168,"",TRUE,0.544056565888205,"saddlepoint",FALSE
"A","gene0281",34.2547180314786,TRUE,0.726228107083946,8.30619202433526e-11,144,"",TRUE,0.725916039679691,"saddlepoint",FALSE
"A","gene0282",57.8594342833485,TRUE,0.503125273880386,8.17163916286105e-11,169,"",TRUE,0.502875140957565,"saddlepoint",FALSE
"A","gene0283",32.1959307381341,TRUE,0.827219206692163,9.2295191996862e-11,144,"",TRUE,0.827004994322983,"saddlepoint",FALSE
"A","gene0284",53.9548070695609,TRUE,0.599700741781342,8.28104894769546e-11,168,"",TRUE,0.599454575955796,"saddlepoint",FALSE
"A","gene0285",33.9144818324433,TRUE,0.800719474872668,9.50913949904035e-11,146,"",TRUE,0.800493669505792,"saddlepoint",FALSE
"A","gene0286",77.1713722338857,TRUE,0.0616168963003188,8.26729511130102e-11,168,"",TRUE,0.0615152360174525,"saddlepoint",FALSE
"A","gene0287",26.8768763290278,TRUE,0.966351956552334,9.57770276933598e-11,148,"",TRUE,0.966302755738586,"saddlepoint",FALSE
"A","gene0288",52.6523776934953,TRUE,0.577522664344714,8.90734410058727e-11,175,"",TRUE,0.577251239954637,"saddlepoint",FALSE
"A","gene0289",38.7365124568939,TRUE,0.697140710303573,8.84197075908151e-11,150,"",TRUE,0.696852091032181,"saddlepoint",FALSE
"A","gene0290",47.2643285303234,TRUE,0.724035507816817,9.36992206913845e-11,168,"",TRUE,0.723814103024221,"saddlepoint",FALSE
"A","gene0291",32.346197018299,TRUE,0.908508818533283,8.58824005835201e-11,153,"",TRUE,0.908394243983881,"saddlepoint",FALSE
"A","gene0292",48.4239463373413,TRUE,0.655448804340828,9.07544232906649e-11,164,"",TRUE,0.655199778917089,"saddlepoint",FALSE
"A","gene0293",44.5706187550441,TRUE,0.551166782509075,8.95143836441778e-11,155,"",TRUE,0.550829318435558,"saddlepoint",FALSE
"A","gene0294",46.4441593263046,TRUE,0.689857277450214,8.56253301226816e-11,166,"",TRUE,0.689610489276794,"saddlepoint",FALSE
"A","gene0295",58.4280206862006,TRUE,0.17062055872694,8.70054608871282e-11,157,"",TRUE,0.170360193351775,"saddlepoint",FALSE
"A","gene0296",55.1847677275413,TRUE,0.360724610383979,9.7506384477003e-11,164,"",TRUE,0.360420194787984,"saddlepoint",FALSE
"A","gene0297",48.1099539461276,TRUE,0.494005658447497,9.12903496286949e-11,162,"",TRUE,0.493659323195273,"saddlepoint",FALSE
"A","gene0298",56.6272019949292,TRUE,0.288579053525572,9.44265491535992e-11,163,"",TRUE,0.288268318705681,"saddlepoint",FALSE
"A","gene0299",56.0033709823383,TRUE,0.276914311429262,8.41388499129257e-11,163,"",TRUE,0.276604436573132,"saddlepoint",FALSE
"A","gene0300",56.6674297631709,TRUE,0.259803087782659,9.0675288783558e-11,162,"",TRUE,0.259504061148557,"saddlepoint",FALSE
"A","gene0301",76.109038443978,TRUE,0.0275643202393294,9.67602708568972e-11,165,"",TRUE,0.0275006928463497,"saddlepoint",FALSE
"A","gene0302",66.3071926773303,TRUE,0.0755775215448111,8.53016749033028e-11,164,"",TRUE,0.0754329605942982,"saddlepoint",FALSE
"A","gene0303",51.7326882635579,TRUE,0.472404042556829,9.34678608382339e-11,172,"",TRUE,0.472068207022566,"saddlepoint",FALSE
"A","gene0304",62.6557016352649,TRUE,0.103949540475468,9.35116954573281e-11,159,"",TRUE,0.103748143308563,"saddlepoint",FALSE
"A","gene0305",77.7427406967562,TRUE,0.0310078937208441,8.41549054834273e-11,170,"",TRUE,0.0309428504407013,"saddlepoint",FALSE
"A","gene0306",53.7734185274167,TRUE,0.25132130500748,9.92432514748849e-11,160,"",TRUE,0.250990399310113,"saddlepoint",FALSE
"A","gene0307",50.1901045283722,TRUE,0.593273569266926,8.40483125263101e-11,175,"",TRUE,0.592984978313391,"saddlepoint",FALSE
"A","gene0308",45.1674024104331,TRUE,0.491568865423863,9.14025000435179e-11,159,"",TRUE,0.491190852037076,"saddlepoint",FALSE
"A","gene0309",51.3919102415342,TRUE,0.586106575435778,9.04543760314909e-11,176,"",TRUE,0.585832350907531,"saddlepoint",FALSE
"A","gene0310",36.6651598555583,TRUE,0.766433462915128,9.0005162556913e-11,164,"",TRUE,0.766164076011136,"saddlepoint",FALSE
"A","gene0311",32.7473504784849,TRUE,0.987651830011098,8.312298901492e-11,178,"",TRUE,0.987636503438122,"saddlepoint",FALSE
"A","gene0312",43.0629161958993,TRUE,0.495069875941965,8.34265083773413e-11,158,"",TRUE,0.494658374221246,"saddlepoint",FALSE
"A","gene0313",49.5559939772954,TRUE,0.70823493137028,8.95721072183622e-11,181,"",TRUE,0.708011049961975,"saddlepoint",FALSE
"A","gene0314",37.5087797739946,TRUE,0.670169024054122,9.42606903447073e-11,158,"",TRUE,0.669809407700348,"saddlepoint",FALSE
"A","gene0315",77.9918419007676,TRUE,0.0666823851044075,9.59969506230535e-11,186,"",TRUE,0.06657168042656,"saddlepoint",FALSE
"A","gene0316",20.725716395273,TRUE,0.994102482316957,9.44207022139133e-11,158,"",TRUE,0.994092162883883,"saddlepoint",FALSE
"A","gene0317",58.0090706361115,TRUE,0.496827086528317,8.38025218880337e-11,187,"",TRUE,0.496549258709315,"saddlepoint",FALSE
"A","gene0318",37.8355171816444,TRUE,0.582668965723527,9.39644583387682e-11,153,"",TRUE,0.582240956133307,"saddlepoint",FALSE
"A","gene0319",52.360235820079,TRUE,0.708056175843764,8.54586656973653e-11,189,"",TRUE,0.707841682612587,"saddlepoint",FALSE
"A","gene0320",22.7468560405188,TRUE,0.975149589325954,9.56137100917298e-11,158,"",TRUE,0.975103901380475,"saddlepoint",FALSE
"A","gene0321",66.9423674474194,TRUE,0.297450155586139,8.55730454486954e-11,190,"",TRUE,0.29720099974742,"saddlepoint",FALSE
"A","gene0322",33.3187500959575,TRUE,0.68705534047868,8.71107523679575e-11,153,"",TRUE,0.686655675394307,"saddlepoint",FALSE
"A","gene0323",71.3103977987483,TRUE,0.222815692724649,8.90155948626327e-11,193,"",TRUE,0.222588849105532,"saddlepoint",FALSE
"A","gene0324",46.4975918291655,TRUE,0.18856582777382,9.92301435248297e-11,153,"",TRUE,0.188176168859094,"saddlepoint",FALSE
"A","gene0325",64.9718810291533,TRUE,0.4075395131158,9.12764752561239e-11,196,"",TRUE,0.407275530620629,"saddlepoint",FALSE
"A","gene0326",43.5699675137206,TRUE,0.233961307297778,9.42341671817011e-11,154,"",TRUE,0.233490114731994,"saddlepoint",FALSE
"A","gene0327",57.9294864584879,TRUE,0.653661930230785,8.63614751001225e-11,197,"",TRUE,0.653437455540736,"saddlepoint",FALSE
"A","gene0328",34.644983676855,TRUE,0.511409806691713,9.71653794749894e-11,149,"",TRUE,0.510848081534145,"saddlepoint",FALSE
"A","gene0329",63.6583564660865,TRUE,0.506989606764611,9.36583298438189e-11,200,"",TRUE,0.506742569299991,"saddlepoint",FALSE
"A","gene0330",32.5020713303134,TRUE,0.560690199762443,8.92117991892899e-11,152,"",TRUE,0.56011784614099,"saddlepoint",FALSE
"A","gene0331",61.1991811052864,TRUE,0.612414197224606,8.99060747724945e-11,202,"",TRUE,0.612188922327959,"saddlepoint",FALSE
"A","gene0332",38.3930342660949,TRUE,0.290863452535764,9.87950190406428e-11,150,"",TRUE,0.290270563286366,"saddlepoint",FALSE
"A","gene0333",80.8893111356477,TRUE,0.151847262922646,9.5133238472208e-11,209,"",TRUE,0.151683318511843,"saddlepoint",FALSE
"A","gene0334",20.4794667860999,TRUE,0.9305591501659,8.26404687411832e-11,150,"",TRUE,0.930407137616882,"saddlepoint",FALSE
"A","gene0335",70.0727977558114,TRUE,0.408068170398938,9.58778103568245e-11,211,"",TRUE,0.407826933306105,"saddlepoint",FALSE
"A","gene0336",29.8325217517031,TRUE,0.548360838985529,9.326848912335e-11,148,"",TRUE,0.547692640491239,"saddlepoint",FALSE
"A","gene0337",91.1071474055906,TRUE,0.0659844680320346,9.29855473760614e-11,210,"",TRUE,0.0658925897442518,"saddlepoint",FALSE
"A","gene0338",21.6819599624491,TRUE,0.854324362080726,9.34578059472863e-11,146,"",TRUE,0.85400806033929,"saddlepoint",FALSE
"A","gene0339",68.858402223599,TRUE,0.500250545527254,8.71800453008942e-11,217,"",TRUE,0.50002119157307,"saddlepoint",FALSE
"A","gene0340",26.7757431550394,TRUE,0.598993184081896,8.34594006860097e-11,148,"",TRUE,0.59827452470065,"saddlepoint",FALSE
"A","gene0341",81.0485022992271,TRUE,0.223564174273419,9.01512644917168e-11,213,"",TRUE,0.223383295825203,"saddlepoint",FALSE
"A","gene0342",10.1656827346865,TRUE,0.998623396990389,9.35443901701506e-11,146,"",TRUE,0.998619938000803,"saddlepoint",FALSE
"A","gene0343",81.7568221692206,TRUE,0.230663672997721,9.82170592685877e-11,221,"",TRUE,0.23047823318458,"saddlepoint",FALSE
"A","gene0344",33.146211431879,TRUE,0.249119702866791,8.24086975417283e-11,146,"",TRUE,0.248314718842028,"saddlepoint",FALSE
"A","gene0345",67.5175140001686,TRUE,0.624842732559685,9.4894698923851e-11,224,"",TRUE,0.624652629975733,"saddlepoint",FALSE
"A","gene0346",43.5998849501301,TRUE,0.0435567111447094,9.53758419897782e-11,140,"",TRUE,0.043249222962402,"saddlepoint",FALSE
"A","gene0347",67.6178840694387,TRUE,0.648418833946771,9.99237490710916e-11,224,"",TRUE,0.648226563520203,"saddlepoint",FALSE
"A","gene0348",40.645616167673,TRUE,0.0581655451942448,9.53996724282688e-11,144,"",TRUE,0.057784067355151,"saddlepoint",FALSE
"A","gene0349",73.3230999935515,TRUE,0.515040105501709,9.57979722025076e-11,222,"",TRUE,0.514831984072935,"saddlepoint",FALSE
"A","gene0350",26.3097420197987,TRUE,0.385682315037937,8.80716682308963e-11,143,"",TRUE,0.384669738264816,"saddlepoint",FALSE
"A","gene0351",92.1147204644289,TRUE,0.135824349551933,9.80226005074282e-11,232,"",TRUE,0.135694600794027,"saddlepoint",FALSE
"A","gene0352",31.5139482000607,TRUE,0.16667019606324,8.62150633003378e-11,140,"",TRUE,0.16582755137303,"saddlepoint",FALSE
"A","gene0353",107.472761027141,TRUE,0.0298955184778073,8.91864024039207e-11,235,"",TRUE,0.0298520661848202,"saddlepoint",FALSE
"A","gene0354",21.6650777313718,TRUE,0.511867106692678,9.96752533483948e-11,141,"",TRUE,0.510735343462784,"saddlepoint",FALSE
"A","gene0355",83.8508514947037,TRUE,0.321864598011182,9.02780134719519e-11,244,"",TRUE,0.321661247857442,"saddlepoint",FALSE
"A","gene0356",27.4696446549441,TRUE,0.215113243778391,9.61794556757906e-11,139,"",TRUE,0.214011801402604,"saddlepoint",FALSE
"A","gene0357",83.0440933870538,TRUE,0.365351128150343,9.95844581385026e-11,238,"",TRUE,0.365152117931535,"saddlepoint",FALSE
"A","gene0358",25.5755102119576,TRUE,0.240292659560798,8.63169475674198e-11,132,"",TRUE,0.239152551333876,"saddlepoint",FALSE
"A","gene0359",13.4576568349854,TRUE,0.814216821558065,8.35436450379555e-11,130,"",TRUE,0.813532536461676,"saddlepoint",FALSE
"A","gene0360",76.1591771101113,TRUE,0.572402764583708,9.16768184261972e-11,246,"",TRUE,0.572201827885077,"saddlepoint",FALSE
"A","gene0361",30.1402907777442,TRUE,0.118874095092485,8.61840643339232e-11,139,"",TRUE,0.118060312217631,"saddlepoint",FALSE
"A","gene0362",95.158239393714,TRUE,0.140294339427677,8.74466076264922e-11,242,"",TRUE,0.140164447222556,"saddlepoint",FALSE
"A","gene0363",17.8388984285089,TRUE,0.669456029943644,9.97607711500023e-11,140,"",TRUE,0.668433021960441,"saddlepoint",FALSE
"A","gene0364",70.7079497932605,TRUE,0.666926112994021,8.58314927920829e-11,245,"",TRUE,0.666740763427125,"saddlepoint",FALSE
"A","gene0365",27.1450275891779,TRUE,0.264907932489634,8.71002671029575e-11,148,"",TRUE,0.263765993999839,"saddlepoint",FALSE
"A","gene0366",78.8367559561463,TRUE,0.419535443213913,9.52684538245777e-11,248,"",TRUE,0.419316090386635,"saddlepoint",FALSE
"A","gene0367",12.5482305145178,TRUE,0.952515735402663,9.74627016462129e-11,149,"",TRUE,0.952346408126884,"saddlepoint",FALSE
"A","gene0368",93.2409790469436,TRUE,0.123704239911341,9.10807577904522e-11,241,"",TRUE,0.123570159030292,"saddlepoint",FALSE
"A","gene0369",18.5261200859881,TRUE,0.770560434000891,8.88229135425148e-11,148,"",TRUE,0.769907262792068,"saddlepoint",FALSE
"A","gene0370",69.7506506228647,TRUE,0.614110803625207,9.09787903108535e-11,242,"",TRUE,0.613906326034392,"saddlepoint",FALSE
"A","gene0371",32.4670357766763,TRUE,0.203854828277765,8.41413019987691e-11,152,"",TRUE,0.203001688692209,"saddlepoint",FALSE
"A","gene0372",58.4906548578609,TRUE,0.862644489030102,9.04274001598676e-11,244,"",TRUE,0.862535269033939,"saddlepoint",FALSE
"A","gene0373",26.1441792616017,TRUE,0.486854443822087,8.37540765907807e-11,156,"",TRUE,0.485923245079579,"saddlepoint",FALSE
"A","gene0374",79.6417329428662,TRUE,0.299262888265363,9.90255043763211e-11,237,"",TRUE,0.299040666891161,"saddlepoint",FALSE
"A","gene0375",39.2116818704987,TRUE,0.109513862526964,9.85324310207383e-11,152,"",TRUE,0.108975842338592,"saddlepoint",FALSE
"A","gene0376",93.0755980108346,TRUE,0.0810155335039154,8.9729979468791e-11,241,"",TRUE,0.0809139122826139,"saddlepoint",FALSE
"A","gene0377",17.2589505185536,TRUE,0.929181939480935,8.67112819264229e-11,167,"",TRUE,0.928972912065276,"saddlepoint",FALSE
"A","gene0378",98.1612626250372,TRUE,0.0408254006161205,9.38214372186476e-11,238,"",TRUE,0.0407588130020962,"saddlepoint",FALSE
"A","gene0379",32.8859224823232,TRUE,0.333815726384317,9.56090029737879e-11,168,"",TRUE,0.332980880399962,"saddlepoint",FALSE
"A","gene0380",48.349418271727,TRUE,0.954632538870089,9.6651878720485e-11,240,"",TRUE,0.954585322902667,"saddlepoint",FALSE
"A","gene0381",31.4161319819175,TRUE,0.432469375247307,9.72426955040025e-11,165,"",TRUE,0.431648391921231,"saddlepoint",FALSE
"A","gene0382",78.1092664855565,TRUE,0.242188692228497,9.62648273811553e-11,238,"",TRUE,0.241962548171265,"saddlepoint",FALSE
"A","gene0383",63.6542333618335,TRUE,0.00483162704546885,8.86833980816987e-11,167,"",TRUE,0.00478964265157794,"saddlepoint",FALSE
"A","gene0384",62.5666956956645,TRUE,0.624128835659157,8.75273519569848e-11,245,"",TRUE,0.623890605230138,"saddlepoint",FALSE
"A","gene0385",34.3630311539438,TRUE,0.397111560108139,9.81999139664826e-11,171,"",TRUE,0.396342320637195,"saddlepoint",FALSE
"A","gene0386",65.2598739651904,TRUE,0.515483905198626,8.9374445127674e-11,239,"",TRUE,0.51519261498076,"saddlepoint",FALSE
"A","gene0387",26.1048879355241,TRUE,0.779647025194659,9.72178758936598e-11,177,"",TRUE,0.779166283832538,"saddlepoint",FALSE
"A","gene0388",42.8629487481126,TRUE,0.971541101272127,9.26379812161808e-11,239,"",TRUE,0.971506090595993,"saddlepoint",FALSE
"A","gene0389",35.6696774610341,TRUE,0.42636204562146,9.33110637910996e-11,179,"",TRUE,0.425656588377579,"saddlepoint",FALSE
"A","gene0390",45.0662972786567,TRUE,0.945292628492666,9.6290635621249e-11,236,"",TRUE,0.945228867747574,"saddlepoint",FALSE
"A","gene0391",31.5028131324946,TRUE,0.637462083293054,8.52486451113736e-11,183,"",TRUE,0.636885204255191,"saddlepoint",FALSE
"A","gene0392",56.8154110681803,TRUE,0.679140799669277,9.38093959066896e-11,235,"",TRUE,0.678878370861479,"saddlepoint",FALSE
"A","gene0393",37.8530862048155,TRUE,0.42120352713922,9.22590817761457e-11,184,"",TRUE,0.420526552584704,"saddlepoint",FALSE
"A","gene0394",63.9380476128884,TRUE,0.436735885709892,9.36664922056643e-11,230,"",TRUE,0.43641882068779,"saddlepoint",FALSE
"A","gene0395",20.4813229615983,TRUE,0.978489637118503,9.48936874716443e-11,191,"",TRUE,0.978437093995485,"saddlepoint",FALSE
"A","gene0396",88.0246181128539,TRUE,0.0399673385702715,8.78135247893777e-11,232,"",TRUE,0.0398776714379016,"saddlepoint",FALSE
"A","gene0397",38.4798049676509,TRUE,0.474069334174309,9.82331247053291e-11,192,"",TRUE,0.47345964878023,"saddlepoint",FALSE
"A","gene0398",62.0109917566713,TRUE,0.433468046319852,8.65816054376918e-11,237,"",TRUE,0.433125276031356,"saddlepoint",FALSE
"A","gene0399",50.4965227621245,TRUE,0.159551784203434,8.9499481773208e-11,191,"",TRUE,0.159144410268613,"saddlepoint",FALSE
"A","gene0400",61.1775802272886,TRUE,0.428017077345235,8.7315596593307e-11,234,"",TRUE,0.427657642130505,"saddlepoint",FALSE
"A","gene0401",41.5190711533295,TRUE,0.436706533092817,9.43449979056397e-11,198,"",TRUE,0.43610975045431,"saddlepoint",FALSE
"A","gene0402",44.7920677666901,TRUE,0.86817050464211,8.94975169278209e-11,231,"",TRUE,0.868012221656973,"saddlepoint",FALSE
"A","gene0403",37.3487097807252,TRUE,0.630433862617779,9.76907545743172e-11,196,"",TRUE,0.629942562317487,"saddlepoint",FALSE
"A","gene0404",45.0404079122921,TRUE,0.843483550761559,8.85032825021295e-11,231,"",TRUE,0.843299358362981,"saddlepoint",FALSE
"A","gene0405",58.1970577563108,TRUE,0.0970119833518103,9.74155690467403e-11,206,"",TRUE,0.0967192214183208,"saddlepoint",FALSE
"A","gene0406",66.1436056268457,TRUE,0.223996470769405,9.76935784872957e-11,232,"",TRUE,0.223682377195557,"saddlepoint",FALSE
"A","gene0407",44.6747507241064,TRUE,0.433465803419898,9.92915786483112e-11,205,"",TRUE,0.432923844071891,"saddlepoint",FALSE
"A","gene0408",55.5301057929149,TRUE,0.476021595951661,8.74416459378802e-11,227,"",TRUE,0.475640260767774,"saddlepoint",FALSE
"A","gene0409",46.8601338444677,TRUE,0.394777274820707,9.68788225097668e-11,214,"",TRUE,0.394258033498926,"saddlepoint",FALSE
"A","gene0410",93.0338662349374,TRUE,0.0068915021798335,9.45385281560587e-11,234,"",TRUE,0.00686480857717853,"saddlepoint",FALSE
"A","gene0411",60.6838838039398,TRUE,0.109779398063884,9.48136946016774e-11,213,"",TRUE,0.109524917158367,"saddlepoint",FALSE
"A","gene0412",47.9848278532989,TRUE,0.656105610843084,9.39226781201605e-11,227,"",TRUE,0.655756206859066,"saddlepoint",FALSE
"A","gene0413",49.8422718165427,TRUE,0.366413768706597,9.45189816171921e-11,222,"",TRUE,0.365924082086232,"saddlepoint",FALSE
"A","gene0414",57.7588330108041,TRUE,0.320596627204234,8.85756604239278e-11,232,"",TRUE,0.32018491308817,"saddlepoint",FALSE
"A","gene0415",33.8004300893474,TRUE,0.898524510531422,9.75975950989576e-11,216,"",TRUE,0.898354275252318,"saddlepoint",FALSE
"A","gene0416",49.5176971792872,TRUE,0.541091759444969,8.70734757083338e-11,224,"",TRUE,0.540660958022992,"saddlepoint",FALSE
"A","gene0417",62.6866968382525,TRUE,0.130042532896462,9.36271118143553e-11,221,"",TRUE,0.129742359272537,"saddlepoint",FALSE
"A","gene0418",59.6919808708864,TRUE,0.22300234328218,8.96337396666391e-11,229,"",TRUE,0.222619582013241,"saddlepoint",FALSE
"A","gene0419",39.1769969638306,TRUE,0.810341807671336,8.9566200701767e-11,229,"",TRUE,0.810072975769308,"saddlepoint",FALSE
"A","gene0420",60.2317387436323,TRUE,0.190127674630428,9.75918597236752e-11,223,"",TRUE,0.189785787040337,"saddlepoint",FALSE
"A","gene0421",44.6829014496109,TRUE,0.670680987510564,8.70644689156264e-11,225,"",TRUE,0.670313711923435,"saddlepoint",FALSE
"A","gene0422",50.4147942964712,TRUE,0.41276739695605,9.23224006466918e-11,228,"",TRUE,0.412266683088345,"saddlepoint",FALSE
"A","gene0423",44.2945224934427,TRUE,0.711578157321124,9.79003400699771e-11,236,"",TRUE,0.711218118767714,"saddlepoint",FALSE
"A","gene0424",39.1565964814229,TRUE,0.758174347507939,9.71229391940991e-11,218,"",TRUE,0.757832303032494,"saddlepoint",FALSE
"A","gene0425",63.7564822772083,TRUE,0.186746407694531,9.14335557679162e-11,235,"",TRUE,0.186420765970442,"saddlepoint",FALSE
"A","gene0426",44.6711838306585,TRUE,0.537558410957195,8.76701200243184e-11,220,"",TRUE,0.537049730405668,"saddlepoint",FALSE
"A","gene0427",67.6919314724431,TRUE,0.141047750903485,9.51162634982641e-11,243,"",TRUE,0.140759985434392,"saddlepoint",FALSE
"A","gene0428",38.6848356086665,TRUE,0.712996023768942,9.83641696198322e-11,226,"",TRUE,0.712564866619149,"saddlepoint",FALSE
"A","gene0429",39.3555843676281,TRUE,0.902651388404443,9.66175245278172e-11,238,"",TRUE,0.902505251156789,"saddlepoint",FALSE
"A","gene0430",56.4227838222142,TRUE,0.158717032969965,9.30352679661198e-11,221,"",TRUE,0.158334052215883,"saddlepoint",FALSE
"A","gene0431",55.5601452399462,TRUE,0.473820258724326,8.9307374863401e-11,252,"",TRUE,0.473390816515206,"saddlepoint",FALSE
"A","gene0432",44.8807432913659,TRUE,0.425869154909557,9.50645860859148e-11,215,"",TRUE,0.425314912445795,"saddlepoint",FALSE
"A","gene0433",48.5320064895803,TRUE,0.723763479010195,9.917980342165e-11,248,"",TRUE,0.723461029201376,"saddlepoint",FALSE
"A","gene0434",42.8544190188946,TRUE,0.460097088721384,9.73529328440921e-11,230,"",TRUE,0.459470884334899,"saddlepoint",FALSE
"A","gene0435",70.9247454026752,TRUE,0.160960153332844,9.60137965227287e-11,255,"",TRUE,0.160702718756696,"saddlepoint",FALSE
"A","gene0436",24.7359419890237,TRUE,0.963275935320175,8.86803319579549e-11,215,"",TRUE,0.963189317685954,"saddlepoint",FALSE
"A","gene0437",50.5287074281412,TRUE,0.718491319699549,8.80923287332851e-11,254,"",TRUE,0.718181806806214,"saddlepoint",FALSE
"A","gene0438",37.3859095192466,TRUE,0.587288092979579,9.59814813348767e-11,219,"",TRUE,0.586673299018936,"saddlepoint",FALSE
"A","gene0439",67.2736652936408,TRUE,0.27183379565627,8.88209942336189e-11,265,"",TRUE,0.2714871436901,"saddlepoint",FALSE
"A","gene0440",34.2610429175846,TRUE,0.669827838671968,9.50421423962129e-11,217,"",TRUE,0.669255396205183,"saddlepoint",FALSE
"A","gene0441",75.6747539662352,TRUE,0.141395629317531,9.0620893167942e-11,264,"",TRUE,0.141160681584926,"saddlepoint",FALSE
"A","gene0442",48.3395165636796,TRUE,0.183692672608508,9.48596273146057e-11,218,"",TRUE,0.183166440070812,"saddlepoint",FALSE
"A","gene0443",61.6889227747776,TRUE,0.471193312066982,9.60324408427575e-11,262,"",TRUE,0.470837757615951,"saddlepoint",FALSE
"A","gene0444",53.7416316215499,TRUE,0.084029752347502,9.9109153392854e-11,217,"",TRUE,0.0836488229599291,"saddlepoint",FALSE
"A","gene0445",53.2763918305659,TRUE,0.744353696450864,9.26945823700662e-11,277,"",TRUE,0.744093056085122,"saddlepoint",FALSE
"A","gene0446",29.5575273535071,TRUE,0.741009308917142,9.23235721813492e-11,219,"",TRUE,0.740453436305122,"saddlepoint",FALSE
"A","gene0447",56.6623760554665,TRUE,0.676497998907913,8.82015267029621e-11,273,"",TRUE,0.676209501424926,"saddlepoint",FALSE
"A","gene0448",42.2923246432061,TRUE,0.246683239553664,9.77711097846501e-11,215,"",TRUE,0.245982591599664,"saddlepoint",FALSE
"A","gene0449",46.6565651915835,TRUE,0.917760364118522,9.12990472611529e-11,283,"",TRUE,0.917649486054949,"saddlepoint",FALSE
"A","gene0450",38.9548935021284,TRUE,0.311414936824367,9.82359740970586e-11,215,"",TRUE,0.31061447635742,"saddlepoint",FALSE
"A","gene0451",56.5125090275555,TRUE,0.730076701283268,9.4201442707529e-11,286,"",TRUE,0.72979800495651,"saddlepoint",FALSE
"A","gene0452",64.3216791068007,TRUE,0.00897188176326823,9.53152353051767e-11,210,"",TRUE,0.00889788190167456,"saddlepoint",FALSE
"A","gene0453",43.4937254285213,TRUE,0.96827053368155,9.96628354930224e-11,286,"",TRUE,0.968225666173281,"saddlepoint",FALSE
"A","gene0454",38.7310867723944,TRUE,0.253296501677517,9.47554096818182e-11,206,"",TRUE,0.25250177645222,"saddlepoint",FALSE
"A","gene0455",81.9958328517221,TRUE,0.164230088739323,9.09607332489314e-11,292,"",TRUE,0.164000487297482,"saddlepoint",FALSE
"A","gene0456",31.7021885168011,TRUE,0.459690390924164,9.54483385775043e-11,210,"",TRUE,0.458731794975863,"saddlepoint",FALSE
"A","gene0457",60.7251317879322,TRUE,0.692918069223121,9.14880529732758e-11,286,"",TRUE,0.692650423544467,"saddlepoint",FALSE
"A","gene0458",22.6810850459893,TRUE,0.799176462754653,8.99591444088535e-11,206,"",TRUE,0.798581724306161,"saddlepoint",FALSE
"A","gene0459",62.5279192638997,TRUE,0.66947448488451,9.05181759083308e-11,293,"",TRUE,0.669205255665113,"saddlepoint",FALSE
"A","gene0460",45.8763367528442,TRUE,0.0654747296298088,8.98207592288022e-11,203,"",TRUE,0.0650727508542787,"saddlepoint",FALSE
"A","gene0461",76.1570315176064,TRUE,0.335061301959833,8.939330764339e-11,302,"",TRUE,0.334761414513343,"saddlepoint",FALSE
"A","gene0462",14.929513265122,TRUE,0.965266614877501,8.88007792841129e-11,203,"",TRUE,0.965134346472814,"saddlepoint",FALSE
"A","gene0463",55.1411856564096,TRUE,0.878155947470771,9.28861460945847e-11,301,"",TRUE,0.878022378470329,"saddlepoint",FALSE
"A","gene0464",39.3578327871823,TRUE,0.115347564152218,9.01130497261635e-11,202,"",TRUE,0.114680483909477,"saddlepoint",FALSE
"A","gene0465",63.8567863105786,TRUE,0.708155430601146,9.4206727271548e-11,308,"",TRUE,0.707910887922796,"saddlepoint",FALSE
"A","gene0466",14.4958664196593,TRUE,0.94792303606513,9.54550756471738e-11,198,"",TRUE,0.947702751927696,"saddlepoint",FALSE
"A","gene0467",83.1486666716043,TRUE,0.255247340561079,9.51593541920377e-11,306,"",TRUE,0.254986027011452,"saddlepoint",FALSE
"A","gene0468",30.8165397627911,TRUE,0.258530593415312,9.57125008589632e-11,204,"",TRUE,0.257303056705052,"saddlepoint",FALSE
"A","gene0469",77.8194914620557,TRUE,0.393979855519771,9.38828295161433e-11,317,"",TRUE,0.393684466051852,"saddlepoint",FALSE
"A","gene0470",12.2867382964452,TRUE,0.962467137237792,8.96608413599245e-11,199,"",TRUE,0.962294764610048,"saddlepoint",FALSE
"A","gene0471",65.7851437468418,TRUE,0.729363764991961,9.49730119851819e-11,311,"",TRUE,0.729143661329897,"saddlepoint",FALSE
"A","gene0472",19.4311038722478,TRUE,0.666754783651943,9.79552270460177e-11,196,"",TRUE,0.665564365729158,"saddlepoint",FALSE
"A","gene0473",63.2739489227148,TRUE,0.805615756290512,9.81986734223568e-11,321,"",TRUE,0.80543642181137,"saddlepoint",FALSE
"A","gene0474",31.3905047076017,TRUE,0.151679149125091,9.16365763652116e-11,189,"",TRUE,0.150621117903857,"saddlepoint",FALSE
"A","gene0475",74.3338499596493,TRUE,0.559560502546068,9.35972647585388e-11,321,"",TRUE,0.559293531634881,"saddlepoint",FALSE
"A","gene0476",22.3337278788614,TRUE,0.4209648405874,9.94123673897333e-11,185,"",TRUE,0.41936971626938,"saddlepoint",FALSE
"A","gene0477",62.8871504247823,TRUE,0.848564947647388,9.08871068141213e-11,328,"",TRUE,0.848419514816779,"saddlepoint",FALSE
"A","gene0478",25.0160699574574,TRUE,0.265276257592906,9.96446597109624e-11,194,"",TRUE,0.263479177334021,"saddlepoint",FALSE
"A","gene0479",22.6953825666107,TRUE,0.310845907883933,9.84496159725165e-11,190,"",TRUE,0.308873274590351,"saddlepoint",FALSE
"A","gene0480",80.2632601395975,TRUE,0.458751450590745,9.31685290982837e-11,336,"",TRUE,0.458476270259878,"saddlepoint",FALSE
"A","gene0481",29.5330906756571,TRUE,0.141114233065886,9.33365786460853e-11,191,"",TRUE,0.139870075737452,"saddlepoint",FALSE
"A","gene0482",94.9209286342779,TRUE,0.156669536395745,9.90884862226218e-11,333,"",TRUE,0.15648850668662,"saddlepoint",FALSE
"A","gene0483",46.091513626588,TRUE,0.0124194854849911,9.6334720148944e-11,199,"",TRUE,0.0122303953861232,"saddlepoint",FALSE
"A","gene0484",76.0788050117947,TRUE,0.51377870044726,9.57977837681701e-11,329,"",TRUE,0.51349530384377,"saddlepoint",FALSE
"A","gene0485",15.7594054685101,TRUE,0.799473899864549,9.75059201674226e-11,210,"",TRUE,0.798508744623338,"saddlepoint",FALSE
"A","gene0486",58.0737487491057,TRUE,0.897081267449246,9.44079270055048e-11,335,"",TRUE,0.896968255544306,"saddlepoint",FALSE
"A","gene0487",25.0189603722879,TRUE,0.393241569023869,9.1102787694395e-11,201,"",TRUE,0.391687341577895,"saddlepoint",FALSE
"A","gene0488",72.0144865457773,TRUE,0.567514529832866,9.11509094115096e-11,329,"",TRUE,0.567218447470348,"saddlepoint",FALSE
"A","gene0489",30.9467796444585,TRUE,0.222238950941069,9.58744165329740e-11,208,"",TRUE,0.221012864113851,"saddlepoint",FALSE
"A","gene0490",54.891871493138,TRUE,0.916038977307926,9.99888410458706e-11,333,"",TRUE,0.915938181949862,"saddlepoint",FALSE
"A","gene0491",31.2419351887405,TRUE,0.246869993737667,9.10085832107714e-11,219,"",TRUE,0.24560039226845,"saddlepoint",FALSE
"A","gene0492",88.0006248465599,TRUE,0.177132440563574,9.13583113239941e-11,332,"",TRUE,0.176906311467056,"saddlepoint",FALSE
"A","gene0493",19.5781000776895,TRUE,0.779691408848946,9.77451159833546e-11,221,"",TRUE,0.778844677615877,"saddlepoint",FALSE
"A","gene0494",53.6676672394961,TRUE,0.909354909803553,9.95467642236729e-11,337,"",TRUE,0.90924436529041,"saddlepoint",FALSE
"A","gene0495",17.2827383629602,TRUE,0.893057566752358,8.91063321761289e-11,224,"",TRUE,0.892622003231309,"saddlepoint",FALSE
"A","gene0496",94.016076671882,TRUE,0.0859306367143853,9.2044676947619e-11,328,"",TRUE,0.0857722677100738,"saddlepoint",FALSE
"A","gene0497",22.0876127847447,TRUE,0.746070181476941,9.33200404429867e-11,230,"",TRUE,0.745238031958156,"saddlepoint",FALSE
"A","gene0498",58.229113755805,TRUE,0.794172613025365,9.27053646522513e-11,328,"",TRUE,0.793952621851824,"saddlepoint",FALSE
"A","gene0499",16.2964350647791,TRUE,0.951561727403544,9.38918577760538e-11,231,"",TRUE,0.951369557569348,"saddlepoint",FALSE
"A","gene0500",63.7897405931109,TRUE,0.630459723627575,9.28592637353988e-11,329,"",TRUE,0.630151919761633,"saddlepoint",FALSE
"A","gene0501",37.1422611258862,TRUE,0.239474173809158,9.87012449852817e-11,237,"",TRUE,0.238531788223433,"saddlepoint",FALSE
"A","gene0502",83.2105083595505,TRUE,0.16775683400696,9.68916866227534e-11,334,"",TRUE,0.167515694876059,"saddlepoint",FALSE
"A","gene0503",16.2898064953661,TRUE,0.971605992674932,9.07760869511137e-11,246,"",TRUE,0.971493447892344,"saddlepoint",FALSE
"A","gene0504",99.3251482776547,TRUE,0.0312900444796899,9.98103138224841e-11,327,"",TRUE,0.0312110209537667,"saddlepoint",FALSE
"A","gene0505",27.6257450969833,TRUE,0.664602804863303,9.82412352423107e-11,248,"",TRUE,0.663767332371806,"saddlepoint",FALSE
"A","gene0506",47.8021331147618,TRUE,0.917797728788309,9.03338017994686e-11,327,"",TRUE,0.917677013154608,"saddlepoint",FALSE
"A","gene0507",34.4795621236138,TRUE,0.428651124361878,9.37573614665649e-11,248,"",TRUE,0.427651877877985,"saddlepoint",FALSE
"A","gene0508",78.361941413431,TRUE,0.191419944611062,9.90935514525414e-11,331,"",TRUE,0.191141670343885,"saddlepoint",FALSE
"A","gene0509",21.1695979069198,TRUE,0.929324530260121,9.43242174362806e-11,256,"",TRUE,0.929090283163173,"saddlepoint",FALSE
"A","gene0510",92.7399569921279,TRUE,0.0434751213112518,9.3038612296141e-11,322,"",TRUE,0.0433744292524806,"saddlepoint",FALSE
"A","gene0511",39.488799906753,TRUE,0.329760501990487,9.76359360656438e-11,255,"",TRUE,0.328835207794464,"saddlepoint",FALSE
"A","gene0512",60.8291747690046,TRUE,0.548853311619222,9.61571268030988e-11,321,"",TRUE,0.548453579369166,"saddlepoint",FALSE
"A","gene0513",32.2123510171458,TRUE,0.630224267849211,9.3712604245632e-11,259,"",TRUE,0.629434406394606,"saddlepoint",FALSE
"A","gene0514",111.579639704839,TRUE,0.00370821111641362,9.90078009811476e-11,328,"",TRUE,0.00369127753423706,"saddlepoint",FALSE
"A","gene0515",13.8479767887653,TRUE,0.999052249338362,9.22929810375818e-11,265,"",TRUE,0.999049044393931,"saddlepoint",FALSE
"A","gene0516",35.9167192668662,TRUE,0.98525699421536,9.11626438942527e-11,327,"",TRUE,0.98522735437916,"saddlepoint",FALSE
"A","gene0517",28.891084550767,TRUE,0.812547301782235,9.08158376516748e-11,264,"",TRUE,0.812073700443958,"saddlepoint",FALSE
"A","gene0518",56.0801956455655,TRUE,0.599928813913445,9.34896994889134e-11,331,"",TRUE,0.59949179484959,"saddlepoint",FALSE
"A","gene0519",29.7207039878488,TRUE,0.812201748752091,9.15178595883512e-11,280,"",TRUE,0.81172878017524,"saddlepoint",FALSE
"A","gene0520",67.3947879978472,TRUE,0.274480395705148,9.66705683601646e-11,331,"",TRUE,0.274074153395536,"saddlepoint",FALSE
"A","gene0521",42.5081534051633,TRUE,0.400608331506578,9.4484529412648e-11,283,"",TRUE,0.39985806579873,"saddlepoint",FALSE
"A","gene0522",66.1825572702989,TRUE,0.277487719425357,9.7722587563253e-11,325,"",TRUE,0.277072112181417,"saddlepoint",FALSE
"A","gene0523",37.3654028878955,TRUE,0.61301663742363,9.66738674247451e-11,286,"",TRUE,0.612286874056631,"saddlepoint",FALSE
"A","gene0524",109.178948361869,TRUE,0.00229346436622353,9.12153177426087e-11,330,"",TRUE,0.00228330834351406,"saddlepoint",FALSE
"A","gene0525",54.8730619478747,TRUE,0.156285931797757,9.22194636193002e-11,289,"",TRUE,0.155755605249893,"saddlepoint",FALSE
"A","gene0526",58.5563036761664,TRUE,0.413627375515728,9.91484822303497e-11,324,"",TRUE,0.413110143254463,"saddlepoint",FALSE
"A","gene0527",63.4695657364508,TRUE,0.0698224829004426,9.70666480136148e-11,285,"",TRUE,0.0695158093376268,"saddlepoint",FALSE
"A","gene0528",84.5852167933963,TRUE,0.033598663887853,9.78289020430421e-11,329,"",TRUE,0.0334737717222522,"saddlepoint",FALSE
"A","gene0529",62.1406246846642,TRUE,0.0926513546223921,9.9486640442719e-11,288,"",TRUE,0.0922887816246673,"saddlepoint",FALSE
"A","gene0530",60.2157029585249,TRUE,0.316901091563482,9.53270210706826e-11,324,"",TRUE,0.3163828989226,"saddlepoint",FALSE
"A","gene0531",51.9954534628354,TRUE,0.282865006817229,9.4246994973915e-11,298,"",TRUE,0.282242606659003,"saddlepoint",FALSE
"A","gene0532",70.4731192233866,TRUE,0.117155061325029,9.74009865275204e-11,321,"",TRUE,0.116846636951075,"saddlepoint",FALSE
"A","gene0533",34.5069591680573,TRUE,0.84390980270248,9.40974165448451e-11,300,"",TRUE,0.843558660122328,"saddlepoint",FALSE
"A","gene0534",76.9730603139953,TRUE,0.0525997593646966,9.27781172201103e-11,330,"",TRUE,0.0524166960148061,"saddlepoint",FALSE
"A","gene0535",49.4668995185907,TRUE,0.408869674827573,9.5940886908185e-11,310,"",TRUE,0.408225453595796,"saddlepoint",FALSE
"A","gene0536",46.7529679025817,TRUE,0.617348133959198,9.4119310272995e-11,320,"",TRUE,0.616811201370915,"saddlepoint",FALSE
"A","gene0537",52.4107644927966,TRUE,0.354736047432393,9.99407485480046e-11,319,"",TRUE,0.35410779758067,"saddlepoint",FALSE
"A","gene0538",70.8488335247691,TRUE,0.0793928460429593,9.12026320350895e-11,318,"",TRUE,0.0791635626987872,"saddlepoint",FALSE
"A","gene0539",42.675833876607,TRUE,0.685629021369094,9.42825251464691e-11,318,"",TRUE,0.685096750582717,"saddlepoint",FALSE
"A","gene0540",66.5071049142211,TRUE,0.11032792380231,9.2650364485504e-11,315,"",TRUE,0.109984838715746,"saddlepoint",FALSE
"A","gene0541",53.8015577028246,TRUE,0.373901382127079,9.3504531374633e-11,321,"",TRUE,0.373276615220797,"saddlepoint",FALSE
"A","gene0542",40.0634425302072,TRUE,0.737096626321852,9.52260217294137e-11,321,"",TRUE,0.736610648671724,"saddlepoint",FALSE
"A","gene0543",73.8175431396252,TRUE,0.0665355804811273,9.8254801376204e-11,330,"",TRUE,0.0663105553366211,"saddlepoint",FALSE
"A","gene0544",43.2774510969677,TRUE,0.604852360764039,9.43397831642406e-11,314,"",TRUE,0.604221281309685,"saddlepoint",FALSE
"A","gene0545",68.1214206448667,TRUE,0.133321299754812,9.59745203232484e-11,333,"",TRUE,0.13295248005695,"saddlepoint",FALSE
"A","gene0546",58.8238657830588,TRUE,0.168789651725628,9.47034327044086e-11,312,"",TRUE,0.168276709017633,"saddlepoint",FALSE
"A","gene0547",50.6493816064016,TRUE,0.555025646823246,9.42679506503452e-11,338,"",TRUE,0.554444286632727,"saddlepoint",FALSE
"A","gene0548",51.3858687369941,TRUE,0.298678024017594,9.64449443701873e-11,310,"",TRUE,0.297992490824832,"saddlepoint",FALSE
"A","gene0549",52.2008227848249,TRUE,0.537806628741779,9.88680591389179e-11,338,"",TRUE,0.537255186659889,"saddlepoint",FALSE
"A","gene0550",33.4867898390139,TRUE,0.822912528517149,9.53400491150377e-11,314,"",TRUE,0.822487345572128,"saddlepoint",FALSE
"A","gene0551",67.0112206555097,TRUE,0.201418928754428,9.82892867573346e-11,349,"",TRUE,0.201016101980921,"saddlepoint",FALSE
"A","gene0552",65.3032942778776,TRUE,0.0586758650247216,9.08848530830654e-11,308,"",TRUE,0.058375638284973,"saddlepoint",FALSE
"A","gene0553",84.1336578979035,TRUE,0.0430412351979088,9.75447386167456e-11,355,"",TRUE,0.0428955537934367,"saddlepoint",FALSE
"A","gene0554",41.2110516691235,TRUE,0.509386654012344,9.21073754918920e-11,311,"",TRUE,0.508567571201488,"saddlepoint",FALSE
"A","gene0555",56.6647724637554,TRUE,0.493982091890276,9.56326736008782e-11,359,"",TRUE,0.493440978961174,"saddlepoint",FALSE
"A","gene0556",31.5890252933658,TRUE,0.801904701952394,9.35891069503425e-11,312,"",TRUE,0.801411382204289,"saddlepoint",FALSE
"A","gene0557",44.0732024631779,TRUE,0.857035321527799,9.91868179386554e-11,374,"",TRUE,0.856777291072992,"saddlepoint",FALSE
"A","gene0558",25.2522395666746,TRUE,0.933108050554068,9.79151303223333e-11,312,"",TRUE,0.932893524444538,"saddlepoint",FALSE
"A","gene0559",99.1753762809999,TRUE,0.0125356299190799,9.83835114071185e-11,363,"",TRUE,0.0124818271448555,"saddlepoint",FALSE
"A","gene0560",53.0057505785528,TRUE,0.135294762755453,9.59597881299186e-11,303,"",TRUE,0.134699544128656,"saddlepoint",FALSE
"A","gene0561",82.8631259989059,TRUE,0.0800890742106556,9.6018047191556e-11,373,"",TRUE,0.0798872749099984,"saddlepoint",FALSE
"A","gene0562",32.3458989048452,TRUE,0.686444685710352,9.59180187533326e-11,307,"",TRUE,0.685677875036769,"saddlepoint",FALSE
"A","gene0563",51.8491655600765,TRUE,0.737009317763397,9.50703350679344e-11,370,"",TRUE,0.736652309061058,"saddlepoint",FALSE
"A","gene0564",44.4706027394418,TRUE,0.255355252612409,9.53978641416754e-11,305,"",TRUE,0.254497578717888,"saddlepoint",FALSE
"A","gene0565",87.4356645301866,TRUE,0.0656128670389371,9.22059861731446e-11,374,"",TRUE,0.0654314702859998,"saddlepoint",FALSE
"A","gene0566",37.828808761811,TRUE,0.417014368397402,9.24938571914002e-11,309,"",TRUE,0.415895244099327,"saddlepoint",FALSE
"A","gene0567",86.5843548354277,TRUE,0.0801868961939612,9.52232972377745e-11,384,"",TRUE,0.0799689738492383,"saddlepoint",FALSE
"A","gene0568",29.1373004724875,TRUE,0.702764956939883,9.8715868107873e-11,305,"",TRUE,0.70192723770985,"saddlepoint",FALSE
"A","gene0569",49.1601299933188,TRUE,0.857376521128874,9.94179119454333e-11,388,"",TRUE,0.857147013402205,"saddlepoint",FALSE
"A","gene0570",35.0698728993978,TRUE,0.441206107136918,9.26253405030518e-11,300,"",TRUE,0.440084949293842,"saddlepoint",FALSE
"A","gene0571",67.3500459779144,TRUE,0.424136000132669,9.45291533851339e-11,387,"",TRUE,0.423679980878728,"saddlepoint",FALSE
"A","gene0572",34.5047883901368,TRUE,0.425185460072755,9.7803340079472e-11,299,"",TRUE,0.424003299246144,"saddlepoint",FALSE
"A","gene0573",98.5746206734628,TRUE,0.0357878031899594,9.68400958923678e-11,405,"",TRUE,0.0356699253146006,"saddlepoint",FALSE
"A","gene0574",17.1245679220423,TRUE,0.963957648252008,9.42520223109686e-11,300,"",TRUE,0.963795188464588,"saddlepoint",FALSE
"A","gene0575",67.0836727640811,TRUE,0.481996843021166,9.99242094775442e-11,402,"",TRUE,0.481547911069005,"saddlepoint",FALSE
"A","gene0576",34.0148233798841,TRUE,0.36973947841163,9.17577457700165e-11,288,"",TRUE,0.368444901677582,"saddlepoint",FALSE
"A","gene0577",66.6309627618364,TRUE,0.519709982672581,9.53673234675191e-11,408,"",TRUE,0.519286150491306,"saddlepoint",FALSE
"A","gene0578",14.2878476700487,TRUE,0.980209462011055,9.6504334959422e-11,302,"",TRUE,0.980110285406881,"saddlepoint",FALSE
"A","gene0579",67.7735607303563,TRUE,0.515663232595139,9.72633486338165e-11,409,"",TRUE,0.515237170867293,"saddlepoint",FALSE
"A","gene0580",32.6533968701701,TRUE,0.344169131942355,9.171600604636e-11,296,"",TRUE,0.342635795814153,"saddlepoint",FALSE
"A","gene0581",82.2539549259415,TRUE,0.224977818079856,9.75165575459874e-11,417,"",TRUE,0.224635335377547,"saddlepoint",FALSE
"A","gene0582",31.5935362218547,TRUE,0.343982488290131,9.79481228654926e-11,293,"",TRUE,0.342558108262163,"saddlepoint",FALSE
"A","gene0583",69.9770174846957,TRUE,0.509642012816985,9.97782612826084e-11,429,"",TRUE,0.50921538120662,"saddlepoint",FALSE
"A","gene0584",28.4868159388416,TRUE,0.41830491497375,9.7609510372413e-11,293,"",TRUE,0.41672960040253,"saddlepoint",FALSE
"A","gene0585",57.6331778533168,TRUE,0.826146364711759,9.44720795733114e-11,430,"",TRUE,0.825904295764406,"saddlepoint",FALSE
"A","gene0586",16.2840377117699,TRUE,0.884632956147425,9.99175111681024e-11,285,"",TRUE,0.884014641664955,"saddlepoint",FALSE
"A","gene0587",80.6199540949229,TRUE,0.313375335123185,9.53403295981398e-11,427,"",TRUE,0.313001030867102,"saddlepoint",FALSE
"A","gene0588",18.1714967396934,TRUE,0.786123567448753,9.52753616560893e-11,288,"",TRUE,0.785056874381492,"saddlepoint",FALSE
"A","gene0589",77.021942795017,TRUE,0.412986766268915,9.33984851264613e-11,433,"",TRUE,0.412594637436826,"saddlepoint",FALSE
"A","gene0590",27.0523031271709,TRUE,0.352914639728566,9.32596954847896e-11,295,"",TRUE,0.351128250911367,"saddlepoint",FALSE
"A","gene0591",76.834925927226,TRUE,0.440620174466825,9.58548576884127e-11,446,"",TRUE,0.440208890114899,"saddlepoint",FALSE
"A","gene0592",18.424324227453,TRUE,0.694813618602131,9.186045918071e-11,277,"",TRUE,0.693227598470578,"saddlepoint",FALSE
"A","gene0593",79.6202010509184,TRUE,0.400688301457021,9.92052895994883e-11,455,"",TRUE,0.400305415392088,"saddlepoint",FALSE
"A","gene0594",14.8152423917807,TRUE,0.821209657206563,9.62864940773703e-11,287,"",TRUE,0.82011883103268,"saddlepoint",FALSE
"A","gene0595",122.882081607998,TRUE,0.0130310840156926,9.96491621857443e-11,458,"",TRUE,0.0129820802671475,"saddlepoint",FALSE
"A","gene0596",21.5129865344468,TRUE,0.450946172949286,9.99446144334809e-11,272,"",TRUE,0.44869249110694,"saddlepoint",FALSE
"A","gene0597",60.3866083499303,TRUE,0.868463720637187,9.41893879514641e-11,474,"",TRUE,0.868286752669085,"saddlepoint",FALSE
"A","gene0598",12.154981025175,TRUE,0.868607795851977,9.90681379704587e-11,272,"",TRUE,0.867713104631668,"saddlepoint",FALSE
"A","gene0599",28.2361556251221,TRUE,0.153601007231209,9.80864622922122e-11,277,"",TRUE,0.151679109934707,"saddlepoint",FALSE
"A","gene0600",86.3023377275501,TRUE,0.326737905218627,9.46915675753036e-11,469,"",TRUE,0.32639676714465,"saddlepoint",FALSE
"A","gene0601",19.7011759357258,TRUE,0.488941515942176,9.19412739843438e-11,283,"",TRUE,0.486566811207337,"saddlepoint",FALSE
"A","gene0602",75.1276770047047,TRUE,0.552414987742137,9.85305764929223e-11,468,"",TRUE,0.552045384152443,"saddlepoint",FALSE
"A","gene0603",19.6189510804582,TRUE,0.541107132103065,9.93082783975335e-11,288,"",TRUE,0.538825112672976,"saddlepoint",FALSE
"A","gene0604",66.7551070016687,TRUE,0.726046775154029,9.95416130165211e-11,469,"",TRUE,0.725730754379313,"saddlepoint",FALSE
"A","gene0605",16.5765909238874,TRUE,0.737967991109672,9.78345915565726e-11,302,"",TRUE,0.736441381420286,"saddlepoint",FALSE
"A","gene0606",82.9737723411961,TRUE,0.330672883631505,9.57734968805649e-11,477,"",TRUE,0.330301082606198,"saddlepoint",FALSE
"A","gene0607",16.0746084810045,TRUE,0.798766543229484,9.63029161082062e-11,308,"",TRUE,0.797548872134043,"saddlepoint",FALSE
"A","gene0608",76.7940421359784,TRUE,0.441352059669209,9.88211237016104e-11,467,"",TRUE,0.440932481472373,"saddlepoint",FALSE
"A","gene0609",24.0606765161387,TRUE,0.471868432908724,9.2594315515785e-11,318,"",TRUE,0.469923869810929,"saddlepoint",FALSE
"A","gene0610",62.8757600621176,TRUE,0.749795921537328,9.32394721869269e-11,471,"",TRUE,0.749479223930211,"saddlepoint",FALSE
"A","gene0611",20.386429724906,TRUE,0.682150989547692,9.53250802403736e-11,317,"",TRUE,0.680613969965408,"saddlepoint",FALSE
"A","gene0612",54.5007303015312,TRUE,0.889807080345091,9.40797284911324e-11,467,"",TRUE,0.889628560385782,"saddlepoint",FALSE
"A","gene0613",10.8883747484987,TRUE,0.986490828153922,9.35042385858363e-11,309,"",TRUE,0.986408588149923,"saddlepoint",FALSE
"A","gene0614",59.0275919194618,TRUE,0.79248622233014,9.69612048529016e-11,465,"",TRUE,0.792201228942616,"saddlepoint",FALSE
"A","gene0615",37.1274261447455,TRUE,0.171032010377149,9.4305255824486e-11,325,"",TRUE,0.169820026864414,"saddlepoint",FALSE
"A","gene0616",57.0191784729747,TRUE,0.814412917854502,9.73711684199019e-11,469,"",TRUE,0.81413801850289,"saddlepoint",FALSE
"A","gene0617",46.3038606822379,TRUE,0.0659878189189836,9.41564841502526e-11,315,"",TRUE,0.0653821375555949,"saddlepoint",FALSE
"A","gene0618",77.3826226428991,TRUE,0.316544192222764,9.61163792328502e-11,462,"",TRUE,0.316099348417867,"saddlepoint",FALSE
"A","gene0619",29.1505021215616,TRUE,0.468931211746475,9.6124484348821e-11,336,"",TRUE,0.467342768779845,"saddlepoint",FALSE
"A","gene0620",92.5014854736421,TRUE,0.0952746062534206,9.66739329105563e-11,471,"",TRUE,0.0950486998435836,"saddlepoint",FALSE
"A","gene0621",46.327862958663,TRUE,0.0909315142614876,9.7795676992727e-11,338,"",TRUE,0.0902669580380254,"saddlepoint",FALSE
"A","gene0622",58.0746597458265,TRUE,0.731903547699179,9.87852721173223e-11,458,"",TRUE,0.731535784834689,"saddlepoint",FALSE
"A","gene0623",30.0369714505785,TRUE,0.511034282340256,9.50214867185238e-11,347,"",TRUE,0.509517313453304,"saddlepoint",FALSE
"A","gene0624",51.2166470619531,TRUE,0.856268067914921,9.80784072663818e-11,479,"",TRUE,0.856025303383015,"saddlepoint",FALSE
"A","gene0625",35.4575889898345,TRUE,0.357280169576046,9.61267366704141e-11,352,"",TRUE,0.355953680070729,"saddlepoint",FALSE
"A","gene0626",79.2735156331857,TRUE,0.208242807387755,9.39898374516419e-11,472,"",TRUE,0.207836051440944,"saddlepoint",FALSE
"A","gene0627",29.9966163736962,TRUE,0.587124320401843,9.83229271112919e-11,373,"",TRUE,0.58579523256538,"saddlepoint",FALSE
"A","gene0628",72.2086200775885,TRUE,0.315047164414114,9.74662369584468e-11,471,"",TRUE,0.314535717012816,"saddlepoint",FALSE
"A","gene0629",27.4194334485786,TRUE,0.719716348565031,9.66916073033217e-11,362,"",TRUE,0.718706198629901,"saddlepoint",FALSE
"A","gene0630",66.6886444493637,TRUE,0.414339401992906,9.3943462763698e-11,466,"",TRUE,0.413792457638207,"saddlepoint",FALSE
"A","gene0631",32.7336444277762,TRUE,0.556515373590246,9.75800730365975e-11,369,"",TRUE,0.555291487320086,"saddlepoint",FALSE
"A","gene0632",93.7488863686944,TRUE,0.0459613006235511,9.37275068755433e-11,462,"",TRUE,0.0458184827321074,"saddlepoint",FALSE
"A","gene0633",41.504646559146,TRUE,0.307076252904051,9.57800255665768e-11,375,"",TRUE,0.306005580616494,"saddlepoint",FALSE
"A","gene0634",57.0715164360107,TRUE,0.610208275460223,9.63087538863837e-11,469,"",TRUE,0.609666892759288,"saddlepoint",FALSE
"A","gene0635",37.3400524263469,TRUE,0.464108267057417,9.42383793613513e-11,380,"",TRUE,0.462808797390737,"saddlepoint",FALSE
"A","gene0636",29.3513546801621,TRUE,0.997246364387441,9.88924318953352e-11,467,"",TRUE,0.997238476017365,"saddlepoint",FALSE
"A","gene0637",37.5524128702521,TRUE,0.49024549370407,9.57950932120588e-11,393,"",TRUE,0.489068434679893,"saddlepoint",FALSE
"A","gene0638",48.2262873120343,TRUE,0.787953188714994,9.75143882742807e-11,461,"",TRUE,0.787556475872217,"saddlepoint",FALSE
"A","gene0639",47.1195852418032,TRUE,0.251867220112362,9.97740730638262e-11,400,"",TRUE,0.250906829458523,"saddlepoint",FALSE
"A","gene0640",43.8357367491903,TRUE,0.860531553123534,9.66705335030647e-11,483,"",TRUE,0.860221656950692,"saddlepoint",FALSE
"A","gene0641",40.0126448560656,TRUE,0.475760066671833,9.37925958145562e-11,401,"",TRUE,0.474747414969081,"saddlepoint",FALSE
"A","gene0642",48.4680331367963,TRUE,0.736945389175705,9.41632436629071e-11,472,"",TRUE,0.736452644648716,"saddlepoint",FALSE
"A","gene0643",35.2406252918924,TRUE,0.66748257361854,9.33952878684648e-11,398,"",TRUE,0.666624607621862,"saddlepoint",FALSE
"A","gene0644",40.7550765708019,TRUE,0.887296417907798,9.72253064190388e-11,470,"",TRUE,0.887034954027447,"saddlepoint",FALSE
"A","gene0645",38.1716818444875,TRUE,0.599586862660366,9.33890098499951e-11,416,"",TRUE,0.598648828684688,"saddlepoint",FALSE
"A","gene0646",76.2356684934019,TRUE,0.108831025424776,9.3764660803481e-11,464,"",TRUE,0.108440143802648,"saddlepoint",FALSE
"A","gene0647",32.9523003693785,TRUE,0.792665361334554,9.95336210912572e-11,420,"",TRUE,0.792027771338924,"saddlepoint",FALSE
"A","gene0648",63.3078936492031,TRUE,0.279653441706165,9.78801831252873e-11,466,"",TRUE,0.278978618858478,"saddlepoint",FALSE
"A","gene0649",40.2165437865061,TRUE,0.595119455780706,9.36533070604144e-11,421,"",TRUE,0.594215975161193,"saddlepoint",FALSE
"A","gene0650",53.343371805133,TRUE,0.495631350037595,9.46035932426238e-11,470,"",TRUE,0.494899700801307,"saddlepoint",FALSE
"A","gene0651",66.5664265016414,TRUE,0.0799582789284489,9.47288137146361e-11,441,"",TRUE,0.0795523747023473,"saddlepoint",FALSE
"A","gene0652",33.1649410668303,TRUE,0.948968351486504,9.74186147332731e-11,463,"",TRUE,0.948813893401296,"saddlepoint",FALSE
"A","gene0653",40.4771724858501,TRUE,0.646456441000056,9.41063626222309e-11,437,"",TRUE,0.645657983988156,"saddlepoint",FALSE
"A","gene0654",55.851707073437,TRUE,0.375809888379116,9.55406254327454e-11,468,"",TRUE,0.375015497801329,"saddlepoint",FALSE
"A","gene0655",87.5242914765176,TRUE,0.0115204600501198,9.85043083342671e-11,451,"",TRUE,0.0114375335334882,"saddlepoint",FALSE
"A","gene0656",25.9042682259444,TRUE,0.989959233702403,9.77977994268998e-11,457,"",TRUE,0.989924136600699,"saddlepoint",FALSE
"A","gene0657",27.7176098207534,TRUE,0.965351726571079,9.91978517557446e-11,444,"",TRUE,0.965228970037355,"saddlepoint",FALSE
"A","gene0658",40.2466953196011,TRUE,0.760356217258084,9.53346046854084e-11,454,"",TRUE,0.759791929260702,"saddlepoint",FALSE
"A","gene0659",56.0286881737977,TRUE,0.297401954541541,9.94223857972779e-11,461,"",TRUE,0.296619986409306,"saddlepoint",FALSE
"A","gene0660",54.2683594967445,TRUE,0.337660858576109,9.71680765363137e-11,462,"",TRUE,0.336781262539099,"saddlepoint",FALSE
"A","gene0661",60.8007533736503,TRUE,0.224509850975224,9.50851522085044e-11,463,"",TRUE,0.223790680096608,"saddlepoint",FALSE
"A","gene0662",57.0024201933499,TRUE,0.25449394726974,9.58219270531975e-11,452,"",TRUE,0.253735228995768,"saddlepoint",FALSE
"A","gene0663",58.1619329788623,TRUE,0.298136523745478,9.60655850658007e-11,474,"",TRUE,0.297374757245993,"saddlepoint",FALSE
"A","gene0664",53.1333031551001,TRUE,0.314240356535997,9.96681174549562e-11,449,"",TRUE,0.313354109495193,"saddlepoint",FALSE
"A","gene0665",67.1283975478259,TRUE,0.162315674379206,9.40503798972647e-11,486,"",TRUE,0.161776215286436,"saddlepoint",FALSE
"A","gene0666",22.7266237168625,TRUE,0.988549007404357,9.66823515235853e-11,449,"",TRUE,0.988503079371349,"saddlepoint",FALSE
"A","gene0667",47.3731860048189,TRUE,0.635021422522054,9.47788691063253e-11,494,"",TRUE,0.634306893781462,"saddlepoint",FALSE
"A","gene0668",26.6125599233172,TRUE,0.952032917424982,9.74217488364931e-11,462,"",TRUE,0.951850262597036,"saddlepoint",FALSE
"A","gene0669",82.6447502313618,TRUE,0.0507582089116404,9.92522706817073e-11,500,"",TRUE,0.0505383109224324,"saddlepoint",FALSE
"A","gene0670",50.5511562100684,TRUE,0.299909931815214,9.82152854054133e-11,461,"",TRUE,0.298984604904178,"saddlepoint",FALSE
"A","gene0671",58.3584626194495,TRUE,0.390816947640208,9.61236533078558e-11,502,"",TRUE,0.390021298074267,"saddlepoint",FALSE
"A","gene0672",40.1776167062092,TRUE,0.561614905836235,9.91979908588833e-11,455,"",TRUE,0.560520951297841,"saddlepoint",FALSE
"A","gene0673",51.1500580650567,TRUE,0.607913171412233,9.71531600286145e-11,515,"",TRUE,0.607208878355564,"saddlepoint",FALSE
"A","gene0674",36.6737370157222,TRUE,0.644618093094935,9.98191160804518e-11,458,"",TRUE,0.643651513460085,"saddlepoint",FALSE
"A","gene0675",58.2030399351205,TRUE,0.445652257129118,9.4426857446487e-11,519,"",TRUE,0.444921692692194,"saddlepoint",FALSE
"A","gene0676",25.3228741769644,TRUE,0.925409056815061,9.99050964569162e-11,456,"",TRUE,0.925103558322096,"saddlepoint",FALSE
"A","gene0677",93.7080140252399,TRUE,0.0291922712811041,9.9654128211165e-11,521,"",TRUE,0.0290566890020126,"saddlepoint",FALSE
"A","gene0678",45.3358880762508,TRUE,0.32166583330596,9.72187647768109e-11,465,"",TRUE,0.320514407416224,"saddlepoint",FALSE
"A","gene0679",60.9164561445854,TRUE,0.428884302046922,9.48146524400867e-11,519,"",TRUE,0.428204133035265,"saddlepoint",FALSE
"A","gene0680",59.6386728841481,TRUE,0.0790207969990114,9.511704493698e-11,445,"",TRUE,0.0784886964751484,"saddlepoint",FALSE
"A","gene0681",63.6949409143565,TRUE,0.387558610044447,9.61720883593982e-11,537,"",TRUE,0.386894103587144,"saddlepoint",FALSE
"A","gene0682",43.41990957284,TRUE,0.315554129114183,9.97080754549726e-11,458,"",TRUE,0.314282428094344,"saddlepoint",FALSE
"A","gene0683",124.951078282042,TRUE,0.00195289946295608,9.55021404298005e-11,550,"",TRUE,0.0019371790918107,"saddlepoint",FALSE
"A","gene0684",39.5941568883796,TRUE,0.391170210421538,9.72741109666816e-11,444,"",TRUE,0.389767916228715,"saddlepoint",FALSE
"A","gene0685",51.8286485111946,TRUE,0.733926780516734,9.85412042762979e-11,553,"",TRUE,0.733419193872327,"saddlepoint",FALSE
"A","gene0686",39.1906657105338,TRUE,0.372199306500552,9.66555855535026e-11,445,"",TRUE,0.370766085399703,"saddlepoint",FALSE
"A","gene0687",57.2909149890322,TRUE,0.621660150526568,9.51335332125686e-11,549,"",TRUE,0.621074759360648,"saddlepoint",FALSE
"A","gene0688",38.1092310901216,TRUE,0.373079742179994,9.94473080815662e-11,447,"",TRUE,0.371623695616996,"saddlepoint",FALSE
"A","gene0689",46.5274077229491,TRUE,0.878079196904429,9.76108062108495e-11,583,"",TRUE,0.877795703922887,"saddlepoint",FALSE
"A","gene0690",27.7843922099778,TRUE,0.693797457646499,9.83753792945137e-11,445,"",TRUE,0.6926394247187,"saddlepoint",FALSE
"A","gene0691",50.9019365846297,TRUE,0.813911863168641,9.55218652115043e-11,583,"",TRUE,0.813545004903615,"saddlepoint",FALSE
"A","gene0692",42.0595277314524,TRUE,0.219938373544119,9.85515131416044e-11,449,"",TRUE,0.218500963401377,"saddlepoint",FALSE
"A","gene0693",70.2925004143155,TRUE,0.379535693838515,9.78178590644446e-11,579,"",TRUE,0.378904182866935,"saddlepoint",FALSE
"A","gene0694",30.3798775387894,TRUE,0.526728952784223,9.82370825311496e-11,446,"",TRUE,0.525131270296522,"saddlepoint",FALSE
"A","gene0695",89.1557226350197,TRUE,0.115332257497823,9.77004703810354e-11,581,"",TRUE,0.115003623532563,"saddlepoint",FALSE
"A","gene0696",42.1188708799602,TRUE,0.175261719711448,9.99692486994622e-11,442,"",TRUE,0.173873586316457,"saddlepoint",FALSE
"A","gene0697",50.7457606040207,TRUE,0.863113900921966,9.87344616872401e-11,603,"",TRUE,0.86282408480349,"saddlepoint",FALSE
"A","gene0698",17.4954098614594,TRUE,0.911278626660168,9.83292480641676e-11,451,"",TRUE,0.910712484501248,"saddlepoint",FALSE
"A","gene0699",84.8614388647185,TRUE,0.187021564853047,9.78822647934585e-11,616,"",TRUE,0.186560487649843,"saddlepoint",FALSE
"A","gene0700",23.5904797767978,TRUE,0.678530675906573,9.68350004674177e-11,447,"",TRUE,0.676905075713396,"saddlepoint",FALSE
"A","gene0701",53.8775456834822,TRUE,0.838591674812483,9.5417698102538e-11,614,"",TRUE,0.838277623207134,"saddlepoint",FALSE
"A","gene0702",15.0438805615051,TRUE,0.93535789940328,9.66126725604650e-11,436,"",TRUE,0.934921245985325,"saddlepoint",FALSE
"A","gene0703",60.4879328590251,TRUE,0.720407870451493,9.57050636657408e-11,623,"",TRUE,0.719945486348297,"saddlepoint",FALSE
"A","gene0704",15.855308106854,TRUE,0.897456969265645,9.68389661537040e-11,437,"",TRUE,0.89674485211627,"saddlepoint",FALSE
"A","gene0705",131.327671026182,TRUE,0.00528339942669135,9.64583790987773e-11,645,"",TRUE,0.0052544877041957,"saddlepoint",FALSE
"A","gene0706",15.7260146344071,TRUE,0.877519147371196,9.68665334034023e-11,449,"",TRUE,0.876654276470836,"saddlepoint",FALSE
"A","gene0707",71.7512711806508,TRUE,0.504914283640308,9.9983308633235e-11,628,"",TRUE,0.504338489772006,"saddlepoint",FALSE
"A","gene0708",37.2570961402302,TRUE,0.137256864563285,9.95645977773171e-11,428,"",TRUE,0.135687552709949,"saddlepoint",FALSE
"A","gene0709",47.922054027005,TRUE,0.955587557167593,9.99589603255767e-11,654,"",TRUE,0.955485447918295,"saddlepoint",FALSE
"A","gene0710",14.5751283334751,TRUE,0.865200639871587,9.86239233184173e-11,439,"",TRUE,0.864157088879359,"saddlepoint",FALSE
"A","gene0711",73.237313819997,TRUE,0.515483119969122,9.91884568186593e-11,649,"",TRUE,0.514937787774108,"saddlepoint",FALSE
"A","gene0712",20.470748779432,TRUE,0.573889544471141,9.89839157362372e-11,429,"",TRUE,0.571416475176941,"saddlepoint",FALSE
"A","gene0713",81.3890975020683,TRUE,0.366082142680665,9.56707079551901e-11,685,"",TRUE,0.36554674550704,"saddlepoint",FALSE
"A","gene0714",23.3547741129882,TRUE,0.408533257814464,9.58292366900343e-11,424,"",TRUE,0.405824641207295,"saddlepoint",FALSE
"A","gene0715",86.1308917111089,TRUE,0.299435904577099,9.94519400100875e-11,670,"",TRUE,0.29893680573206,"saddlepoint",FALSE
"A","gene0716",32.8208596785465,TRUE,0.130044916772548,9.71631145766511e-11,427,"",TRUE,0.127986170669286,"saddlepoint",FALSE
"A","gene0717",110.780120390005,TRUE,0.0617727528059607,9.7477989926837e-11,692,"",TRUE,0.0615758852058359,"saddlepoint",FALSE
"A","gene0718",18.9073542901947,TRUE,0.511978814289079,9.68823206880763e-11,417,"",TRUE,0.508993739866357,"saddlepoint",FALSE
"A","gene0719",11.1669462380054,TRUE,0.849308120512718,9.92677726585796e-11,426,"",TRUE,0.847780814372562,"saddlepoint",FALSE
"A","gene0720",70.9110840583953,TRUE,0.652339461374766,9.77203568714932e-11,693,"",TRUE,0.651864337030554,"saddlepoint",FALSE
"A","gene0721",22.4249770524364,TRUE,0.362319309882448,9.55859037754525e-11,431,"",TRUE,0.359130989610968,"saddlepoint",FALSE
"A","gene0722",85.2883859381143,TRUE,0.332874409351235,9.8615950637742e-11,680,"",TRUE,0.332380963591617,"saddlepoint",FALSE
"A","gene0723",15.8321883137393,TRUE,0.702555354840062,9.86224506466064e-11,437,"",TRUE,0.700138955845374,"saddlepoint",FALSE
"A","gene0724",62.8032404560335,TRUE,0.780791470302417,9.55501546482697e-11,695,"",TRUE,0.78042578221985,"saddlepoint",FALSE
"A","gene0725",36.3513446809314,TRUE,0.100444364199676,9.99669727964718e-11,452,"",TRUE,0.0982501602149525,"saddlepoint",FALSE
"A","gene0726",87.5739737609958,TRUE,0.259834311507031,9.6652036959792e-11,686,"",TRUE,0.259315917841311,"saddlepoint",FALSE
"A","gene0727",18.6693187257741,TRUE,0.650949668738269,9.99860326911933e-11,469,"",TRUE,0.648486153683086,"saddlepoint",FALSE
"A","gene0728",83.5264086409079,TRUE,0.308739096880438,9.91271652435455e-11,705,"",TRUE,0.308182812209817,"saddlepoint",FALSE
"A","gene0729",21.256090530316,TRUE,0.577026536988712,9.54208994262927e-11,451,"",TRUE,0.574599882454165,"saddlepoint",FALSE
"A","gene0730",56.1879931869422,TRUE,0.850095091716564,9.86895402638882e-11,688,"",TRUE,0.849798640352868,"saddlepoint",FALSE
"A","gene0731",19.9012230152296,TRUE,0.675507937199004,9.65368133739111e-11,469,"",TRUE,0.673525675568544,"saddlepoint",FALSE
"A","gene0732",108.632966898354,TRUE,0.0472833185177603,9.83255994528066e-11,705,"",TRUE,0.0470817681130621,"saddlepoint",FALSE
"A","gene0733",16.1001267010347,TRUE,0.858781316856767,9.94225489154947e-11,475,"",TRUE,0.857709353589786,"saddlepoint",FALSE
"A","gene0734",52.8006090171419,TRUE,0.876343055151564,9.78072912916593e-11,685,"",TRUE,0.876072828541992,"saddlepoint",FALSE
"A","gene0735",45.7399424599356,TRUE,0.0752621798076493,9.79816707370046e-11,480,"",TRUE,0.0743483079812159,"saddlepoint",FALSE
"A","gene0736",73.053429552403,TRUE,0.430034039642377,9.97936777159293e-11,689,"",TRUE,0.429410957345227,"saddlepoint",FALSE
"A","gene0737",19.841233505855,TRUE,0.779635865941812,9.59596634466688e-11,500,"",TRUE,0.778232409667979,"saddlepoint",FALSE
"A","gene0738",49.1809832723786,TRUE,0.90355897790077,9.61759450291561e-11,696,"",TRUE,0.903330425387063,"saddlepoint",FALSE
"A","gene0739",23.5902596295328,TRUE,0.669056937524436,9.73347117965914e-11,509,"",TRUE,0.66723032304725,"saddlepoint",FALSE
"A","gene0740",44.1345530845604,TRUE,0.94983833827432,9.6944627239054e-11,705,"",TRUE,0.949701422110118,"saddlepoint",FALSE
"A","gene0741",25.5006718409397,TRUE,0.630546632417156,9.69905405989735e-11,515,"",TRUE,0.628796319714518,"saddlepoint",FALSE
"A","gene0742",88.4558518002678,TRUE,0.139245598288299,9.92738684226641e-11,687,"",TRUE,0.138784303492092,"saddlepoint",FALSE
"A","gene0743",17.4477499907829,TRUE,0.921450980902413,9.73363944783631e-11,524,"",TRUE,0.920930415102757,"saddlepoint",FALSE
"A","gene0744",66.2349932601836,TRUE,0.490847523771472,9.61725734314502e-11,696,"",TRUE,0.490126516500944,"saddlepoint",FALSE
"A","gene0745",16.9836776178712,TRUE,0.943877622156144,9.77214932780003e-11,527,"",TRUE,0.943505611057641,"saddlepoint",FALSE
"A","gene0746",60.5750127730454,TRUE,0.599839018442163,9.93664362488982e-11,708,"",TRUE,0.599179363454102,"saddlepoint",FALSE
"A","gene0747",26.551991668858,TRUE,0.6911299296546,9.86308282767932e-11,527,"",TRUE,0.689701733737556,"saddlepoint",FALSE
"A","gene0748",91.2079913718919,TRUE,0.0896988888941563,9.83771535371589e-11,700,"",TRUE,0.0893488927743527,"saddlepoint",FALSE
"A","gene0749",26.1619536427454,TRUE,0.733566016208389,9.93404252087882e-11,556,"",TRUE,0.732199033100486,"saddlepoint",FALSE
"A","gene0750",39.4306152511908,TRUE,0.954786671633608,9.88830348440557e-11,722,"",TRUE,0.954643423162342,"saddlepoint",FALSE
"A","gene0751",44.2006414765467,TRUE,0.228550682723732,9.96951926937086e-11,555,"",TRUE,0.227020095346652,"saddlepoint",FALSE
"A","gene0752",99.3572221370833,TRUE,0.0388071242045969,9.84926690444747e-11,690,"",TRUE,0.0385943637316852,"saddlepoint",FALSE
"A","gene0753",32.722354717327,TRUE,0.570820837932335,9.85453775330901e-11,574,"",TRUE,0.569182282582074,"saddlepoint",FALSE
"A","gene0754",52.4393938397576,TRUE,0.703472937678151,9.85695388700837e-11,694,"",TRUE,0.702855505460556,"saddlepoint",FALSE
"A","gene0755",26.2648865839987,TRUE,0.810820481807365,9.60697081782425e-11,587,"",TRUE,0.809877900089563,"saddlepoint",FALSE
"A","gene0756",32.8370750612765,TRUE,0.983342048777904,9.85996860872716e-11,708,"",TRUE,0.983280876797604,"saddlepoint",FALSE
"A","gene0757",26.120578426551,TRUE,0.8369376658186,9.96369251752942e-11,603,"",TRUE,0.836144584241616,"saddlepoint",FALSE
"A","gene0758",82.7745768262131,TRUE,0.110581488888412,9.67242727968956e-11,723,"",TRUE,0.110039299273745,"saddlepoint",FALSE
"A","gene0759",36.5594879363295,TRUE,0.539897771518363,9.66949310335016e-11,599,"",TRUE,0.538399627573747,"saddlepoint",FALSE
"A","gene0760",70.561178659228,TRUE,0.239571852060329,9.82105978573206e-11,702,"",TRUE,0.238756973556486,"saddlepoint",FALSE
"A","gene0761",51.594873048523,TRUE,0.200834824849808,9.70546261088757e-11,588,"",TRUE,0.19979139415847,"saddlepoint",FALSE
"A","gene0762",44.5639437479664,TRUE,0.799339246196202,9.72605455375197e-11,699,"",TRUE,0.798786126464788,"saddlepoint",FALSE
"A","gene0763",32.9756097157836,TRUE,0.709623066770873,9.81699892275804e-11,611,"",TRUE,0.708452702740993,"saddlepoint",FALSE
"A","gene0764",45.5283851853711,TRUE,0.756551685943349,9.84211518165710e-11,701,"",TRUE,0.755897142705567,"saddlepoint",FALSE
"A","gene0765",34.9273325452444,TRUE,0.676922809780681,9.99066027932045e-11,632,"",TRUE,0.675745613090937,"saddlepoint",FALSE
"A","gene0766",66.8194706092955,TRUE,0.247029470732867,9.77439612538308e-11,692,"",TRUE,0.246242900168699,"saddlepoint",FALSE
"A","gene0767",37.1418365177626,TRUE,0.637704552909729,9.80850772239368e-11,637,"",TRUE,0.63650449004369,"saddlepoint",FALSE
"A","gene0768",51.3060663598604,TRUE,0.562130407694509,9.61568954343552e-11,700,"",TRUE,0.561204776819368,"saddlepoint",FALSE
"A","gene0769",52.2578263563387,TRUE,0.271078762088054,9.65123307878138e-11,654,"",TRUE,0.269814673610617,"saddlepoint",FALSE
"A","gene0770",40.0779558716719,TRUE,0.821288929464881,9.68942942916086e-11,680,"",TRUE,0.820726917595233,"saddlepoint",FALSE
"A","gene0771",97.7113727157373,TRUE,0.00548720318744107,9.7257303285133e-11,659,"",TRUE,0.00541230789562899,"saddlepoint",FALSE
"A","gene0772",63.4698635031945,TRUE,0.248550922513943,9.77602837549073e-11,707,"",TRUE,0.247638262367495,"saddlepoint",FALSE
"A","gene0773",41.9658084533231,TRUE,0.577879563465451,9.63528287646793e-11,673,"",TRUE,0.576698978767735,"saddlepoint",FALSE
"A","gene0774",52.5174330703722,TRUE,0.454925459909514,9.85047386541094e-11,702,"",TRUE,0.453826461442439,"saddlepoint",FALSE
"A","gene0775",49.7125824140949,TRUE,0.397492967153529,9.61050941519076e-11,694,"",TRUE,0.396249496790304,"saddlepoint",FALSE
"A","gene0776",40.8727345831909,TRUE,0.735997247774727,9.84803900754005e-11,717,"",TRUE,0.735150908457873,"saddlepoint",FALSE
"A","gene0777",32.0077014265295,TRUE,0.880547875457625,9.9697242540546e-11,693,"",TRUE,0.880051256118689,"saddlepoint",FALSE
"A","gene0778",71.9127229230042,TRUE,0.104227017325695,9.66015307568395e-11,722,"",TRUE,0.103647563785574,"saddlepoint",FALSE
"A","gene0779",71.0410582006374,TRUE,0.101379628400538,9.94609528201171e-11,700,"",TRUE,0.100771037840846,"saddlepoint",FALSE
"A","gene0780",33.8161493565239,TRUE,0.861048446714634,9.64004380878472e-11,697,"",TRUE,0.860489429549948,"saddlepoint",FALSE
"A","gene0781",49.4300146024369,TRUE,0.48097098667137,9.87064244901102e-11,716,"",TRUE,0.479803017579267,"saddlepoint",FALSE
"A","gene0782",36.1030646418589,TRUE,0.787752723041887,9.92959424536352e-11,708,"",TRUE,0.786971539256642,"saddlepoint",FALSE
"A","gene0783",40.465780639572,TRUE,0.745083611807691,9.7091894094882e-11,706,"",TRUE,0.744259483331048,"saddlepoint",FALSE
"A","gene0784",36.3537336403374,TRUE,0.759731563744801,9.77901404601231e-11,688,"",TRUE,0.758876016661494,"saddlepoint",FALSE
"A","gene0785",23.9196938544846,TRUE,0.991970099830175,9.82344727481002e-11,721,"",TRUE,0.99193155988313,"saddlepoint",FALSE
"A","gene0786",53.5899845034284,TRUE,0.288634787822852,9.91884069453594e-11,701,"",TRUE,0.287502032808516,"saddlepoint",FALSE
"A","gene0787",36.1918843034655,TRUE,0.875379986456515,9.75566752489838e-11,741,"",TRUE,0.87490368882988,"saddlepoint",FALSE
"A","gene0788",46.5539729789325,TRUE,0.423869444906381,9.68670222159518e-11,701,"",TRUE,0.422440469733904,"saddlepoint",FALSE
"A","gene0789",67.6743103875108,TRUE,0.203763306560804,9.97598960362188e-11,747,"",TRUE,0.202806414917813,"saddlepoint",FALSE
"A","gene0790",57.2924812546428,TRUE,0.188332527895927,9.81278825014885e-11,690,"",TRUE,0.187247674271762,"saddlepoint",FALSE
"A","gene0791",52.0352944945698,TRUE,0.539729569666062,9.66761027785742e-11,770,"",TRUE,0.538675425080648,"saddlepoint",FALSE
"A","gene0792",53.4572090920578,TRUE,0.230858666930973,9.65734424395771e-11,702,"",TRUE,0.229649034927007,"saddlepoint",FALSE
"A","gene0793",40.8823519408566,TRUE,0.830059661246702,9.97652122047311e-11,779,"",TRUE,0.829483409990594,"saddlepoint",FALSE
"A","gene0794",50.3304228198887,TRUE,0.267230517481942,9.98608902275273e-11,699,"",TRUE,0.265821484444939,"saddlepoint",FALSE
"A","gene0795",44.7840844392129,TRUE,0.764203517125079,9.81349318213837e-11,807,"",TRUE,0.763473431648929,"saddlepoint",FALSE
"A","gene0796",82.7044609274207,TRUE,0.0154760880190454,9.89980871802035e-11,702,"",TRUE,0.0152532965863484,"saddlepoint",FALSE
"A","gene0797",41.4473468569796,TRUE,0.851090294033513,9.94308338463958e-11,799,"",TRUE,0.850584999791206,"saddlepoint",FALSE
"A","gene0798",45.2117569712788,TRUE,0.328462121313293,9.70855181187461e-11,710,"",TRUE,0.326715491218419,"saddlepoint",FALSE
"A","gene0799",84.9855338746567,TRUE,0.091390269266964,9.9207779252937e-11,825,"",TRUE,0.0908650208527294,"saddlepoint",FALSE
"A","gene0800",65.9820849428732,TRUE,0.0556791782055614,9.75476776719948e-11,706,"",TRUE,0.0550337717957944,"saddlepoint",FALSE
"A","gene0801",43.3219268511629,TRUE,0.844715441249791,9.96948960559942e-11,848,"",TRUE,0.844179414749611,"saddlepoint",FALSE
"A","gene0802",37.0839258774354,TRUE,0.48658963507813,9.76642572153227e-11,697,"",TRUE,0.484665102310815,"saddlepoint",FALSE
"A","gene0803",59.5131378932872,TRUE,0.501331506935673,9.84796317844011e-11,831,"",TRUE,0.500338124978783,"saddlepoint",FALSE
"A","gene0804",32.2127949371462,TRUE,0.609702313407663,9.73849597425865e-11,698,"",TRUE,0.608010007573869,"saddlepoint",FALSE
"A","gene0805",90.1375399261495,TRUE,0.083071958460333,9.81542735544599e-11,849,"",TRUE,0.0825436253979324,"saddlepoint",FALSE
"A","gene0806",48.4135225494235,TRUE,0.184348472239879,9.89202024329408e-11,702,"",TRUE,0.182860729680812,"saddlepoint",FALSE
"A","gene0807",53.9540533483703,TRUE,0.67457291257795,9.83117310975577e-11,865,"",TRUE,0.673792044330597,"saddlepoint",FALSE
"A","gene0808",17.6717888724286,TRUE,0.953919440296801,9.92660353330184e-11,701,"",TRUE,0.953587800397948,"saddlepoint",FALSE
"A","gene0809",65.6850748698926,TRUE,0.431448284477918,9.71650332892357e-11,877,"",TRUE,0.430502768782807,"saddlepoint",FALSE
"A","gene0810",21.4242863539896,TRUE,0.862793615333837,9.67004919064443e-11,677,"",TRUE,0.861912982448063,"saddlepoint",FALSE
"A","gene0811",39.2091857694372,TRUE,0.953489765148829,9.91613355013146e-11,893,"",TRUE,0.953322974252934,"saddlepoint",FALSE
"A","gene0812",25.6148586080692,TRUE,0.704532384748622,9.93677765396238e-11,686,"",TRUE,0.70288376164926,"saddlepoint",FALSE
"A","gene0813",81.7940253270515,TRUE,0.200083433179963,9.75040695427344e-11,888,"",TRUE,0.19939506845215,"saddlepoint",FALSE
"A","gene0814",54.1028774016539,TRUE,0.0723121584039413,9.81683917098894e-11,689,"",TRUE,0.0712941182256664,"saddlepoint",FALSE
"A","gene0815",55.4394479997925,TRUE,0.721321722835703,9.8751949217761e-11,924,"",TRUE,0.720648556230719,"saddlepoint",FALSE
"A","gene0816",16.7325032852452,TRUE,0.92044562980218,9.98669898947396e-11,702,"",TRUE,0.919806485181425,"saddlepoint",FALSE
"A","gene0817",69.6110164305109,TRUE,0.434615156178271,9.76979036408122e-11,916,"",TRUE,0.433779391512024,"saddlepoint",FALSE
"A","gene0818",44.3845667224437,TRUE,0.141476602476788,9.66981358267033e-11,703,"",TRUE,0.139925003870055,"saddlepoint",FALSE
"A","gene0819",62.9435984942136,TRUE,0.597306488116751,9.88345612491261e-11,937,"",TRUE,0.596511529992672,"saddlepoint",FALSE
"A","gene0820",28.6674910655221,TRUE,0.464967245769978,9.96669023895815e-11,698,"",TRUE,0.462352825648828,"saddlepoint",FALSE
"A","gene0821",52.0439623794596,TRUE,0.836320633368467,9.89581395885279e-11,957,"",TRUE,0.835874177057889,"saddlepoint",FALSE
"A","gene0822",26.3665855411969,TRUE,0.509041497009005,9.65978260380161e-11,700,"",TRUE,0.506171020078468,"saddlepoint",FALSE
"A","gene0823",66.1143801836598,TRUE,0.569323655549378,9.86661302790001e-11,965,"",TRUE,0.568471206797327,"saddlepoint",FALSE
"A","gene0824",20.2394088760454,TRUE,0.706590631438196,9.6832083584103e-11,698,"",TRUE,0.704328825176997,"saddlepoint",FALSE
"A","gene0825",57.4121591180752,TRUE,0.7683176514853,9.80455378885893e-11,988,"",TRUE,0.767730505230476,"saddlepoint",FALSE
"A","gene0826",17.6588595087156,TRUE,0.775322119215396,9.90491843817602e-11,677,"",TRUE,0.773405070564223,"saddlepoint",FALSE
"A","gene0827",69.5858416417678,TRUE,0.537159536612084,9.72226967444097e-11,984,"",TRUE,0.536354501672563,"saddlepoint",FALSE
"A","gene0828",29.1135381490011,TRUE,0.321639602376848,9.90114345220984e-11,690,"",TRUE,0.318526265288332,"saddlepoint",FALSE
"A","gene0829",81.2954866596083,TRUE,0.335061654178169,9.81130588014953e-11,991,"",TRUE,0.334262454913086,"saddlepoint",FALSE
"A","gene0830",15.4706454504055,TRUE,0.795479264624761,9.97072460403106e-11,690,"",TRUE,0.793426476171101,"saddlepoint",FALSE
"A","gene0831",147.34347488767,TRUE,0.00435003467043825,9.86216496922515e-11,1023,"",TRUE,0.00432251964186985,"saddlepoint",FALSE
"A","gene0832",27.0960925322451,TRUE,0.315637624627659,9.7573792090782e-11,679,"",TRUE,0.311923664234168,"saddlepoint",FALSE
"A","gene0833",85.6975498891827,TRUE,0.299392734877711,9.75288954414497e-11,1027,"",TRUE,0.298688630568856,"saddlepoint",FALSE
"A","gene0834",28.2063958931598,TRUE,0.25624624694323,9.80994680562126e-11,678,"",TRUE,0.252225532979471,"saddlepoint",FALSE
"A","gene0835",67.3047179157768,TRUE,0.660350936471891,9.81876855754397e-11,1035,"",TRUE,0.659669661857108,"saddlepoint",FALSE
"A","gene0836",15.5121024850046,TRUE,0.687084238227636,9.98697598144499e-11,651,"",TRUE,0.683931999697554,"saddlepoint",FALSE
"A","gene0837",95.4163442593667,TRUE,0.202548225722381,9.77557422488472e-11,1071,"",TRUE,0.201918046732715,"saddlepoint",FALSE
"A","gene0838",9.10513176036751,TRUE,0.924564638991273,9.91225641063659e-11,682,"",TRUE,0.923590026700231,"saddlepoint",FALSE
"A","gene0839",28.6712047282612,TRUE,0.170212192972198,9.9208197971816e-11,652,"",TRUE,0.167006235447422,"saddlepoint",FALSE
"A","gene0840",57.4566003268276,TRUE,0.865287453910172,9.96882824769521e-11,1055,"",TRUE,0.864940379109206,"saddlepoint",FALSE
"A","gene0841",34.9419897923272,TRUE,0.102155723089336,9.88040403074493e-11,672,"",TRUE,0.0999050620873777,"saddlepoint",FALSE
"A","gene0842",121.199112131008,TRUE,0.0411954392385134,9.98967287471793e-11,1078,"",TRUE,0.0409823093918356,"saddlepoint",FALSE
"A","gene0843",22.4348463552285,TRUE,0.393297039561159,9.95601612762374e-11,709,"",TRUE,0.388924587402839,"saddlepoint",FALSE
"A","gene0844",92.20973568658,TRUE,0.227958711039078,9.86677495349447e-11,1084,"",TRUE,0.22732448584177,"saddlepoint",FALSE
"A","gene0845",27.1292348178196,TRUE,0.28417258732595,9.87151416382073e-11,704,"",TRUE,0.280123375650263,"saddlepoint",FALSE
"A","gene0846",47.8844587536528,TRUE,0.943871297388994,9.80699500557555e-11,1085,"",TRUE,0.943690056299584,"saddlepoint",FALSE
"A","gene0847",28.5569048770236,TRUE,0.277144609859773,9.7012207566239e-11,735,"",TRUE,0.273111230063526,"saddlepoint",FALSE
"A","gene0848",48.5513101160929,TRUE,0.929793793700704,9.80755847086560e-11,1114,"",TRUE,0.92956677210552,"saddlepoint",FALSE
"A","gene0849",13.1227276936993,TRUE,0.875010542326414,9.88459860295186e-11,753,"",TRUE,0.873579970231752,"saddlepoint",FALSE
"A","gene0850",50.9118693003404,TRUE,0.894472631503704,9.76313156838757e-11,1068,"",TRUE,0.894160097189289,"saddlepoint",FALSE
"A","gene0851",37.3639179750985,TRUE,0.155194114635458,9.9990855439297e-11,766,"",TRUE,0.152773134029818,"saddlepoint",FALSE
"A","gene0852",58.9338611727239,TRUE,0.747977244777304,9.84508133111857e-11,1102,"",TRUE,0.747340291061932,"saddlepoint",FALSE
"A","gene0853",9.09017772622565,TRUE,0.985356170140575,9.77357913025702e-11,778,"",TRUE,0.985191991717935,"saddlepoint",FALSE
"A","gene0854",56.8905097532016,TRUE,0.77081157388965,9.75081310724928e-11,1078,"",TRUE,0.770210304529264,"saddlepoint",FALSE
"A","gene0855",44.294945906045,TRUE,0.104325716209116,9.92130107994697e-11,815,"",TRUE,0.102420538193332,"saddlepoint",FALSE
"A","gene0856",94.1879953245089,TRUE,0.139637673319402,9.72717339618387e-11,1069,"",TRUE,0.139079207309374,"saddlepoint",FALSE
"A","gene0857",11.9875337963627,TRUE,0.963731599007083,9.86684052604186e-11,817,"",TRUE,0.963358177078137,"saddlepoint",FALSE
"A","gene0858",39.0836143858847,TRUE,0.972687376006606,9.83851019859157e-11,1090,"",TRUE,0.97257956056016,"saddlepoint",FALSE
"A","gene0859",42.3227661929184,TRUE,0.157167973564399,9.93092642083589e-11,816,"",TRUE,0.155106016515286,"saddlepoint",FALSE
"A","gene0860",109.107414203243,TRUE,0.0465279743059912,9.84619342981295e-11,1105,"",TRUE,0.0462329430665401,"saddlepoint",FALSE
"A","gene0861",15.8984362875052,TRUE,0.911028251383592,9.90430161929706e-11,865,"",TRUE,0.910194557365632,"saddlepoint",FALSE
"A","gene0862",62.7424665918527,TRUE,0.571983441360408,9.87308248936829e-11,1090,"",TRUE,0.571041980415771,"saddlepoint",FALSE
"A","gene0863",19.6483704992182,TRUE,0.829665484911041,9.9394451436724e-11,842,"",TRUE,0.828301679014709,"saddlepoint",FALSE
"A","gene0864",78.256991533798,TRUE,0.269139632792571,9.84619803225117e-11,1114,"",TRUE,0.268139244415188,"saddlepoint",FALSE
"A","gene0865",65.7366800233002,TRUE,0.0297580030225222,9.9077392178102e-11,857,"",TRUE,0.0292013299052296,"saddlepoint",FALSE
"A","gene0866",80.4274826406472,TRUE,0.224523272027537,9.97837064711793e-11,1077,"",TRUE,0.223651629337169,"saddlepoint",FALSE
"A","gene0867",52.5464724319771,TRUE,0.10284606876029,9.9931282053576e-11,868,"",TRUE,0.101271843243326,"saddlepoint",FALSE
"A","gene0868",98.3200790754483,TRUE,0.0700734021418918,9.82489146462984e-11,1119,"",TRUE,0.0695959429580591,"saddlepoint",FALSE
"A","gene0869",26.1833696876854,TRUE,0.69613777981587,9.92683800286366e-11,906,"",TRUE,0.694137578704754,"saddlepoint",FALSE
"A","gene0870",67.9181095803278,TRUE,0.385728641377301,9.85666319072188e-11,1130,"",TRUE,0.384469894548641,"saddlepoint",FALSE
"A","gene0871",38.2688959355704,TRUE,0.365441520560996,9.96168269401521e-11,939,"",TRUE,0.362816445718113,"saddlepoint",FALSE
"A","gene0872",49.4527688442032,TRUE,0.752763833256866,9.7653658271725e-11,1122,"",TRUE,0.751942471352583,"saddlepoint",FALSE
"A","gene0873",30.6548005484524,TRUE,0.610379577696155,9.9388943798108e-11,914,"",TRUE,0.608168821475707,"saddlepoint",FALSE
"A","gene0874",55.7013303350061,TRUE,0.596910122717448,9.76451002302967e-11,1109,"",TRUE,0.595791618520259,"saddlepoint",FALSE
"A","gene0875",33.1784536669127,TRUE,0.560830766689591,9.89996013769576e-11,940,"",TRUE,0.558564987438673,"saddlepoint",FALSE
"A","gene0876",40.3799150775085,TRUE,0.885431886786142,9.80239764684053e-11,1110,"",TRUE,0.884936565787236,"saddlepoint",FALSE
"A","gene0877",22.6777965174074,TRUE,0.883379705645511,9.8228207414796e-11,954,"",TRUE,0.882540097723272,"saddlepoint",FALSE
"A","gene0878",40.9090895195518,TRUE,0.864739147566832,9.88552508623432e-11,1125,"",TRUE,0.864176374710376,"saddlepoint",FALSE
"A","gene0879",24.3010951013482,TRUE,0.864079172564513,9.82161146574449e-11,973,"",TRUE,0.863136226065894,"saddlepoint",FALSE
"A","gene0880",28.3977469964201,TRUE,0.985561905265012,9.91971065293813e-11,1112,"",TRUE,0.985487205936883,"saddlepoint",FALSE
"A","gene0881",30.6127336975223,TRUE,0.716919841946891,9.98852455282896e-11,993,"",TRUE,0.715334214896861,"saddlepoint",FALSE
"A","gene0882",47.0939848910307,TRUE,0.705202080307028,9.762034350368e-11,1145,"",TRUE,0.704162973803799,"saddlepoint",FALSE
"A","gene0883",42.364618837565,TRUE,0.418553812636834,9.93923515539563e-11,1020,"",TRUE,0.416341454131621,"saddlepoint",FALSE
"A","gene0884",57.5009613155587,TRUE,0.448271625252632,9.96152058410638e-11,1165,"",TRUE,0.446986871429166,"saddlepoint",FALSE
"A","gene0885",31.209089059079,TRUE,0.745993068352966,9.97393157647908e-11,1043,"",TRUE,0.744540257978368,"saddlepoint",FALSE
"A","gene0886",116.409280081315,TRUE,0.00899720416041828,9.99985677488206e-11,1123,"",TRUE,0.00889302766744097,"saddlepoint",FALSE
"A","gene0887",44.5860936742902,TRUE,0.415152513355072,9.82249490077969e-11,1028,"",TRUE,0.413088421752196,"saddlepoint",FALSE
"A","gene0888",68.4114771579042,TRUE,0.22278120531539,9.79926306115056e-11,1144,"",TRUE,0.221629477602839,"saddlepoint",FALSE
"A","gene0889",25.397277639576,TRUE,0.91242659612504,9.99656180316472e-11,1065,"",TRUE,0.911850414941712,"saddlepoint",FALSE
"A","gene0890",54.160856059691,TRUE,0.452799737287099,9.83089945712744e-11,1151,"",TRUE,0.451121343145344,"saddlepoint",FALSE
"A","gene0891",62.2506246323632,TRUE,0.157685801167592,9.94453978257585e-11,1088,"",TRUE,0.156150488947723,"saddlepoint",FALSE
"A","gene0892",39.5710191866443,TRUE,0.771047413576273,9.81765866520101e-11,1128,"",TRUE,0.770035394373242,"saddlepoint",FALSE
"A","gene0893",27.2211896536977,TRUE,0.906664835139393,9.84251790313306e-11,1080,"",TRUE,0.906086751454213,"saddlepoint",FALSE
"A","gene0894",36.1001610187992,TRUE,0.826393872367555,9.9317857106887e-11,1168,"",TRUE,0.825537715822745,"saddlepoint",FALSE
"A","gene0895",50.6888715188553,TRUE,0.372949808139556,9.91129506483328e-11,1121,"",TRUE,0.371092557234425,"saddlepoint",FALSE
"A","gene0896",56.1586851575241,TRUE,0.349079094836531,9.87082782047746e-11,1133,"",TRUE,0.347505687120388,"saddlepoint",FALSE
"A","gene0897",33.1147885540355,TRUE,0.8188479636252,9.83653940093455e-11,1132,"",TRUE,0.81785093162007,"saddlepoint",FALSE
"A","gene0898",42.8273683477207,TRUE,0.626857672098979,9.84600817218774e-11,1172,"",TRUE,0.625334196161402,"saddlepoint",FALSE
"A","gene0899",29.5563591421912,TRUE,0.901081278199581,9.91736429306958e-11,1183,"",TRUE,0.900481967518021,"saddlepoint",FALSE
"A","gene0900",54.4222940208687,TRUE,0.3414591106027,9.80135741448715e-11,1142,"",TRUE,0.339700029371436,"saddlepoint",FALSE
"A","gene0901",75.0676219124692,TRUE,0.102722393928992,9.81213289330367e-11,1158,"",TRUE,0.101775852483005,"saddlepoint",FALSE
"A","gene0902",46.5619755138125,TRUE,0.486118099864454,9.79445641344917e-11,1177,"",TRUE,0.484269772110913,"saddlepoint",FALSE
"A","gene0903",61.2377673278449,TRUE,0.26353525763901,9.82941489161872e-11,1226,"",TRUE,0.261791809993968,"saddlepoint",FALSE
"A","gene0904",38.122639620763,TRUE,0.674472197178406,9.9957909462621e-11,1160,"",TRUE,0.672935905855315,"saddlepoint",FALSE
"A","gene0905",35.1076667819633,TRUE,0.840160123202408,9.83314938263376e-11,1242,"",TRUE,0.83930425124125,"saddlepoint",FALSE
"A","gene0906",83.4046788512117,TRUE,0.0402509217185922,9.98059682317566e-11,1182,"",TRUE,0.0396640773120121,"saddlepoint",FALSE
"A","gene0907",35.8045191887973,TRUE,0.843592950436871,9.86479922271757e-11,1216,"",TRUE,0.842787660378544,"saddlepoint",FALSE
"A","gene0908",37.1085402326519,TRUE,0.651711140764288,9.82138648837269e-11,1160,"",TRUE,0.649904780738201,"saddlepoint",FALSE
"A","gene0909",74.3907915413513,TRUE,0.148890118529692,9.89468154763071e-11,1264,"",TRUE,0.147712700483421,"saddlepoint",FALSE
"A","gene0910",29.7607086847491,TRUE,0.816888899353001,9.82567717510222e-11,1167,"",TRUE,0.815746794904354,"saddlepoint",FALSE
"A","gene0911",82.3546148335394,TRUE,0.09741934071189,9.95330518851166e-11,1298,"",TRUE,0.096475133974249,"saddlepoint",FALSE
"A","gene0912",31.6391459267939,TRUE,0.747715354379541,9.85677327518947e-11,1178,"",TRUE,0.746234044116153,"saddlepoint",FALSE
"A","gene0913",72.0124189148129,TRUE,0.197647904420986,9.96360560246226e-11,1294,"",TRUE,0.196401852617025,"saddlepoint",FALSE
"A","gene0914",23.2989608425266,TRUE,0.916877678304218,9.84752226052162e-11,1185,"",TRUE,0.916253776968915,"saddlepoint",FALSE
"A","gene0915",66.3453756222691,TRUE,0.288046100198696,9.96828168511703e-11,1330,"",TRUE,0.286492752165054,"saddlepoint",FALSE
"A","gene0916",41.8414638705631,TRUE,0.428391570556726,9.87891273776173e-11,1203,"",TRUE,0.425795534708436,"saddlepoint",FALSE
"A","gene0917",36.6353552000858,TRUE,0.89344147344084,9.95108382089056e-11,1312,"",TRUE,0.89290996408974,"saddlepoint",FALSE
"A","gene0918",35.1196052914221,TRUE,0.577489803427193,9.82910091751159e-11,1151,"",TRUE,0.57529558164859,"saddlepoint",FALSE
"A","gene0919",63.4700263165947,TRUE,0.371180399709894,9.91116035813436e-11,1338,"",TRUE,0.369710174529648,"saddlepoint",FALSE
"A","gene0920",26.966936152494,TRUE,0.780138320634945,9.8404985223767e-11,1195,"",TRUE,0.778508775371457,"saddlepoint",FALSE
"A","gene0921",41.2788829425304,TRUE,0.841864143420996,9.91137369659584e-11,1356,"",TRUE,0.841129281305431,"saddlepoint",FALSE
"A","gene0922",34.6142268409446,TRUE,0.536157305064157,9.82782643243682e-11,1191,"",TRUE,0.533674628404637,"saddlepoint",FALSE
"A","gene0923",51.7120750337853,TRUE,0.650094719019972,9.8040265142374e-11,1370,"",TRUE,0.648893020179614,"saddlepoint",FALSE
"A","gene0924",69.1741879517652,TRUE,0.0491855709991253,9.99469021000648e-11,1188,"",TRUE,0.04828362392351,"saddlepoint",FALSE
"A","gene0925",54.7212446988545,TRUE,0.60472115027967,9.84535804119703e-11,1411,"",TRUE,0.603469739308276,"saddlepoint",FALSE
"A","gene0926",33.9669762080407,TRUE,0.498383259716251,9.8906858126812e-11,1158,"",TRUE,0.495511797175508,"saddlepoint",FALSE
"A","gene0927",41.4919219748069,TRUE,0.875643652540647,9.92554080917439e-11,1443,"",TRUE,0.87506466811976,"saddlepoint",FALSE
"A","gene0928",87.4942294623382,TRUE,0.00959357710116029,9.80231487342567e-11,1180,"",TRUE,0.00934190068856383,"saddlepoint",FALSE
"A","gene0929",80.3514710625315,TRUE,0.210298827098786,9.89472038375253e-11,1469,"",TRUE,0.209050002076984,"saddlepoint",FALSE
"A","gene0930",49.5120440448416,TRUE,0.156845001276599,9.84797228573836e-11,1194,"",TRUE,0.154182687896517,"saddlepoint",FALSE
"A","gene0931",49.6207824018831,TRUE,0.76137611390532,9.91883875923506e-11,1533,"",TRUE,0.760413450066769,"saddlepoint",FALSE
"A","gene0932",21.0663596141807,TRUE,0.806945827411403,9.8495497348472e-11,1177,"",TRUE,0.805190005491275,"saddlepoint",FALSE
"A","gene0933",81.4471811748102,TRUE,0.223734834018499,9.94204296255081e-11,1482,"",TRUE,0.222628900908036,"saddlepoint",FALSE
"A","gene0934",34.5112998555042,TRUE,0.376304166935919,9.80625042431259e-11,1184,"",TRUE,0.372853855235153,"saddlepoint",FALSE
"A","gene0935",40.6860310429653,TRUE,0.92395033953749,9.97099184360355e-11,1520,"",TRUE,0.923578548774263,"saddlepoint",FALSE
"A","gene0936",56.7148890870294,TRUE,0.0683666682598273,9.86646493130426e-11,1179,"",TRUE,0.0669044833585404,"saddlepoint",FALSE
"A","gene0937",68.6377568107383,TRUE,0.444007167668147,9.8409541149716e-11,1578,"",TRUE,0.44257100600812,"saddlepoint",FALSE
"A","gene0938",25.530549405575,TRUE,0.576197185710492,9.99918059051315e-11,1207,"",TRUE,0.572750737578092,"saddlepoint",FALSE
"A","gene0939",55.5989802246937,TRUE,0.712481143966713,9.91550930988863e-11,1585,"",TRUE,0.711473863073165,"saddlepoint",FALSE
"A","gene0940",45.0171703316938,TRUE,0.138178542847911,9.81718026641341e-11,1197,"",TRUE,0.136027035677765,"saddlepoint",FALSE
"A","gene0941",55.5853161943608,TRUE,0.729312366705097,9.99147962716523e-11,1629,"",TRUE,0.728378557843948,"saddlepoint",FALSE
"A","gene0942",71.9031413066913,TRUE,0.014603025380624,9.90498642307325e-11,1173,"",TRUE,0.0141624689800057,"saddlepoint",FALSE
"A","gene0943",49.2639418208858,TRUE,0.84964530655446,9.99223941978468e-11,1639,"",TRUE,0.849006266453726,"saddlepoint",FALSE
"A","gene0944",19.5929846128872,TRUE,0.686583884055927,9.91697678837111e-11,1200,"",TRUE,0.6832404551115,"saddlepoint",FALSE
"A","gene0945",55.5979119706431,TRUE,0.758908516717755,9.85097537396784e-11,1673,"",TRUE,0.758002278392854,"saddlepoint",FALSE
"A","gene0946",17.0032027192507,TRUE,0.754599176973244,9.97000913359643e-11,1207,"",TRUE,0.751787556716136,"saddlepoint",FALSE
"A","gene0947",103.763942801947,TRUE,0.108965598074228,9.9622823120267e-11,1653,"",TRUE,0.108189224404986,"saddlepoint",FALSE
"A","gene0948",10.4446634722702,TRUE,0.940444254080032,9.86326204629843e-11,1155,"",TRUE,0.939608118506697,"saddlepoint",FALSE
"A","gene0949",99.6343573655089,TRUE,0.144835135049157,9.97613060411441e-11,1699,"",TRUE,0.143949783377177,"saddlepoint",FALSE
"A","gene0950",16.9140348483721,TRUE,0.69116790281405,9.85948507624228e-11,1198,"",TRUE,0.687336781176759,"saddlepoint",FALSE
"A","gene0951",40.3242692687253,TRUE,0.969203816652605,9.95210986645852e-11,1768,"",TRUE,0.969053672067652,"saddlepoint",FALSE
"A","gene0952",15.7206270697059,TRUE,0.706144661602506,9.85046751198621e-11,1204,"",TRUE,0.702335343206422,"saddlepoint",FALSE
"A","gene0953",66.0050496710133,TRUE,0.633678620255605,9.8884119425699e-11,1746,"",TRUE,0.632600803917707,"saddlepoint",FALSE
"A","gene0954",27.9306996925541,TRUE,0.269060980728139,9.82776730547134e-11,1168,"",TRUE,0.263940775082487,"saddlepoint",FALSE
"A","gene0955",73.2290446449083,TRUE,0.518683984019272,9.95089308804438e-11,1815,"",TRUE,0.517350154144868,"saddlepoint",FALSE
"A","gene0956",43.3158259236266,TRUE,0.0656480075992814,9.9282459206998e-11,1180,"",TRUE,0.0637272910827171,"saddlepoint",FALSE
"A","gene0957",84.1147521647462,TRUE,0.36203813264519,9.90234133840112e-11,1843,"",TRUE,0.360742087581866,"saddlepoint",FALSE
"A","gene0958",24.7347203924783,TRUE,0.288529400009201,9.90527046777941e-11,1155,"",TRUE,0.282484877994314,"saddlepoint",FALSE
"A","gene0959",52.5392078615091,TRUE,0.0230773932275358,9.8392064027536e-11,1191,"",TRUE,0.0227033234100128,"saddlepoint",FALSE
"A","gene0960",62.3031875137707,TRUE,0.743372364094858,9.89623820174187e-11,1827,"",TRUE,0.742502554539956,"saddlepoint",FALSE
"A","gene0961",8.11900645836415,TRUE,0.919645555969214,9.93523163045351e-11,1221,"",TRUE,0.918230702714969,"saddlepoint",FALSE
"A","gene0962",119.040654930728,TRUE,0.0705503235592256,9.89935540225001e-11,1887,"",TRUE,0.0699600031494322,"saddlepoint",FALSE
"A","gene0963",12.7795050817127,TRUE,0.761308526465157,9.86634959387715e-11,1211,"",TRUE,0.757610594651449,"saddlepoint",FALSE
"A","gene0964",89.8577443763012,TRUE,0.273663656351641,9.98325237039875e-11,1897,"",TRUE,0.272441699932694,"saddlepoint",FALSE
"A","gene0965",40.5736886079986,TRUE,0.0959187327271354,9.98032684599269e-11,1280,"",TRUE,0.0930230122705413,"saddlepoint",FALSE
"A","gene0966",86.5868797617776,TRUE,0.300324412577081,9.99196252539185e-11,1861,"",TRUE,0.299076656290239,"saddlepoint",FALSE
"A","gene0967",19.2276607968317,TRUE,0.560945129896809,9.95450296086171e-11,1286,"",TRUE,0.555681191709016,"saddlepoint",FALSE
"A","gene0968",38.2545074005181,TRUE,0.977257447889094,9.87015072537872e-11,1857,"",TRUE,0.977141291776554,"saddlepoint",FALSE
"A","gene0969",16.0713679986194,TRUE,0.715140477616317,9.94807153862666e-11,1309,"",TRUE,0.711189728938383,"saddlepoint",FALSE
"A","gene0970",43.9401176661179,TRUE,0.933022254805472,9.9955070804493e-11,1879,"",TRUE,0.932694671424666,"saddlepoint",FALSE
"A","gene0971",13.3214578533605,TRUE,0.847571317574227,9.84804092115689e-11,1343,"",TRUE,0.845462789253816,"saddlepoint",FALSE
"A","gene0972",135.617803169033,TRUE,0.0205471352753701,9.97992882995416e-11,1905,"",TRUE,0.0203339557236156,"saddlepoint",FALSE
"A","gene0973",13.8072123342659,TRUE,0.853547429607864,9.96181954743443e-11,1377,"",TRUE,0.851529813971745,"saddlepoint",FALSE
"A","gene0974",62.1327845734499,TRUE,0.628413391361799,9.89505356992215e-11,1927,"",TRUE,0.627226727178977,"saddlepoint",FALSE
"A","gene0975",8.83279571659333,TRUE,0.980440332376022,9.96067207122316e-11,1368,"",TRUE,0.980160573786664,"saddlepoint",FALSE
"A","gene0976",36.312488750532,TRUE,0.971643481542467,9.95885917677054e-11,1913,"",TRUE,0.971486575661974,"saddlepoint",FALSE
"A","gene0977",19.5197146926833,TRUE,0.709263401073769,9.9742175998542e-11,1365,"",TRUE,0.706055522096332,"saddlepoint",FALSE
"A","gene0978",66.0104320886523,TRUE,0.520349854552261,9.86480244821904e-11,1967,"",TRUE,0.518771613037105,"saddlepoint",FALSE
"A","gene0979",28.7624475262235,TRUE,0.438584400718617,9.89443851287172e-11,1460,"",TRUE,0.434125889078273,"saddlepoint",FALSE
"A","gene0980",139.206905079508,TRUE,0.012723838404489,9.9190151968756e-11,1925,"",TRUE,0.0125038710136202,"saddlepoint",FALSE
"A","gene0981",22.2425016179481,TRUE,0.667349187082397,9.89867684889935e-11,1539,"",TRUE,0.663712182983566,"saddlepoint",FALSE
"A","gene0982",61.9574604162514,TRUE,0.558974176089966,9.9429747530029e-11,1949,"",TRUE,0.557506794824971,"saddlepoint",FALSE
"A","gene0983",55.1687682329075,TRUE,0.0866502849040909,9.87590808828112e-11,1544,"",TRUE,0.084571658416702,"saddlepoint",FALSE
"A","gene0984",72.3801998375436,TRUE,0.36370395466043,9.96726609125802e-11,2033,"",TRUE,0.362025439645644,"saddlepoint",FALSE
"A","gene0985",51.6469210638772,TRUE,0.121230953442541,9.93635711362371e-11,1594,"",TRUE,0.118637126083226,"saddlepoint",FALSE
"A","gene0986",67.3080922489388,TRUE,0.427165959255815,9.99235509873547e-11,1987,"",TRUE,0.425373529827096,"saddlepoint",FALSE
"A","gene0987",38.3746890905669,TRUE,0.314129765167038,9.94707170906724e-11,1607,"",TRUE,0.309735879427687,"saddlepoint",FALSE
"A","gene0988",61.0477318108795,TRUE,0.519608331568413,9.99236298088527e-11,1981,"",TRUE,0.517842865475379,"saddlepoint",FALSE
"A","gene0989",28.9002349926301,TRUE,0.569833482944833,9.87024686158536e-11,1650,"",TRUE,0.566209251416972,"saddlepoint",FALSE
"A","gene0990",55.2148705989216,TRUE,0.612004378655192,9.91914112153693e-11,1992,"",TRUE,0.610348797980801,"saddlepoint",FALSE
"A","gene0991",21.5489368835369,TRUE,0.808939299743554,9.96709759539839e-11,1690,"",TRUE,0.806979656304583,"saddlepoint",FALSE
"A","gene0992",82.4640598722865,TRUE,0.18920020072092,9.88581264917653e-11,1969,"",TRUE,0.187783636249978,"saddlepoint",FALSE
"A","gene0993",21.7335443928451,TRUE,0.823302394674672,9.86626336185736e-11,1722,"",TRUE,0.821475100177099,"saddlepoint",FALSE
"A","gene0994",27.5592555201746,TRUE,0.983766401744219,9.88608194873314e-11,2032,"",TRUE,0.983655278167055,"saddlepoint",FALSE
"A","gene0995",62.9045518712347,TRUE,0.0914616216740705,9.86847860373619e-11,1705,"",TRUE,0.0897900794734937,"saddlepoint",FALSE
"A","gene0996",45.1377453104547,TRUE,0.753628702893774,9.87508085828655e-11,2020,"",TRUE,0.752300590722381,"saddlepoint",FALSE
"A","gene0997",27.1235719229266,TRUE,0.717136196263016,9.96126531412588e-11,1765,"",TRUE,0.714515791797433,"saddlepoint",FALSE
"A","gene0998",56.5343994845185,TRUE,0.508755704481941,9.90210130688216e-11,2091,"",TRUE,0.506661223378589,"saddlepoint",FALSE
"A","gene0999",97.3224882884558,TRUE,0.0123207648367632,9.91668112101766e-11,1904,"",TRUE,0.0119664948178814,"saddlepoint",FALSE
"A","gene1000",53.4831469552337,TRUE,0.548832379709293,9.99216813891285e-11,2064,"",TRUE,0.54682108303056,"saddlepoint",FALSE
"B","gene0001",13.0449187707737,TRUE,0.899104581204536,6.99366597078054e-11,50,"",TRUE,0.899036770064693,"saddlepoint",FALSE
"B","gene0002",330.370059120425,FALSE,NA,3.01994757326285e-14,4096,"Series did not reach requested absolute and relative accuracy within term budget",TRUE,3.59525668168974e-27,"saddlepoint",FALSE
"B","gene0003",20.5298415306294,TRUE,0.542285863853549,7.29109300061717e-11,53,"",TRUE,0.541992623694636,"saddlepoint",FALSE
"B","gene0004",209.543166843475,FALSE,NA,3.01984999506733e-14,4096,"Series did not reach requested absolute and relative accuracy within term budget",TRUE,2.80942941476287e-12,"saddlepoint",FALSE
"B","gene0005",33.2828684532281,TRUE,0.0838522087120743,9.4070172766865e-11,53,"",TRUE,0.0836727551690493,"saddlepoint",FALSE
"B","gene0006",60.3971320881577,TRUE,0.908831218043607,7.50027284203425e-11,97,"",TRUE,0.908814301353816,"saddlepoint",FALSE
"B","gene0007",23.0207585168918,TRUE,0.512573513502263,8.72149072254393e-11,51,"",TRUE,0.512332745787489,"saddlepoint",FALSE
"B","gene0008",72.763780440499,TRUE,0.576946867480805,8.86947529852612e-11,92,"",TRUE,0.576893523734302,"saddlepoint",FALSE
"B","gene0009",27.7033720896486,TRUE,0.323082591659366,7.07192645372709e-11,55,"",TRUE,0.322804966994622,"saddlepoint",FALSE
"B","gene0010",69.32977370884,TRUE,0.653239539092237,9.48913119304742e-11,94,"",TRUE,0.653191219875472,"saddlepoint",FALSE
"B","gene0011",17.6635610676013,TRUE,0.877718594360197,8.04998321148921e-11,56,"",TRUE,0.87764107672535,"saddlepoint",FALSE
"B","gene0012",94.6885468559658,TRUE,0.0609168991529133,8.73939947645085e-11,95,"",TRUE,0.060893660556935,"saddlepoint",FALSE
"B","gene0013",42.298272138523,TRUE,0.0367433304185699,9.66309877167143e-11,58,"",TRUE,0.0366665834682173,"saddlepoint",FALSE
"B","gene0014",81.552726766395,TRUE,0.238221512648751,8.41016170550699e-11,94,"",TRUE,0.238166743513251,"saddlepoint",FALSE
"B","gene0015",35.2414736547931,TRUE,0.170416277087717,7.86979894771243e-11,59,"",TRUE,0.170233641467565,"saddlepoint",FALSE
"B","gene0016",81.7278459104493,TRUE,0.211322434182668,8.69610569534732e-11,95,"",TRUE,0.211266805142879,"saddlepoint",FALSE
"B","gene0017",36.1528919939925,TRUE,0.176630899839566,8.20035269072719e-11,61,"",TRUE,0.176452190076471,"saddlepoint",FALSE
"B","gene0018",67.673546756428,TRUE,0.582277551099588,9.05081740890795e-11,98,"",TRUE,0.582217514837267,"saddlepoint",FALSE
"B","gene0019",31.5347628244062,TRUE,0.388498244682374,6.69952108654955e-11,60,"",TRUE,0.38827131495156,"saddlepoint",FALSE
"B","gene0020",76.0427420572669,TRUE,0.295652162940908,9.57538695144262e-11,93,"",TRUE,0.29558694938109,"saddlepoint",FALSE
"B","gene0021",31.0213994248929,TRUE,0.461123421803691,6.52714812537578e-11,64,"",TRUE,0.460925794074373,"saddlepoint",FALSE
"B","gene0022",72.5971938658521,TRUE,0.362672091449553,8.89287665858593e-11,90,"",TRUE,0.362603076143106,"saddlepoint",FALSE
"B","gene0023",40.9935403876523,TRUE,0.141031154092303,9.11387310021869e-11,63,"",TRUE,0.140881994499877,"saddlepoint",FALSE
"B","gene0024",83.5542917241231,TRUE,0.10687718539139,9.34317751746967e-11,93,"",TRUE,0.106835171384433,"saddlepoint",FALSE
"B","gene0025",32.1373131343053,TRUE,0.50391839770223,8.03505341147141e-11,64,"",TRUE,0.50373349194021,"saddlepoint",FALSE
"B","gene0026",67.716447138638,TRUE,0.450473700436403,8.68071005160308e-11,93,"",TRUE,0.450395302991787,"saddlepoint",FALSE
"B","gene0027",67.8687178417289,TRUE,0.000995493228331131,8.23801388433534e-11,67,"",TRUE,0.000992103083167128,"saddlepoint",FALSE
"B","gene0028",70.6318978179195,TRUE,0.329619596556806,8.69807820604376e-11,91,"",TRUE,0.329543285440064,"saddlepoint",FALSE
"B","gene0029",21.9324967787561,TRUE,0.951667127824955,6.75756061351007e-11,67,"",TRUE,0.951641332425257,"saddlepoint",FALSE
"B","gene0030",63.5415280791163,TRUE,0.522453631266421,7.83216207818002e-11,93,"",TRUE,0.522378987943906,"saddlepoint",FALSE
"B","gene0031",27.163935308599,TRUE,0.843674395054833,9.71619526913929e-11,69,"",TRUE,0.843601482778447,"saddlepoint",FALSE
"B","gene0032",94.9913182552463,TRUE,0.0103339333030597,8.25617693244081e-11,93,"",TRUE,0.0103251468136867,"saddlepoint",FALSE
"B","gene0033",38.8553075902031,TRUE,0.385860856322121,6.48371457434918e-11,70,"",TRUE,0.385694735938569,"saddlepoint",FALSE
"B","gene0034",40.9233731777657,TRUE,0.982457286348335,7.9311881389689e-11,90,"",TRUE,0.982451974114375,"saddlepoint",FALSE
"B","gene0035",37.2244176919479,TRUE,0.499262612628636,9.50583945325684e-11,71,"",TRUE,0.499089971118874,"saddlepoint",FALSE
"B","gene0036",77.5212207951736,TRUE,0.0986892152399533,7.28630490903596e-11,92,"",TRUE,0.0986392463023544,"saddlepoint",FALSE
"B","gene0037",42.3730941329446,TRUE,0.330329826294098,6.7300796500417e-11,74,"",TRUE,0.330155447270821,"saddlepoint",FALSE
"B","gene0038",47.1915249879836,TRUE,0.891076027719491,7.25268134394927e-11,93,"",TRUE,0.891044605158345,"saddlepoint",FALSE
"B","gene0039",40.3125418902976,TRUE,0.452919146950092,9.11863595157332e-11,72,"",TRUE,0.452750483656775,"saddlepoint",FALSE
"B","gene0040",71.4630919117775,TRUE,0.158275863489417,6.98178138024662e-11,93,"",TRUE,0.158203976932578,"saddlepoint",FALSE
"B","gene0041",44.6640633769917,TRUE,0.323736654086777,9.96131672157188e-11,76,"",TRUE,0.323571206472409,"saddlepoint",FALSE
"B","gene0042",80.7016474920763,TRUE,0.0394160208039747,7.24817315542192e-11,91,"",TRUE,0.0393856627233361,"saddlepoint",FALSE
"B","gene0043",49.6044361147782,TRUE,0.204504225840509,6.91096705687441e-11,75,"",TRUE,0.204367802223094,"saddlepoint",FALSE
"B","gene0044",56.8561319015311,TRUE,0.512306093138354,7.2484533674734e-11,88,"",TRUE,0.51221347350273,"saddlepoint",FALSE
"B","gene0045",44.2561673792665,TRUE,0.41687697522828,9.89015110043276e-11,77,"",TRUE,0.416719442852481,"saddlepoint",FALSE
"B","gene0046",48.1727515491646,TRUE,0.776912902814459,6.71496965020182e-11,91,"",TRUE,0.77684916525465,"saddlepoint",FALSE
"B","gene0047",83.4155247527681,TRUE,0.000700447145519737,6.6468852774268e-11,79,"",TRUE,0.000698828282013082,"saddlepoint",FALSE
"B","gene0048",65.7325708735657,TRUE,0.185350404843865,9.30906566567156e-11,87,"",TRUE,0.185263234136036,"saddlepoint",FALSE
"B","gene0049",52.7551167388542,TRUE,0.208062548106285,7.23915385644237e-11,79,"",TRUE,0.207934274757082,"saddlepoint",FALSE
"B","gene0050",81.0598419165651,TRUE,0.0175818583163726,7.72007958320213e-11,88,"",TRUE,0.0175642391307764,"saddlepoint",FALSE
"B","gene0051",61.1892734919133,TRUE,0.0763827390501785,6.77828776180639e-11,82,"",TRUE,0.0763111771357201,"saddlepoint",FALSE
"B","gene0052",49.5513912487209,TRUE,0.634776328609952,9.29575889462193e-11,87,"",TRUE,0.634676467196587,"saddlepoint",FALSE
"B","gene0053",49.1049721869127,TRUE,0.388979289379574,8.513992294382e-11,83,"",TRUE,0.388833210584552,"saddlepoint",FALSE
"B","gene0054",64.0235752233533,TRUE,0.153922035576177,6.92635436310395e-11,89,"",TRUE,0.153830091216343,"saddlepoint",FALSE
"B","gene0055",69.4814247279425,TRUE,0.0297021946212656,6.76030323843065e-11,85,"",TRUE,0.0296693884337044,"saddlepoint",FALSE
"B","gene0056",51.5924325466028,TRUE,0.485057950499704,7.01139525670184e-11,86,"",TRUE,0.484936009283042,"saddlepoint",FALSE
"B","gene0057",57.3310100279047,TRUE,0.20322763068146,7.12285128882245e-11,83,"",TRUE,0.203111593469937,"saddlepoint",FALSE
"B","gene0058",57.0873977603381,TRUE,0.26626973678939,8.57847037762788e-11,85,"",TRUE,0.266145004172549,"saddlepoint",FALSE
"B","gene0059",52.352620665997,TRUE,0.383507985368486,8.65165979222621e-11,87,"",TRUE,0.383370789435238,"saddlepoint",FALSE
"B","gene0060",43.4044132882126,TRUE,0.719158869615161,8.80372267057436e-11,87,"",TRUE,0.71906511663404,"saddlepoint",FALSE
"B","gene0061",50.7029486042592,TRUE,0.480537215796326,8.67516378286366e-11,89,"",TRUE,0.480404065980181,"saddlepoint",FALSE
"B","gene0062",52.9317622873671,TRUE,0.328747677969525,9.5608067307313e-11,86,"",TRUE,0.328608538487566,"saddlepoint",FALSE
"B","gene0063",53.9131315003697,TRUE,0.400882905498631,8.63266400637913e-11,91,"",TRUE,0.400751303268376,"saddlepoint",FALSE
"B","gene0064",51.0606939046452,TRUE,0.356482747895732,9.03356085681789e-11,84,"",TRUE,0.356332795466857,"saddlepoint",FALSE
"B","gene0065",54.1205727824072,TRUE,0.429522647441798,8.38877874500057e-11,90,"",TRUE,0.429390636736614,"saddlepoint",FALSE
"B","gene0066",40.9455512091042,TRUE,0.705536537690744,9.93817414972863e-11,84,"",TRUE,0.705422445380164,"saddlepoint",FALSE
"B","gene0067",64.0665341707351,TRUE,0.175552476995586,9.41997059240689e-11,93,"",TRUE,0.175454672966638,"saddlepoint",FALSE
"B","gene0068",44.897799223015,TRUE,0.511488866154587,7.19388483787393e-11,84,"",TRUE,0.511340494684955,"saddlepoint",FALSE
"B","gene0069",59.5082055980925,TRUE,0.319751471969419,8.58942175198385e-11,91,"",TRUE,0.319631621368017,"saddlepoint",FALSE
"B","gene0070",45.9744801898402,TRUE,0.429325489855008,8.61368773617116e-11,81,"",TRUE,0.429165953732798,"saddlepoint",FALSE
"B","gene0071",71.5093555591598,TRUE,0.0914299862001658,9.36695361574737e-11,95,"",TRUE,0.0913628299970298,"saddlepoint",FALSE
"B","gene0072",47.1064428908582,TRUE,0.349116231200651,8.49449311346624e-11,83,"",TRUE,0.34893940878109,"saddlepoint",FALSE
"B","gene0073",64.8719870327908,TRUE,0.231235817778398,8.50130471119308e-11,96,"",TRUE,0.231134270147431,"saddlepoint",FALSE
"B","gene0074",38.9497024634621,TRUE,0.634354363835732,8.74389384140049e-11,83,"",TRUE,0.634203883294207,"saddlepoint",FALSE
"B","gene0075",63.3271318702778,TRUE,0.300351136175112,8.52381383249605e-11,99,"",TRUE,0.300234655228786,"saddlepoint",FALSE
"B","gene0076",62.423078806912,TRUE,0.0292804659108187,9.44338047971678e-11,83,"",TRUE,0.0292358427360701,"saddlepoint",FALSE
"B","gene0077",57.3005049071429,TRUE,0.530307678552866,9.86362924389021e-11,100,"",TRUE,0.530190846239787,"saddlepoint",FALSE
"B","gene0078",63.6991461963222,TRUE,0.0185805370042213,6.67328412039085e-11,81,"",TRUE,0.0185507975065787,"saddlepoint",FALSE
"B","gene0079",55.6876875804002,TRUE,0.621163778619532,9.77463054615581e-11,99,"",TRUE,0.621060724592636,"saddlepoint",FALSE
"B","gene0080",19.0510383184152,TRUE,0.997062481521452,7.83209244529549e-11,83,"",TRUE,0.997060649820186,"saddlepoint",FALSE
"B","gene0081",69.450087672654,TRUE,0.224691690583257,7.88282057901171e-11,102,"",TRUE,0.224593855078219,"saddlepoint",FALSE
"B","gene0082",32.0107424354065,TRUE,0.761905793934081,9.05486560297958e-11,80,"",TRUE,0.761775401637585,"saddlepoint",FALSE
"B","gene0083",63.9206450640882,TRUE,0.408689694740205,7.60208317737016e-11,104,"",TRUE,0.408578325154032,"saddlepoint",FALSE
"B","gene0084",40.9108809061433,TRUE,0.346201438040335,9.81148261594567e-11,82,"",TRUE,0.345979375481302,"saddlepoint",FALSE
"B","gene0085",54.7916511067771,TRUE,0.742577554460278,7.47924648646439e-11,105,"",TRUE,0.742497694666887,"saddlepoint",FALSE
"B","gene0086",49.4782829987928,TRUE,0.0948321886920406,8.08517734100095e-11,83,"",TRUE,0.0946942859235892,"saddlepoint",FALSE
"B","gene0087",64.2631597319048,TRUE,0.46338525721004,7.20376174077192e-11,107,"",TRUE,0.463271189423627,"saddlepoint",FALSE
"B","gene0088",36.6732843040227,TRUE,0.433901686953663,8.64453018716016e-11,77,"",TRUE,0.433654938104584,"saddlepoint",FALSE
"B","gene0089",75.2782401600366,TRUE,0.192611879553995,9.3611366813566e-11,109,"",TRUE,0.192522982439823,"saddlepoint",FALSE
"B","gene0090",29.2940586408444,TRUE,0.722348649856715,7.1801349967645e-11,81,"",TRUE,0.722165331830717,"saddlepoint",FALSE
"B","gene0091",54.6976742639136,TRUE,0.821063395676231,9.07327347477761e-11,108,"",TRUE,0.821007544355387,"saddlepoint",FALSE
"B","gene0092",38.3797514219766,TRUE,0.283497569065522,6.9955967180093e-11,78,"",TRUE,0.283234597986804,"saddlepoint",FALSE
"B","gene0093",68.3932240456842,TRUE,0.428406704910437,9.36946043753745e-11,112,"",TRUE,0.428301109677984,"saddlepoint",FALSE
"B","gene0094",29.3361583633231,TRUE,0.635385166296509,7.72024729301518e-11,78,"",TRUE,0.635155520709102,"saddlepoint",FALSE
"B","gene0095",73.7896186700407,TRUE,0.302017184010951,9.61365473448224e-11,111,"",TRUE,0.301914902365534,"saddlepoint",FALSE
"B","gene0096",19.9857361359392,TRUE,0.941186646486247,9.50233573467421e-11,79,"",TRUE,0.941135223399718,"saddlepoint",FALSE
"B","gene0097",71.1211038960326,TRUE,0.407184424611542,8.16176190217635e-11,114,"",TRUE,0.407075544347374,"saddlepoint",FALSE
"B","gene0098",29.1571289547528,TRUE,0.54946094935567,6.85716240191557e-11,79,"",TRUE,0.549160862696473,"saddlepoint",FALSE
"B","gene0099",96.3618581476211,TRUE,0.0283296964662166,7.55710882326815e-11,116,"",TRUE,0.0283065662973676,"saddlepoint",FALSE
"B","gene0100",34.0850282631747,TRUE,0.283093402378772,8.95095388325599e-11,76,"",TRUE,0.28278842044123,"saddlepoint",FALSE
"B","gene0101",62.7471728280402,TRUE,0.728821765623258,8.17786357837531e-11,117,"",TRUE,0.728747553558934,"saddlepoint",FALSE
"B","gene0102",44.583666458367,TRUE,0.0420102560105209,8.54368267756353e-11,75,"",TRUE,0.0418867362007814,"saddlepoint",FALSE
"B","gene0103",69.072582398319,TRUE,0.56525483873203,8.40737282852173e-11,123,"",TRUE,0.565159211585105,"saddlepoint",FALSE
"B","gene0104",30.2671651779171,TRUE,0.351384748058297,7.80964503678018e-11,75,"",TRUE,0.351005743082693,"saddlepoint",FALSE
"B","gene0105",88.81042176358,TRUE,0.115396201636127,7.4724532280173e-11,123,"",TRUE,0.115338237558199,"saddlepoint",FALSE
"B","gene0106",32.8276058150425,TRUE,0.212561056330318,8.5234058743236e-11,75,"",TRUE,0.21219922578886,"saddlepoint",FALSE
"B","gene0107",101.501887238104,TRUE,0.026842240650109,8.85417856112507e-11,123,"",TRUE,0.0268212512327223,"saddlepoint",FALSE
"B","gene0108",36.9766439749845,TRUE,0.0875956160036453,6.74024220768607e-11,75,"",TRUE,0.0873747145667079,"saddlepoint",FALSE
"B","gene0109",60.193976286236,TRUE,0.875831474281363,8.22848814367901e-11,120,"",TRUE,0.875791045132965,"saddlepoint",FALSE
"B","gene0110",36.0173164854717,TRUE,0.0837432779707978,7.72334501041028e-11,72,"",TRUE,0.0835093632559717,"saddlepoint",FALSE
"B","gene0111",104.488287056811,TRUE,0.0247056180159077,8.75514184262884e-11,124,"",TRUE,0.0246859942519074,"saddlepoint",FALSE
"B","gene0112",17.8392616627161,TRUE,0.79213464783734,7.24726873023267e-11,76,"",TRUE,0.791892347349792,"saddlepoint",FALSE
"B","gene0113",102.139881119218,TRUE,0.0397862797618076,7.55168064582937e-11,127,"",TRUE,0.0397594042431928,"saddlepoint",FALSE
"B","gene0114",17.355532033585,TRUE,0.771631578814603,9.52895065913124e-11,72,"",TRUE,0.77133569681336,"saddlepoint",FALSE
"B","gene0115",91.81809361837,TRUE,0.151396990766594,8.70294743389455e-11,131,"",TRUE,0.151332600933547,"saddlepoint",FALSE
"B","gene0116",33.2415065492533,TRUE,0.070476130536109,9.28738211553384e-11,72,"",TRUE,0.0701943809652751,"saddlepoint",FALSE
"B","gene0117",66.507238248808,TRUE,0.821035209241634,7.35610782899056e-11,130,"",TRUE,0.820984584461748,"saddlepoint",FALSE
"B","gene0118",21.9506029152226,TRUE,0.398459222053836,8.36051847327365e-11,69,"",TRUE,0.397852763234248,"saddlepoint",FALSE
"B","gene0119",31.65861439105,TRUE,0.0583028494879919,6.96974533209022e-11,70,"",TRUE,0.0580783174747955,"saddlepoint",FALSE
"B","gene0120",106.40763222106,TRUE,0.0359849547856282,9.70083364223821e-11,131,"",TRUE,0.0359617308775239,"saddlepoint",FALSE
"B","gene0121",32.45415826421,TRUE,0.0647841960526875,7.79568855215768e-11,72,"",TRUE,0.064541388562901,"saddlepoint",FALSE
"B","gene0122",64.785210595101,TRUE,0.856535944092918,8.96469777751652e-11,132,"",TRUE,0.856492622623325,"saddlepoint",FALSE
"B","gene0123",30.2542786070572,TRUE,0.125224945512255,9.61335218786601e-11,71,"",TRUE,0.124825348593819,"saddlepoint",FALSE
"B","gene0124",88.9405187313732,TRUE,0.201126069621042,9.08339503331683e-11,131,"",TRUE,0.201047809845383,"saddlepoint",FALSE
"B","gene0125",28.6217897128916,TRUE,0.20313678247926,8.9501106721214e-11,74,"",TRUE,0.202669289257768,"saddlepoint",FALSE
"B","gene0126",113.653383949066,TRUE,0.00790982462643858,9.13593595306544e-11,131,"",TRUE,0.00790212670970574,"saddlepoint",FALSE
"B","gene0127",46.3666517716499,TRUE,0.00755180807682213,9.8577837407722e-11,75,"",TRUE,0.00751184853598114,"saddlepoint",FALSE
"B","gene0128",77.0283390493624,TRUE,0.443179979574955,7.89890353646017e-11,129,"",TRUE,0.44307784160679,"saddlepoint",FALSE
"B","gene0129",16.6900550464917,TRUE,0.875590853846828,9.01991806440995e-11,79,"",TRUE,0.875427613774438,"saddlepoint",FALSE
"B","gene0130",93.5522741998395,TRUE,0.0878965662989583,9.35232415057337e-11,131,"",TRUE,0.0878444334783891,"saddlepoint",FALSE
"B","gene0131",31.2875641508135,TRUE,0.227352423863338,9.55896451403093e-11,78,"",TRUE,0.226934705544151,"saddlepoint",FALSE
"B","gene0132",98.3040955571027,TRUE,0.0425095557041988,8.00076203205657e-11,130,"",TRUE,0.0424789101560434,"saddlepoint",FALSE
"B","gene0133",22.3000985531376,TRUE,0.701041938016376,9.03588271913836e-11,81,"",TRUE,0.700716438174003,"saddlepoint",FALSE
"B","gene0134",93.1441006712268,TRUE,0.0710146253176259,8.69919664732086e-11,130,"",TRUE,0.0709667176908605,"saddlepoint",FALSE
"B","gene0135",46.4253173907642,TRUE,0.0237792036027909,8.17349043807057e-11,81,"",TRUE,0.0236853337071216,"saddlepoint",FALSE
"B","gene0136",53.150687872561,TRUE,0.940003439675677,8.12492141708671e-11,126,"",TRUE,0.93997894791834,"saddlepoint",FALSE
"B","gene0137",29.2539997410908,TRUE,0.445335846884132,9.16984292860003e-11,85,"",TRUE,0.444923991836338,"saddlepoint",FALSE
"B","gene0138",90.5724962186429,TRUE,0.0736724726265278,8.70710483965101e-11,128,"",TRUE,0.0736191009449078,"saddlepoint",FALSE
"B","gene0139",25.3865757483688,TRUE,0.685689405695103,8.92437220043757e-11,84,"",TRUE,0.685391593380949,"saddlepoint",FALSE
"B","gene0140",72.7721758846947,TRUE,0.388810870600621,8.13746235108978e-11,133,"",TRUE,0.388689136689923,"saddlepoint",FALSE
"B","gene0141",33.9580891554317,TRUE,0.330131965255682,9.40290502252951e-11,87,"",TRUE,0.329756512165302,"saddlepoint",FALSE
"B","gene0142",77.4018369529052,TRUE,0.241784249687978,7.47274319246732e-11,130,"",TRUE,0.241671974261973,"saddlepoint",FALSE
"B","gene0143",21.6075324913576,TRUE,0.900531832641443,7.22392951664139e-11,89,"",TRUE,0.900424082883739,"saddlepoint",FALSE
"B","gene0144",47.4935189493503,TRUE,0.962123850704018,8.09468879187265e-11,127,"",TRUE,0.962105286670729,"saddlepoint",FALSE
"B","gene0145",29.2429312506067,TRUE,0.635729215780656,9.10322280880602e-11,91,"",TRUE,0.635439204010626,"saddlepoint",FALSE
"B","gene0146",81.1996169669581,TRUE,0.131149290711874,8.90017350725809e-11,125,"",TRUE,0.131071214915271,"saddlepoint",FALSE
"B","gene0147",43.7998124427916,TRUE,0.136472700601531,9.76471367414473e-11,92,"",TRUE,0.136242055231396,"saddlepoint",FALSE
"B","gene0148",58.5872837111201,TRUE,0.70840136308233,9.29661731711301e-11,126,"",TRUE,0.70829517383503,"saddlepoint",FALSE
"B","gene0149",32.4719322368693,TRUE,0.575045886739729,8.9930151216458e-11,92,"",TRUE,0.574750541055843,"saddlepoint",FALSE
"B","gene0150",56.1357915951375,TRUE,0.752442082930154,8.0569481479293e-11,128,"",TRUE,0.752342743439482,"saddlepoint",FALSE
"B","gene0151",33.1232620702983,TRUE,0.589496712066649,8.50191301366397e-11,96,"",TRUE,0.589200133911197,"saddlepoint",FALSE
"B","gene0152",56.7662965619341,TRUE,0.706530076599986,9.78433684984195e-11,124,"",TRUE,0.706421286121389,"saddlepoint",FALSE
"B","gene0153",27.0291787396891,TRUE,0.864697762089686,7.66976661760281e-11,100,"",TRUE,0.864569171348669,"saddlepoint",FALSE
"B","gene0154",63.3686571837908,TRUE,0.458567341407281,9.83583792754997e-11,124,"",TRUE,0.458417044797455,"saddlepoint",FALSE
"B","gene0155",34.4666692023199,TRUE,0.615160945148559,8.64602325281391e-11,100,"",TRUE,0.614894363996748,"saddlepoint",FALSE
"B","gene0156",50.8534691158594,TRUE,0.820181329142418,8.99118271697509e-11,124,"",TRUE,0.820097602137743,"saddlepoint",FALSE
"B","gene0157",35.273111895336,TRUE,0.621544282983166,7.91456280938366e-11,103,"",TRUE,0.621284429886021,"saddlepoint",FALSE
"B","gene0158",63.9417645594817,TRUE,0.37623694923402,7.76348057021647e-11,124,"",TRUE,0.376076250139251,"saddlepoint",FALSE
"B","gene0159",41.0047677908101,TRUE,0.422764873226477,9.44253898162162e-11,107,"",TRUE,0.422479758201989,"saddlepoint",FALSE
"B","gene0160",76.6185483716396,TRUE,0.0901465230206377,7.78255739475493e-11,128,"",TRUE,0.090062552077955,"saddlepoint",FALSE
"B","gene0161",33.3657192181908,TRUE,0.771741135121097,7.81941140526668e-11,105,"",TRUE,0.771568142971019,"saddlepoint",FALSE
"B","gene0162",56.5452663896413,TRUE,0.553033857407021,8.04006760799468e-11,127,"",TRUE,0.552871790925093,"saddlepoint",FALSE
"B","gene0163",34.8994079436537,TRUE,0.749506075370159,7.39579044707617e-11,105,"",TRUE,0.749324136492213,"saddlepoint",FALSE
"B","gene0164",38.3223905914334,TRUE,0.969316468221336,9.31507356601198e-11,124,"",TRUE,0.969296379306826,"saddlepoint",FALSE
"B","gene0165",56.081086595711,TRUE,0.104756926621347,8.33595227892579e-11,106,"",TRUE,0.104601088921507,"saddlepoint",FALSE
"B","gene0166",50.4777503832758,TRUE,0.694153566719548,9.56314678596422e-11,124,"",TRUE,0.694013126083288,"saddlepoint",FALSE
"B","gene0167",64.4078118295373,TRUE,0.0358074528688213,9.60511882704129e-11,108,"",TRUE,0.0357360402221152,"saddlepoint",FALSE
"B","gene0168",44.1575162818331,TRUE,0.850983977736728,7.74729049901439e-11,123,"",TRUE,0.850895846635071,"saddlepoint",FALSE
"B","gene0169",31.0553889438133,TRUE,0.927237607875943,9.04433649826474e-11,114,"",TRUE,0.927176341239861,"saddlepoint",FALSE
"B","gene0170",54.1415661512611,TRUE,0.498024715344044,8.25067675855676e-11,125,"",TRUE,0.497825650110867,"saddlepoint",FALSE
"B","gene0171",33.4028161951641,TRUE,0.897191679970117,7.79443339298663e-11,117,"",TRUE,0.897108803032424,"saddlepoint",FALSE
"B","gene0172",52.3493381181071,TRUE,0.526376716337055,8.21431395126027e-11,122,"",TRUE,0.52618109132724,"saddlepoint",FALSE
"B","gene0173",39.993114565545,TRUE,0.731148507841866,9.58171060940274e-11,115,"",TRUE,0.730975064374975,"saddlepoint",FALSE
"B","gene0174",36.9207009535585,TRUE,0.93948305406932,8.06239948392649e-11,119,"",TRUE,0.939439489552329,"saddlepoint",FALSE
"B","gene0175",74.3293500670581,TRUE,0.0158662210498711,8.74456912588160e-11,117,"",TRUE,0.0158324918564008,"saddlepoint",FALSE
"B","gene0176",48.2055376016408,TRUE,0.605646217477115,8.90742702036942e-11,121,"",TRUE,0.605461603017218,"saddlepoint",FALSE
"B","gene0177",53.7495267974093,TRUE,0.30608054623444,8.97937288760198e-11,121,"",TRUE,0.305854049531156,"saddlepoint",FALSE
"B","gene0178",85.8103812228829,TRUE,0.00432877600976287,8.51599176918648e-11,118,"",TRUE,0.00431789180011153,"saddlepoint",FALSE
"B","gene0179",51.5946037350666,TRUE,0.409851299161834,7.8566138946197e-11,118,"",TRUE,0.409628879773523,"saddlepoint",FALSE
"B","gene0180",60.1233134089495,TRUE,0.17228792672797,7.88025914595820e-11,116,"",TRUE,0.172110612894973,"saddlepoint",FALSE
"B","gene0181",65.1434991538748,TRUE,0.107428802862945,8.12315438438599e-11,122,"",TRUE,0.107296353847475,"saddlepoint",FALSE
"B","gene0182",72.9002915637916,TRUE,0.0249874103656403,9.44076000101296e-11,119,"",TRUE,0.0249389462522941,"saddlepoint",FALSE
"B","gene0183",43.6446604616136,TRUE,0.761795826742489,9.58895512905705e-11,127,"",TRUE,0.761645307602225,"saddlepoint",FALSE
"B","gene0184",46.5334083804268,TRUE,0.520678910577704,9.22459510578448e-11,117,"",TRUE,0.520432386125829,"saddlepoint",FALSE
"B","gene0185",32.4246928456426,TRUE,0.981828998872375,8.18709096285682e-11,127,"",TRUE,0.981814136693486,"saddlepoint",FALSE
"B","gene0186",33.5586079332195,TRUE,0.910819777750262,9.61824454717014e-11,117,"",TRUE,0.910747782078249,"saddlepoint",FALSE
"B","gene0187",56.2099319239329,TRUE,0.392811865665111,9.50094525623002e-11,126,"",TRUE,0.392603872130559,"saddlepoint",FALSE
"B","gene0188",48.1968260449374,TRUE,0.384806254754289,9.97239307733329e-11,117,"",TRUE,0.384551621763108,"saddlepoint",FALSE
"B","gene0189",47.9318100666052,TRUE,0.713442296391767,9.27999777716737e-11,130,"",TRUE,0.713278104441629,"saddlepoint",FALSE
"B","gene0190",27.6726722441254,TRUE,0.971073316820311,9.35609285358796e-11,116,"",TRUE,0.971045178816555,"saddlepoint",FALSE
"B","gene0191",46.1882135473852,TRUE,0.795959462347389,8.43344505016032e-11,129,"",TRUE,0.795842194991828,"saddlepoint",FALSE
"B","gene0192",37.3972494335963,TRUE,0.72236694647405,9.66487872806204e-11,118,"",TRUE,0.722151995834489,"saddlepoint",FALSE
"B","gene0193",70.2346407248157,TRUE,0.132412288076518,8.32817201703098e-11,134,"",TRUE,0.13228875412157,"saddlepoint",FALSE
"B","gene0194",44.0316711395809,TRUE,0.423981411620565,9.47085589207003e-11,115,"",TRUE,0.423689458470894,"saddlepoint",FALSE
"B","gene0195",62.842325783219,TRUE,0.317627546690263,7.67080920809592e-11,135,"",TRUE,0.317446217502237,"saddlepoint",FALSE
"B","gene0196",34.9895735950659,TRUE,0.742556732592789,7.63971362842571e-11,115,"",TRUE,0.742346283570272,"saddlepoint",FALSE
"B","gene0197",57.8417179338278,TRUE,0.507380926982343,9.53196422075371e-11,134,"",TRUE,0.507193695600518,"saddlepoint",FALSE
"B","gene0198",31.2173741507164,TRUE,0.839347354655866,9.56675439822002e-11,113,"",TRUE,0.839197035473712,"saddlepoint",FALSE
"B","gene0199",71.8140622198662,TRUE,0.161659316246512,8.32656682318855e-11,136,"",TRUE,0.161526287021334,"saddlepoint",FALSE
"B","gene0200",32.1427854319224,TRUE,0.779487093174758,9.36894873205911e-11,113,"",TRUE,0.779276894022463,"saddlepoint",FALSE
"B","gene0201",59.9222750385872,TRUE,0.504396637965272,8.72199285993809e-11,140,"",TRUE,0.504214270520552,"saddlepoint",FALSE
"B","gene0202",40.2529311047423,TRUE,0.411531542263267,8.43028055675342e-11,111,"",TRUE,0.411191724251595,"saddlepoint",FALSE
"B","gene0203",62.9667907037621,TRUE,0.438326040496521,9.35666616885475e-11,139,"",TRUE,0.438147571547417,"saddlepoint",FALSE
"B","gene0204",35.2413105361698,TRUE,0.578343618704476,9.84905787026862e-11,112,"",TRUE,0.578017267879655,"saddlepoint",FALSE
"B","gene0205",73.3562260277269,TRUE,0.194738295975291,8.21077389022082e-11,142,"",TRUE,0.194597889483272,"saddlepoint",FALSE
"B","gene0206",39.4825748672164,TRUE,0.361537718090233,9.23853260602694e-11,113,"",TRUE,0.361149129159593,"saddlepoint",FALSE
"B","gene0207",70.6146330809978,TRUE,0.279951997551304,8.30095186381621e-11,147,"",TRUE,0.27978765010564,"saddlepoint",FALSE
"B","gene0208",34.4888975252831,TRUE,0.525166007919974,8.25691549638172e-11,113,"",TRUE,0.524792307599976,"saddlepoint",FALSE
"B","gene0209",51.0481104360978,TRUE,0.871278172932301,8.87112875562826e-11,147,"",TRUE,0.871202686558277,"saddlepoint",FALSE
"B","gene0210",58.3992265138005,TRUE,0.0155221152415171,7.57455514326447e-11,110,"",TRUE,0.0154687650645695,"saddlepoint",FALSE
"B","gene0211",74.9527723733935,TRUE,0.229001108031962,8.44231352035464e-11,152,"",TRUE,0.228850475058148,"saddlepoint",FALSE
"B","gene0212",30.34038705199,TRUE,0.623373399956023,8.91311814394009e-11,109,"",TRUE,0.622983485059879,"saddlepoint",FALSE
"B","gene0213",65.250681051155,TRUE,0.524634201154811,8.86603711454381e-11,153,"",TRUE,0.524464451225281,"saddlepoint",FALSE
"B","gene0214",31.4717243911779,TRUE,0.526980094736049,9.00249218162459e-11,108,"",TRUE,0.526539984256254,"saddlepoint",FALSE
"B","gene0215",62.1827861853756,TRUE,0.651486933396717,9.66296651526942e-11,150,"",TRUE,0.651343052183454,"saddlepoint",FALSE
"B","gene0216",30.650788268576,TRUE,0.518953510459728,9.33253049492655e-11,105,"",TRUE,0.51848066644512,"saddlepoint",FALSE
"B","gene0217",74.7907802504555,TRUE,0.307614110475916,9.89716320508836e-11,156,"",TRUE,0.307449256989632,"saddlepoint",FALSE
"B","gene0218",39.7996561166857,TRUE,0.153543538121247,9.31228896078329e-11,108,"",TRUE,0.153192519841451,"saddlepoint",FALSE
"B","gene0219",65.3438109331104,TRUE,0.613241193200877,8.85401564348562e-11,158,"",TRUE,0.613091055301639,"saddlepoint",FALSE
"B","gene0220",19.9413625811201,TRUE,0.894856309964585,9.81999687729024e-11,109,"",TRUE,0.894684243612281,"saddlepoint",FALSE
"B","gene0221",62.4269222268119,TRUE,0.727065579452485,9.87364626907697e-11,161,"",TRUE,0.726945045048221,"saddlepoint",FALSE
"B","gene0222",45.3341756699535,TRUE,0.0418007446593214,8.49075136913867e-11,105,"",TRUE,0.0416206536664389,"saddlepoint",FALSE
"B","gene0223",91.8176393290802,TRUE,0.078499865767035,8.18513192337236e-11,159,"",TRUE,0.0784300552664914,"saddlepoint",FALSE
"B","gene0224",33.3309154711995,TRUE,0.237269980383343,8.28167660317514e-11,106,"",TRUE,0.236733425593821,"saddlepoint",FALSE
"B","gene0225",66.0077792310135,TRUE,0.679049907969144,8.48532950175653e-11,164,"",TRUE,0.67891830490924,"saddlepoint",FALSE
"B","gene0226",25.0235461329437,TRUE,0.552216079231605,9.41334885474349e-11,106,"",TRUE,0.551607846287281,"saddlepoint",FALSE
"B","gene0227",72.4097718877622,TRUE,0.518052612482126,9.88246441060645e-11,166,"",TRUE,0.517901339418679,"saddlepoint",FALSE
"B","gene0228",23.7552245563835,TRUE,0.567877720826098,9.95617225815759e-11,100,"",TRUE,0.567263508463152,"saddlepoint",FALSE
"B","gene0229",85.3258872294198,TRUE,0.215501067870513,9.04845911197348e-11,170,"",TRUE,0.21538366532213,"saddlepoint",FALSE
"B","gene0230",17.1864996442973,TRUE,0.846533897801016,8.36852272591629e-11,105,"",TRUE,0.846228002254655,"saddlepoint",FALSE
"B","gene0231",79.1352471155622,TRUE,0.38401785286816,8.38857207438246e-11,174,"",TRUE,0.383865976165201,"saddlepoint",FALSE
"B","gene0232",19.7218054022152,TRUE,0.682398058136861,8.92163572836432e-11,103,"",TRUE,0.681805359443636,"saddlepoint",FALSE
"B","gene0233",82.1184632864866,TRUE,0.333815210458218,9.70304855885638e-11,171,"",TRUE,0.333668316610097,"saddlepoint",FALSE
"B","gene0234",15.4427213291266,TRUE,0.849556117994334,8.3807513175365e-11,102,"",TRUE,0.849218987324749,"saddlepoint",FALSE
"B","gene0235",54.3592731462111,TRUE,0.968658585386208,9.38815060847614e-11,171,"",TRUE,0.968639292042389,"saddlepoint",FALSE
"B","gene0236",13.8387737917401,TRUE,0.882266888387005,8.99279162420996e-11,98,"",TRUE,0.881990310966411,"saddlepoint",FALSE
"B","gene0237",93.9819670539187,TRUE,0.144333571936061,8.88305905612577e-11,176,"",TRUE,0.144243538290722,"saddlepoint",FALSE
"B","gene0238",28.2780322032551,TRUE,0.151366145695301,8.31780085888863e-11,97,"",TRUE,0.150679715004885,"saddlepoint",FALSE
"B","gene0239",26.2856567156032,TRUE,0.174182690926435,8.16719693719388e-11,99,"",TRUE,0.173437844167457,"saddlepoint",FALSE
"B","gene0240",69.2325699796036,TRUE,0.767082914959196,9.61418860105298e-11,177,"",TRUE,0.766983021805107,"saddlepoint",FALSE
"B","gene0241",15.666828661792,TRUE,0.756674638578745,9.40328318140525e-11,98,"",TRUE,0.7561226358521,"saddlepoint",FALSE
"B","gene0242",93.3965188468212,TRUE,0.153500425871473,9.4632714533506e-11,181,"",TRUE,0.153400368437228,"saddlepoint",FALSE
"B","gene0243",18.9390339932882,TRUE,0.62061587235673,7.85826010925132e-11,104,"",TRUE,0.619857261527383,"saddlepoint",FALSE
"B","gene0244",68.0252488199131,TRUE,0.750574978572665,9.24930628506786e-11,179,"",TRUE,0.750469349086713,"saddlepoint",FALSE
"B","gene0245",39.6881497165194,TRUE,0.0295646780809279,9.35662113109650e-11,105,"",TRUE,0.0293501334492989,"saddlepoint",FALSE
"B","gene0246",137.869402643421,TRUE,0.000253116347617342,8.25507447772475e-11,182,"",TRUE,0.000252571538915815,"saddlepoint",FALSE
"B","gene0247",21.1517589431601,TRUE,0.60234004527364,8.30270658540126e-11,109,"",TRUE,0.601625907540129,"saddlepoint",FALSE
"B","gene0248",102.833429056631,TRUE,0.0379699278694847,8.91076456870608e-11,176,"",TRUE,0.0379286407535475,"saddlepoint",FALSE
"B","gene0249",20.4689919483513,TRUE,0.689578943634598,8.13745483214771e-11,113,"",TRUE,0.689010849818894,"saddlepoint",FALSE
"B","gene0250",82.017089360176,TRUE,0.286711387339557,9.01056786692736e-11,175,"",TRUE,0.286560664607453,"saddlepoint",FALSE
"B","gene0251",24.1090571374935,TRUE,0.547817117452825,8.88671338123218e-11,109,"",TRUE,0.547154227269272,"saddlepoint",FALSE
"B","gene0252",65.8719864371846,TRUE,0.706749600565601,8.17655105948834e-11,179,"",TRUE,0.706615043559778,"saddlepoint",FALSE
"B","gene0253",29.9958710202055,TRUE,0.31956015020575,8.86326186597987e-11,110,"",TRUE,0.318918074539898,"saddlepoint",FALSE
"B","gene0254",61.2384144684603,TRUE,0.801738281891735,8.44225698463236e-11,178,"",TRUE,0.801631135792636,"saddlepoint",FALSE
"B","gene0255",29.1060177741435,TRUE,0.401903921888068,7.93614262847853e-11,115,"",TRUE,0.401192662201431,"saddlepoint",FALSE
"B","gene0256",66.646395636436,TRUE,0.630249885563304,8.49415042968558e-11,172,"",TRUE,0.63009422879256,"saddlepoint",FALSE
"B","gene0257",28.6805174924539,TRUE,0.468431514823129,9.43138894348057e-11,119,"",TRUE,0.46779179969506,"saddlepoint",FALSE
"B","gene0258",53.8364402973675,TRUE,0.91024973052934,9.33635399893995e-11,179,"",TRUE,0.91019166542546,"saddlepoint",FALSE
"B","gene0259",29.8111510972416,TRUE,0.463088402713547,9.79473833854008e-11,118,"",TRUE,0.462504095666788,"saddlepoint",FALSE
"B","gene0260",42.1535073972129,TRUE,0.992696822665707,9.17840944848931e-11,174,"",TRUE,0.992690881182462,"saddlepoint",FALSE
"B","gene0261",35.3089321844243,TRUE,0.282858084863889,9.11124019655797e-11,122,"",TRUE,0.282304093514866,"saddlepoint",FALSE
"B","gene0262",85.4360355567553,TRUE,0.11335991842762,9.23013562825238e-11,172,"",TRUE,0.113251800533414,"saddlepoint",FALSE
"B","gene0263",39.380134358572,TRUE,0.193844611748991,9.99149896933199e-11,126,"",TRUE,0.193404654520582,"saddlepoint",FALSE
"B","gene0264",64.4054109456476,TRUE,0.579210006364333,9.66953955599224e-11,174,"",TRUE,0.579029370646874,"saddlepoint",FALSE
"B","gene0265",31.6645463340768,TRUE,0.515337009362311,9.48405282801858e-11,123,"",TRUE,0.514801532789774,"saddlepoint",FALSE
"B","gene0266",55.0234556086535,TRUE,0.817409492619191,8.24368360033412e-11,175,"",TRUE,0.817292243310676,"saddlepoint",FALSE
"B","gene0267",26.8561365103468,TRUE,0.767620858443935,8.02541820976374e-11,127,"",TRUE,0.767280468585234,"saddlepoint",FALSE
"B","gene0268",54.5341110396221,TRUE,0.807130887841603,8.41297220690457e-11,173,"",TRUE,0.807008278989678,"saddlepoint",FALSE
"B","gene0269",35.6654809320033,TRUE,0.429416381743582,8.0585627092785e-11,131,"",TRUE,0.42888258534124,"saddlepoint",FALSE
"B","gene0270",64.677879157126,TRUE,0.478195090762347,9.18950242507002e-11,171,"",TRUE,0.477987115944586,"saddlepoint",FALSE
"B","gene0271",32.3327536212137,TRUE,0.614629030243018,8.17306701375413e-11,134,"",TRUE,0.614177674247955,"saddlepoint",FALSE
"B","gene0272",66.0540522138996,TRUE,0.405861769616522,8.64712474801105e-11,171,"",TRUE,0.405634839536915,"saddlepoint",FALSE
"B","gene0273",39.9076075040349,TRUE,0.34665615219885,8.10017784184242e-11,134,"",TRUE,0.346212371084695,"saddlepoint",FALSE
"B","gene0274",58.3528987580832,TRUE,0.615094242305305,8.21065058390774e-11,174,"",TRUE,0.614889375785796,"saddlepoint",FALSE
"B","gene0275",29.5051192448513,TRUE,0.801039888036919,8.41982401768998e-11,137,"",TRUE,0.800777558955005,"saddlepoint",FALSE
"B","gene0276",54.1629791097605,TRUE,0.715092674222528,8.80453418505844e-11,169,"",TRUE,0.714911675642455,"saddlepoint",FALSE
"B","gene0277",47.0753648953987,TRUE,0.198636915723698,8.11338166247476e-11,141,"",TRUE,0.198294154498887,"saddlepoint",FALSE
"B","gene0278",41.2057206548557,TRUE,0.959724014727094,9.90321150280173e-11,172,"",TRUE,0.959687329015557,"saddlepoint",FALSE
"B","gene0279",51.7351290348442,TRUE,0.127452952476904,8.10008783679907e-11,142,"",TRUE,0.127197027765117,"saddlepoint",FALSE
"B","gene0280",76.9612436343478,TRUE,0.0956667817529591,9.94846336387079e-11,168,"",TRUE,0.0955447683551519,"saddlepoint",FALSE
"B","gene0281",40.7375188011955,TRUE,0.470000109698925,8.30619202433526e-11,144,"",TRUE,0.469571533285541,"saddlepoint",FALSE
"B","gene0282",61.6710515431827,TRUE,0.383645533691231,8.17163916286105e-11,169,"",TRUE,0.383395685560193,"saddlepoint",FALSE
"B","gene0283",56.699349796769,TRUE,0.0894475331120288,9.2295191996862e-11,144,"",TRUE,0.0892377988852685,"saddlepoint",FALSE
"B","gene0284",72.7029927167594,TRUE,0.120373269971319,8.28104894769546e-11,168,"",TRUE,0.120217819518024,"saddlepoint",FALSE
"B","gene0285",58.2465171322935,TRUE,0.0853496083749208,9.50913949904035e-11,146,"",TRUE,0.0851764476221832,"saddlepoint",FALSE
"B","gene0286",52.6445425916828,TRUE,0.610815465248804,8.26729511130102e-11,168,"",TRUE,0.610566719331789,"saddlepoint",FALSE
"B","gene0287",58.8087090961829,TRUE,0.0930968374079067,9.57770276933598e-11,148,"",TRUE,0.0928917037381827,"saddlepoint",FALSE
"B","gene0288",71.8240567655168,TRUE,0.103041681765937,8.90734410058727e-11,175,"",TRUE,0.10288498307372,"saddlepoint",FALSE
"B","gene0289",52.1981615074519,TRUE,0.235296413773197,8.84197075908151e-11,150,"",TRUE,0.234989062438144,"saddlepoint",FALSE
"B","gene0290",63.7031720950071,TRUE,0.22077662194669,9.36992206913845e-11,168,"",TRUE,0.220533493194895,"saddlepoint",FALSE
"B","gene0291",36.7444253148907,TRUE,0.795631187485281,8.58824005835201e-11,153,"",TRUE,0.795409533669261,"saddlepoint",FALSE
"B","gene0292",38.5027529894411,TRUE,0.918585207422279,9.07544232906649e-11,164,"",TRUE,0.918500803389517,"saddlepoint",FALSE
"B","gene0293",40.2888976848574,TRUE,0.708121256710726,8.95143836441778e-11,155,"",TRUE,0.707849155201758,"saddlepoint",FALSE
"B","gene0294",41.8310550668146,TRUE,0.828641606716081,8.56253301226816e-11,166,"",TRUE,0.828478107978997,"saddlepoint",FALSE
"B","gene0295",36.3861786014371,TRUE,0.855522755910569,8.70054608871282e-11,157,"",TRUE,0.855360718176636,"saddlepoint",FALSE
"B","gene0296",80.423660973961,TRUE,0.0172468630224448,9.7506384477003e-11,164,"",TRUE,0.0172034941580576,"saddlepoint",FALSE
"B","gene0297",59.414236090149,TRUE,0.173832106783185,9.12903496286949e-11,162,"",TRUE,0.173570760143562,"saddlepoint",FALSE
"B","gene0298",51.2005842874783,TRUE,0.456674509674458,9.44265491535992e-11,163,"",TRUE,0.456341453335191,"saddlepoint",FALSE
"B","gene0299",36.1140591326539,TRUE,0.899949268801249,8.41388499129257e-11,163,"",TRUE,0.89983425819824,"saddlepoint",FALSE
"B","gene0300",66.0226464303994,TRUE,0.0910127253838109,9.0675288783558e-11,162,"",TRUE,0.0908477389384627,"saddlepoint",FALSE
"B","gene0301",54.7329655476373,TRUE,0.342982015743092,9.67602708568972e-11,165,"",TRUE,0.342669222657868,"saddlepoint",FALSE
"B","gene0302",44.4418965074442,TRUE,0.626695656052609,8.53016749033028e-11,164,"",TRUE,0.626391090622798,"saddlepoint",FALSE
"B","gene0303",50.8872264893078,TRUE,0.501357612945173,9.34678608382339e-11,172,"",TRUE,0.501025029006408,"saddlepoint",FALSE
"B","gene0304",56.5704257793077,TRUE,0.210139019807879,9.35116954573281e-11,159,"",TRUE,0.209838378541623,"saddlepoint",FALSE
"B","gene0305",38.2614170563513,TRUE,0.906818953038989,8.41549054834273e-11,170,"",TRUE,0.906718707469548,"saddlepoint",FALSE
"B","gene0306",37.2836879981858,TRUE,0.804607669695392,9.92432514748849e-11,160,"",TRUE,0.804390709979237,"saddlepoint",FALSE
"B","gene0307",54.5280530770421,TRUE,0.446571469256332,8.40483125263101e-11,175,"",TRUE,0.446261894753267,"saddlepoint",FALSE
"B","gene0308",32.6566949056775,TRUE,0.900632690095947,9.14025000435179e-11,159,"",TRUE,0.900504167839918,"saddlepoint",FALSE
"B","gene0309",83.3192359215549,TRUE,0.0199746186501572,9.04543760314909e-11,176,"",TRUE,0.0199313738673929,"saddlepoint",FALSE
"B","gene0310",54.9258011015695,TRUE,0.175338665109285,9.0005162556913e-11,164,"",TRUE,0.175044614778357,"saddlepoint",FALSE
"B","gene0311",52.8361443857579,TRUE,0.569679947252396,8.312298901492e-11,178,"",TRUE,0.569390275179785,"saddlepoint",FALSE
"B","gene0312",41.5195605340292,TRUE,0.55367285509548,8.34265083773413e-11,158,"",TRUE,0.553275465184576,"saddlepoint",FALSE
"B","gene0313",44.2565399782443,TRUE,0.853331776450405,8.95721072183622e-11,181,"",TRUE,0.853194011034087,"saddlepoint",FALSE
"B","gene0314",53.1390232030463,TRUE,0.166544825474692,9.42606903447073e-11,158,"",TRUE,0.166230656636367,"saddlepoint",FALSE
"B","gene0315",65.676906646868,TRUE,0.25090732125536,9.59969506230535e-11,186,"",TRUE,0.250658241033641,"saddlepoint",FALSE
"B","gene0316",43.388021392121,TRUE,0.40830739502362,9.44207022139133e-11,158,"",TRUE,0.407848515041029,"saddlepoint",FALSE
"B","gene0317",66.902678767763,TRUE,0.247488226870007,8.38025218880337e-11,187,"",TRUE,0.247247505409326,"saddlepoint",FALSE
"B","gene0318",44.6744927661954,TRUE,0.329022107952658,9.39644583387682e-11,153,"",TRUE,0.328582391662754,"saddlepoint",FALSE
"B","gene0319",47.737909300673,TRUE,0.833788488241838,8.54586656973653e-11,189,"",TRUE,0.833643413988897,"saddlepoint",FALSE
"B","gene0320",37.5863714088846,TRUE,0.552915401982033,9.56137100917298e-11,158,"",TRUE,0.552425261068209,"saddlepoint",FALSE
"B","gene0321",76.7821162208779,TRUE,0.114328126422928,8.55730454486954e-11,190,"",TRUE,0.114175413061611,"saddlepoint",FALSE
"B","gene0322",35.5128536535517,TRUE,0.598390463299417,8.71107523679575e-11,153,"",TRUE,0.59793120388819,"saddlepoint",FALSE
"B","gene0323",59.0851885247576,TRUE,0.55699019796819,8.90155948626327e-11,193,"",TRUE,0.556726767999254,"saddlepoint",FALSE
"B","gene0324",20.1220387145616,TRUE,0.984319465510968,9.92301435248297e-11,153,"",TRUE,0.984289485037001,"saddlepoint",FALSE
"B","gene0325",44.9798215095378,TRUE,0.931634775678719,9.12764752561239e-11,196,"",TRUE,0.931567282395864,"saddlepoint",FALSE
"B","gene0326",43.8993894470845,TRUE,0.225210887027597,9.42341671817011e-11,154,"",TRUE,0.224747606538118,"saddlepoint",FALSE
"B","gene0327",46.6445172995323,TRUE,0.920525000237503,8.63614751001225e-11,197,"",TRUE,0.920449905200637,"saddlepoint",FALSE
"B","gene0328",38.6876082113112,TRUE,0.353230216477244,9.71653794749894e-11,149,"",TRUE,0.352671763535412,"saddlepoint",FALSE
"B","gene0329",67.8268339655981,TRUE,0.384934512910277,9.36583298438189e-11,200,"",TRUE,0.384688072108622,"saddlepoint",FALSE
"B","gene0330",23.9087060902059,TRUE,0.888056720522576,8.92117991892899e-11,152,"",TRUE,0.887840692618141,"saddlepoint",FALSE
"B","gene0331",68.7309458329775,TRUE,0.388359831093958,8.99060747724945e-11,202,"",TRUE,0.388117661666317,"saddlepoint",FALSE
"B","gene0332",28.0647843364216,TRUE,0.710075135022913,9.87950190406428e-11,150,"",TRUE,0.709594602221447,"saddlepoint",FALSE
"B","gene0333",72.6624955677236,TRUE,0.313240086416422,9.5133238472208e-11,209,"",TRUE,0.313007646538314,"saddlepoint",FALSE
"B","gene0334",25.780363193908,TRUE,0.766389567672707,8.26404687411832e-11,150,"",TRUE,0.765965141394187,"saddlepoint",FALSE
"B","gene0335",74.0408640039873,TRUE,0.305371540745265,9.58778103568245e-11,211,"",TRUE,0.305146640676389,"saddlepoint",FALSE
"B","gene0336",31.7885404916285,TRUE,0.461866146133921,9.326848912335e-11,148,"",TRUE,0.461168559189558,"saddlepoint",FALSE
"B","gene0337",74.4315965336605,TRUE,0.321346171571738,9.29855473760614e-11,210,"",TRUE,0.321116225066458,"saddlepoint",FALSE
"B","gene0338",24.9184367730743,TRUE,0.728073336760223,9.34578059472863e-11,146,"",TRUE,0.727558968718321,"saddlepoint",FALSE
"B","gene0339",73.2404831385634,TRUE,0.378077520483669,8.71800453008942e-11,217,"",TRUE,0.377850769102269,"saddlepoint",FALSE
"B","gene0340",27.6629156578937,TRUE,0.5573596106502,8.34594006860097e-11,148,"",TRUE,0.556608441372127,"saddlepoint",FALSE
"B","gene0341",68.3230978344775,TRUE,0.544950841143035,9.01512644917168e-11,213,"",TRUE,0.544732505094079,"saddlepoint",FALSE
"B","gene0342",32.3136516238099,TRUE,0.314658084303077,9.35443901701506e-11,146,"",TRUE,0.313818462157028,"saddlepoint",FALSE
"B","gene0343",51.379212767661,TRUE,0.944304741198967,9.82170592685877e-11,221,"",TRUE,0.944255006269426,"saddlepoint",FALSE
"B","gene0344",36.5544256585445,TRUE,0.157808563185464,8.24086975417283e-11,146,"",TRUE,0.157165340963529,"saddlepoint",FALSE
"B","gene0345",69.5250073523885,TRUE,0.567243745401859,9.4894698923851e-11,224,"",TRUE,0.567043244678285,"saddlepoint",FALSE
"B","gene0346",20.9407986549281,TRUE,0.744003714779907,9.53758419897782e-11,140,"",TRUE,0.743381206195833,"saddlepoint",FALSE
"B","gene0347",78.7155209731635,TRUE,0.344447026925614,9.99237490710916e-11,224,"",TRUE,0.344237438649606,"saddlepoint",FALSE
"B","gene0348",19.694179389005,TRUE,0.759839227516584,9.53996724282688e-11,144,"",TRUE,0.759197264556303,"saddlepoint",FALSE
"B","gene0349",84.0757856333132,TRUE,0.24862263573429,9.57979722025076e-11,222,"",TRUE,0.248443878200699,"saddlepoint",FALSE
"B","gene0350",41.7721196714406,TRUE,0.0388596598634511,8.80716682308963e-11,143,"",TRUE,0.0385937876450368,"saddlepoint",FALSE
"B","gene0351",89.6573045015439,TRUE,0.170085672826207,9.80226005074282e-11,232,"",TRUE,0.169937123008547,"saddlepoint",FALSE
"B","gene0352",9.28344010765819,TRUE,0.992948846885698,8.62150633003378e-11,140,"",TRUE,0.9929262241476,"saddlepoint",FALSE
"B","gene0353",75.5263537109041,TRUE,0.508995808282316,8.91864024039207e-11,235,"",TRUE,0.508784959521387,"saddlepoint",FALSE
"B","gene0354",17.0216067125356,TRUE,0.759835600175434,9.96752533483948e-11,141,"",TRUE,0.759083342550597,"saddlepoint",FALSE
"B","gene0355",121.57552200822,TRUE,0.00604394141601918,9.02780134719519e-11,244,"",TRUE,0.00603149181453625,"saddlepoint",FALSE
"B","gene0356",30.1642845996401,TRUE,0.142695903674069,9.61794556757906e-11,139,"",TRUE,0.141797997911712,"saddlepoint",FALSE
"B","gene0357",69.9392446826312,TRUE,0.71265425757393,9.95844581385026e-11,238,"",TRUE,0.712491797027798,"saddlepoint",FALSE
"B","gene0358",13.8917103873345,TRUE,0.832089723724966,8.63169475674198e-11,132,"",TRUE,0.831482975490661,"saddlepoint",FALSE
"B","gene0359",20.7551919782487,TRUE,0.401031258246345,8.35436450379555e-11,130,"",TRUE,0.399678227093364,"saddlepoint",FALSE
"B","gene0360",67.028266096216,TRUE,0.802198406580522,9.16768184261972e-11,246,"",TRUE,0.802069274537354,"saddlepoint",FALSE
"B","gene0361",18.8003996666558,TRUE,0.56160119662593,8.61840643339232e-11,139,"",TRUE,0.560360160857117,"saddlepoint",FALSE
"B","gene0362",91.2707915504922,TRUE,0.197102801251124,8.74466076264922e-11,242,"",TRUE,0.196944936786752,"saddlepoint",FALSE
"B","gene0363",38.6947238383321,TRUE,0.0338517519054834,9.97607711500023e-11,140,"",TRUE,0.0335257600814936,"saddlepoint",FALSE
"B","gene0364",88.2611602706701,TRUE,0.231289462017748,8.58314927920829e-11,245,"",TRUE,0.231111468657197,"saddlepoint",FALSE
"B","gene0365",42.7314694052489,TRUE,0.0210574663940007,8.71002671029575e-11,148,"",TRUE,0.0208318942247863,"saddlepoint",FALSE
"B","gene0366",82.6787205126538,TRUE,0.325335145664607,9.52684538245777e-11,248,"",TRUE,0.325127136770309,"saddlepoint",FALSE
"B","gene0367",21.5788074387791,TRUE,0.567929505893165,9.74627016462129e-11,149,"",TRUE,0.566832715290825,"saddlepoint",FALSE
"B","gene0368",57.076375059491,TRUE,0.914195718577485,9.10807577904522e-11,241,"",TRUE,0.914122559336956,"saddlepoint",FALSE
"B","gene0369",11.4559252940267,TRUE,0.980051261816836,8.88229135425148e-11,148,"",TRUE,0.979983607894605,"saddlepoint",FALSE
"B","gene0370",77.0273392925703,TRUE,0.413540239631317,9.09787903108535e-11,242,"",TRUE,0.413319836160749,"saddlepoint",FALSE
"B","gene0371",24.4081981706214,TRUE,0.522824521659561,8.41413019987691e-11,152,"",TRUE,0.521801972378093,"saddlepoint",FALSE
"B","gene0372",82.2090440382724,TRUE,0.266965057580603,9.04274001598676e-11,244,"",TRUE,0.266765534220149,"saddlepoint",FALSE
"B","gene0373",27.8593218418538,TRUE,0.408819742212578,8.37540765907807e-11,156,"",TRUE,0.407881120109927,"saddlepoint",FALSE
"B","gene0374",66.9758727925631,TRUE,0.63702280778945,9.90255043763211e-11,237,"",TRUE,0.636806979845097,"saddlepoint",FALSE
"B","gene0375",29.1854510344075,TRUE,0.396384641339534,9.85324310207383e-11,152,"",TRUE,0.39542465262896,"saddlepoint",FALSE
"B","gene0376",66.1125468446735,TRUE,0.633643253050339,8.9729979468791e-11,241,"",TRUE,0.633428800557864,"saddlepoint",FALSE
"B","gene0377",32.1518516692192,TRUE,0.321408754118037,8.67112819264229e-11,167,"",TRUE,0.320519597224819,"saddlepoint",FALSE
"B","gene0378",72.8700431342164,TRUE,0.415351729384391,9.38214372186476e-11,238,"",TRUE,0.415098163939189,"saddlepoint",FALSE
"B","gene0379",27.086276449281,TRUE,0.580773973523982,9.56090029737879e-11,168,"",TRUE,0.579979723338738,"saddlepoint",FALSE
"B","gene0380",54.6993099222021,TRUE,0.866737573858406,9.6651878720485e-11,240,"",TRUE,0.866620397797767,"saddlepoint",FALSE
"B","gene0381",30.8535410885446,TRUE,0.456083107852446,9.72426955040025e-11,165,"",TRUE,0.455263195389166,"saddlepoint",FALSE
"B","gene0382",74.2421667433753,TRUE,0.327648143788061,9.62648273811553e-11,238,"",TRUE,0.327394811548526,"saddlepoint",FALSE
"B","gene0383",65.2083186561084,TRUE,0.00368129712394138,8.86833980816987e-11,167,"",TRUE,0.00364783844374811,"saddlepoint",FALSE
"B","gene0384",66.4052851091227,TRUE,0.511655185985457,8.75273519569848e-11,245,"",TRUE,0.511396284700203,"saddlepoint",FALSE
"B","gene0385",41.3931284021913,TRUE,0.18176391946525,9.81999139664826e-11,171,"",TRUE,0.181184345113298,"saddlepoint",FALSE
"B","gene0386",60.6944688305961,TRUE,0.649639091605869,8.9374445127674e-11,239,"",TRUE,0.64938146066654,"saddlepoint",FALSE
"B","gene0387",24.5939653846424,TRUE,0.83328188353419,9.72178758936598e-11,177,"",TRUE,0.832895061158425,"saddlepoint",FALSE
"B","gene0388",83.3158174884159,TRUE,0.111059988826569,9.26379812161808e-11,239,"",TRUE,0.110901053785827,"saddlepoint",FALSE
"B","gene0389",25.5079971614195,TRUE,0.831949301555741,9.33110637910996e-11,179,"",TRUE,0.831586442994173,"saddlepoint",FALSE
"B","gene0390",47.9337171664483,TRUE,0.907114999985994,9.6290635621249e-11,236,"",TRUE,0.907014286026347,"saddlepoint",FALSE
"B","gene0391",39.0750892627079,TRUE,0.340721230582067,8.52486451113736e-11,183,"",TRUE,0.340086582127228,"saddlepoint",FALSE
"B","gene0392",60.672088401748,TRUE,0.56378658896128,9.38093959066896e-11,235,"",TRUE,0.563484046312336,"saddlepoint",FALSE
"B","gene0393",24.0921920839103,TRUE,0.914793167371551,9.22590817761457e-11,184,"",TRUE,0.914597093256826,"saddlepoint",FALSE
"B","gene0394",49.8590939229116,TRUE,0.836357124549469,9.36664922056643e-11,230,"",TRUE,0.836189710396331,"saddlepoint",FALSE
"B","gene0395",29.6831038092485,TRUE,0.777843320294703,9.48936874716443e-11,191,"",TRUE,0.777427264894683,"saddlepoint",FALSE
"B","gene0396",52.0413645151501,TRUE,0.759354299694362,8.78135247893777e-11,232,"",TRUE,0.759121734145044,"saddlepoint",FALSE
"B","gene0397",30.1459192902994,TRUE,0.791711974886322,9.82331247053291e-11,192,"",TRUE,0.791331536062946,"saddlepoint",FALSE
"B","gene0398",39.3897437211489,TRUE,0.967225947289456,8.65816054376918e-11,237,"",TRUE,0.967180394052919,"saddlepoint",FALSE
"B","gene0399",38.7276829919033,TRUE,0.502908613066086,8.9499481773208e-11,191,"",TRUE,0.502318242832079,"saddlepoint",FALSE
"B","gene0400",61.09143953104,TRUE,0.430528069663328,8.7315596593307e-11,234,"",TRUE,0.430168574440359,"saddlepoint",FALSE
"B","gene0401",37.8618938690581,TRUE,0.573435805957689,9.43449979056397e-11,198,"",TRUE,0.572874079839484,"saddlepoint",FALSE
"B","gene0402",46.1832312760755,TRUE,0.837878368735946,8.94975169278209e-11,231,"",TRUE,0.837692414600942,"saddlepoint",FALSE
"B","gene0403",58.5427512946407,TRUE,0.0793314171777913,9.76907545743172e-11,196,"",TRUE,0.0790885016323845,"saddlepoint",FALSE
"B","gene0404",86.0577691006596,TRUE,0.0283116691163962,8.85032825021295e-11,231,"",TRUE,0.0282410182917231,"saddlepoint",FALSE
"B","gene0405",55.0872737303504,TRUE,0.140351241437168,9.74155690467403e-11,206,"",TRUE,0.139982888343702,"saddlepoint",FALSE
"B","gene0406",42.446461362665,TRUE,0.879807514206178,9.76935784872957e-11,232,"",TRUE,0.879650729197651,"saddlepoint",FALSE
"B","gene0407",49.6670070389995,TRUE,0.279730317005015,9.92915786483112e-11,205,"",TRUE,0.279237667341696,"saddlepoint",FALSE
"B","gene0408",69.9162508415081,TRUE,0.139601911258033,8.74416459378802e-11,227,"",TRUE,0.139366642570217,"saddlepoint",FALSE
"B","gene0409",40.6924642315059,TRUE,0.611615475571837,9.68788225097668e-11,214,"",TRUE,0.611137595709906,"saddlepoint",FALSE
"B","gene0410",54.6824010741733,TRUE,0.470884122911953,9.45385281560587e-11,234,"",TRUE,0.470476205622668,"saddlepoint",FALSE
"B","gene0411",47.2523680535829,TRUE,0.415668142570338,9.48136946016774e-11,213,"",TRUE,0.41518556341716,"saddlepoint",FALSE
"B","gene0412",40.1546944900689,TRUE,0.872990947306156,9.39226781201605e-11,227,"",TRUE,0.87281436743119,"saddlepoint",FALSE
"B","gene0413",33.3034983114757,TRUE,0.891460601480476,9.45189816171921e-11,222,"",TRUE,0.891273461513041,"saddlepoint",FALSE
"B","gene0414",71.6778455387955,TRUE,0.0800248330152694,8.85756604239278e-11,232,"",TRUE,0.0798347677735929,"saddlepoint",FALSE
"B","gene0415",50.5025703175119,TRUE,0.378075711462598,9.75975950989576e-11,216,"",TRUE,0.377597981167886,"saddlepoint",FALSE
"B","gene0416",57.6293996977252,TRUE,0.29624196449704,8.70734757083338e-11,224,"",TRUE,0.295827510337932,"saddlepoint",FALSE
"B","gene0417",30.0576036495361,TRUE,0.965260180853476,9.36271118143553e-11,221,"",TRUE,0.965194833990913,"saddlepoint",FALSE
"B","gene0418",61.4005742102863,TRUE,0.188887008546936,8.96337396666391e-11,229,"",TRUE,0.188535332350454,"saddlepoint",FALSE
"B","gene0419",47.2255931824406,TRUE,0.551649207475845,8.9566200701767e-11,229,"",TRUE,0.551209872395494,"saddlepoint",FALSE
"B","gene0420",36.4490785164189,TRUE,0.877536122425312,9.75918597236752e-11,223,"",TRUE,0.877344648314339,"saddlepoint",FALSE
"B","gene0421",66.11934518663,TRUE,0.114757282397573,8.70644689156264e-11,225,"",TRUE,0.114525689036185,"saddlepoint",FALSE
"B","gene0422",56.5836025777026,TRUE,0.24345270919984,9.23224006466918e-11,228,"",TRUE,0.243021341615116,"saddlepoint",FALSE
"B","gene0423",45.267273569756,TRUE,0.680626053474743,9.79003400699771e-11,236,"",TRUE,0.680243818078026,"saddlepoint",FALSE
"B","gene0424",42.9867186764711,TRUE,0.630839675733651,9.71229391940991e-11,218,"",TRUE,0.63039974874878,"saddlepoint",FALSE
"B","gene0425",59.6077078611315,TRUE,0.274211926585277,9.14335557679162e-11,235,"",TRUE,0.27382138686273,"saddlepoint",FALSE
"B","gene0426",35.5922300676908,TRUE,0.835356576204378,8.76701200243184e-11,220,"",TRUE,0.835085392638541,"saddlepoint",FALSE
"B","gene0427",41.9552299936893,TRUE,0.829361881390747,9.51162634982641e-11,243,"",TRUE,0.829124598406632,"saddlepoint",FALSE
"B","gene0428",68.4761363625065,TRUE,0.0431144538395128,9.83641696198322e-11,226,"",TRUE,0.0429536768313851,"saddlepoint",FALSE
"B","gene0429",85.3949042253874,TRUE,0.0205109165298652,9.66175245278172e-11,238,"",TRUE,0.0204448890610575,"saddlepoint",FALSE
"B","gene0430",53.6856560640077,TRUE,0.211387397564623,9.30352679661198e-11,221,"",TRUE,0.210939141792907,"saddlepoint",FALSE
"B","gene0431",47.2234295617737,TRUE,0.733837291494597,8.9307374863401e-11,252,"",TRUE,0.733519133218393,"saddlepoint",FALSE
"B","gene0432",47.039227598766,TRUE,0.356453139170028,9.50645860859148e-11,215,"",TRUE,0.355913852541485,"saddlepoint",FALSE
"B","gene0433",71.0275473832711,TRUE,0.142068624063916,9.917980342165e-11,248,"",TRUE,0.141819016097393,"saddlepoint",FALSE
"B","gene0434",37.7532552903414,TRUE,0.64580443209929,9.73529328440921e-11,230,"",TRUE,0.645264679557072,"saddlepoint",FALSE
"B","gene0435",42.5141495476414,TRUE,0.890940103616412,9.60137965227287e-11,255,"",TRUE,0.890791091620087,"saddlepoint",FALSE
"B","gene0436",39.6606846358372,TRUE,0.539527906519134,8.86803319579549e-11,215,"",TRUE,0.538934390529853,"saddlepoint",FALSE
"B","gene0437",56.2044921678557,TRUE,0.546148839496866,8.80923287332851e-11,254,"",TRUE,0.545758307742845,"saddlepoint",FALSE
"B","gene0438",49.2535102839455,TRUE,0.212090671143111,9.59814813348767e-11,219,"",TRUE,0.211567201138184,"saddlepoint",FALSE
"B","gene0439",71.6742128044674,TRUE,0.185804492749031,8.88209942336189e-11,265,"",TRUE,0.185514838719137,"saddlepoint",FALSE
"B","gene0440",49.147478735922,TRUE,0.190185427996845,9.50421423962129e-11,217,"",TRUE,0.189645409987916,"saddlepoint",FALSE
"B","gene0441",72.8783657505736,TRUE,0.183794211448041,9.0620893167942e-11,264,"",TRUE,0.183520327292873,"saddlepoint",FALSE
"B","gene0442",32.6127619136159,TRUE,0.696707541219307,9.48596273146057e-11,218,"",TRUE,0.696147356965219,"saddlepoint",FALSE
"B","gene0443",69.6419721026497,TRUE,0.266549756174734,9.60324408427575e-11,262,"",TRUE,0.266240022501697,"saddlepoint",FALSE
"B","gene0444",52.827894834117,TRUE,0.0942989183291431,9.9109153392854e-11,217,"",TRUE,0.0938885630309371,"saddlepoint",FALSE
"B","gene0445",72.0292525086654,TRUE,0.239619154541187,9.26945823700662e-11,277,"",TRUE,0.23931272049505,"saddlepoint",FALSE
"B","gene0446",18.7264116624239,TRUE,0.983725953114134,9.23235721813492e-11,219,"",TRUE,0.983677414664129,"saddlepoint",FALSE
"B","gene0447",58.4736896138082,TRUE,0.624096429562008,8.82015267029621e-11,273,"",TRUE,0.623786373899419,"saddlepoint",FALSE
"B","gene0448",31.1672928583673,TRUE,0.643278687718016,9.77711097846501e-11,215,"",TRUE,0.642581706175808,"saddlepoint",FALSE
"B","gene0449",79.3490778684144,TRUE,0.153956670200752,9.12990472611529e-11,283,"",TRUE,0.153720354709871,"saddlepoint",FALSE
"B","gene0450",45.5824240071644,TRUE,0.149401219720822,9.82359740970586e-11,215,"",TRUE,0.148832334669702,"saddlepoint",FALSE
"B","gene0451",58.3145295011242,TRUE,0.681251644654015,9.4201442707529e-11,286,"",TRUE,0.680943645663729,"saddlepoint",FALSE
"B","gene0452",39.836870021971,TRUE,0.253285618978517,9.53152353051767e-11,210,"",TRUE,0.252492540913926,"saddlepoint",FALSE
"B","gene0453",52.9054748685172,TRUE,0.838070223605794,9.96628354930224e-11,286,"",TRUE,0.837893432724214,"saddlepoint",FALSE
"B","gene0454",42.2159887843829,TRUE,0.169250524392721,9.47554096818182e-11,206,"",TRUE,0.168599174458606,"saddlepoint",FALSE
"B","gene0455",87.4938984538754,TRUE,0.0986110249187771,9.09607332489314e-11,292,"",TRUE,0.0984448150446144,"saddlepoint",FALSE
"B","gene0456",56.3229611002612,TRUE,0.0204114518408321,9.54483385775043e-11,210,"",TRUE,0.0202508117061014,"saddlepoint",FALSE
"B","gene0457",55.7576140287224,TRUE,0.815035657219303,9.14880529732758e-11,286,"",TRUE,0.814842698130409,"saddlepoint",FALSE
"B","gene0458",62.4193031133842,TRUE,0.00653619353537922,8.99591444088535e-11,206,"",TRUE,0.00647189171558712,"saddlepoint",FALSE
"B","gene0459",71.3855898046957,TRUE,0.426993020958457,9.05181759083308e-11,293,"",TRUE,0.426680980037552,"saddlepoint",FALSE
"B","gene0460",47.9495179852399,TRUE,0.0486014719765464,8.98207592288022e-11,203,"",TRUE,0.0482799202034105,"saddlepoint",FALSE
"B","gene0461",66.7279192600687,TRUE,0.580506217656297,8.939330764339e-11,302,"",TRUE,0.580206245362959,"saddlepoint",FALSE
"B","gene0462",25.331271729953,TRUE,0.608070262494198,8.88007792841129e-11,203,"",TRUE,0.607086411316156,"saddlepoint",FALSE
"B","gene0463",56.4165311971564,TRUE,0.855401375518648,9.28861460945847e-11,301,"",TRUE,0.855248699531547,"saddlepoint",FALSE
"B","gene0464",49.5235648008936,TRUE,0.0259014170201924,9.01130497261635e-11,202,"",TRUE,0.0256700823562435,"saddlepoint",FALSE
"B","gene0465",74.9340744180737,TRUE,0.414517555433217,9.4206727271548e-11,308,"",TRUE,0.414214459880598,"saddlepoint",FALSE
"B","gene0466",29.3253863919236,TRUE,0.347841733678771,9.54550756471738e-11,198,"",TRUE,0.346625907161707,"saddlepoint",FALSE
"B","gene0467",89.9093161359874,TRUE,0.148119964499302,9.51593541920377e-11,306,"",TRUE,0.147923488265169,"saddlepoint",FALSE
"B","gene0468",23.2851761287274,TRUE,0.568092230330327,9.57125008589632e-11,204,"",TRUE,0.566826804906783,"saddlepoint",FALSE
"B","gene0469",76.4577438173183,TRUE,0.427483458884229,9.38828295161433e-11,317,"",TRUE,0.42718516656592,"saddlepoint",FALSE
"B","gene0470",27.5160561951268,TRUE,0.335263463923006,8.96608413599245e-11,199,"",TRUE,0.33391555992468,"saddlepoint",FALSE
"B","gene0471",74.134050093247,TRUE,0.5131113745342,9.49730119851819e-11,311,"",TRUE,0.512827893899216,"saddlepoint",FALSE
"B","gene0472",28.4803833439852,TRUE,0.261761929204011,9.79552270460177e-11,196,"",TRUE,0.260411540058271,"saddlepoint",FALSE
"B","gene0473",86.0927300165911,TRUE,0.261175701007395,9.81986734223568e-11,321,"",TRUE,0.26092846951272,"saddlepoint",FALSE
"B","gene0474",25.9227669794082,TRUE,0.313069829847278,9.16365763652116e-11,189,"",TRUE,0.311573822085333,"saddlepoint",FALSE
"B","gene0475",78.0196809077196,TRUE,0.46461654124619,9.35972647585388e-11,321,"",TRUE,0.464340530340218,"saddlepoint",FALSE
"B","gene0476",16.8573337368736,TRUE,0.706379037499803,9.94123673897333e-11,185,"",TRUE,0.705173042164711,"saddlepoint",FALSE
"B","gene0477",78.3367158596438,TRUE,0.481842695686027,9.08871068141213e-11,328,"",TRUE,0.481559593559323,"saddlepoint",FALSE
"B","gene0478",35.2905732768839,TRUE,0.058052209276298,9.96446597109624e-11,194,"",TRUE,0.057323202497319,"saddlepoint",FALSE
"B","gene0479",19.4038492248718,TRUE,0.46410134250614,9.84496159725165e-11,190,"",TRUE,0.46210512492618,"saddlepoint",FALSE
"B","gene0480",99.7676281719742,TRUE,0.11421646663809,9.31685290982837e-11,336,"",TRUE,0.114066699894097,"saddlepoint",FALSE
"B","gene0481",18.2096790556333,TRUE,0.580816514931922,9.33365786460853e-11,191,"",TRUE,0.579106153940678,"saddlepoint",FALSE
"B","gene0482",107.219998205747,TRUE,0.0513438894668633,9.90884862226218e-11,333,"",TRUE,0.0512606919458271,"saddlepoint",FALSE
"B","gene0483",34.1991506505302,TRUE,0.0847588193545288,9.6334720148944e-11,199,"",TRUE,0.0839348781707857,"saddlepoint",FALSE
"B","gene0484",58.9481240093701,TRUE,0.897606058352354,9.57977837681701e-11,329,"",TRUE,0.897497325955906,"saddlepoint",FALSE
"B","gene0485",19.8028864578896,TRUE,0.595453828339935,9.75059201674226e-11,210,"",TRUE,0.593862434366921,"saddlepoint",FALSE
"B","gene0486",81.9312229085466,TRUE,0.346946417766234,9.44079270055048e-11,335,"",TRUE,0.346663049206629,"saddlepoint",FALSE
"B","gene0487",25.0263680626153,TRUE,0.392923815184787,9.1102787694395e-11,201,"",TRUE,0.391369698342821,"saddlepoint",FALSE
"B","gene0488",54.7827743210839,TRUE,0.928486964116495,9.11509094115096e-11,329,"",TRUE,0.928400556341096,"saddlepoint",FALSE
"B","gene0489",41.4922789230029,TRUE,0.0507986727011873,9.58744165329740e-11,208,"",TRUE,0.0503192665605516,"saddlepoint",FALSE
"B","gene0490",72.1882550660008,TRUE,0.536632317680054,9.99888410458706e-11,333,"",TRUE,0.536325652834451,"saddlepoint",FALSE
"B","gene0491",42.9998722107092,TRUE,0.0499091700079254,9.10085832107714e-11,219,"",TRUE,0.0494417314962155,"saddlepoint",FALSE
"B","gene0492",61.7915451954626,TRUE,0.775765454436384,9.13583113239941e-11,332,"",TRUE,0.775544727766966,"saddlepoint",FALSE
"B","gene0493",31.486113570905,TRUE,0.273743584401762,9.77451159833546e-11,221,"",TRUE,0.272505042755181,"saddlepoint",FALSE
"B","gene0494",81.3520555312712,TRUE,0.271492822483597,9.95467642236729e-11,337,"",TRUE,0.271210772033888,"saddlepoint",FALSE
"B","gene0495",29.2024903040348,TRUE,0.393208228593613,8.91063321761289e-11,224,"",TRUE,0.391959723312897,"saddlepoint",FALSE
"B","gene0496",94.6066319217485,TRUE,0.0812554311905775,9.2044676947619e-11,328,"",TRUE,0.0811029418503742,"saddlepoint",FALSE
"B","gene0497",30.6403613604375,TRUE,0.37825032499564,9.33200404429867e-11,230,"",TRUE,0.377072220361802,"saddlepoint",FALSE
"B","gene0498",79.0701897592281,TRUE,0.274433508997914,9.27053646522513e-11,328,"",TRUE,0.274125909084982,"saddlepoint",FALSE
"B","gene0499",24.6972699866858,TRUE,0.673003424548139,9.38918577760538e-11,231,"",TRUE,0.672067211945299,"saddlepoint",FALSE
"B","gene0500",64.4541349194483,TRUE,0.612424578598209,9.28592637353988e-11,329,"",TRUE,0.612110432768407,"saddlepoint",FALSE
"B","gene0501",37.4693440798907,TRUE,0.230888227820084,9.87012449852817e-11,237,"",TRUE,0.229960672458265,"saddlepoint",FALSE
"B","gene0502",73.2109083884396,TRUE,0.356587212751785,9.68916866227534e-11,334,"",TRUE,0.356249791595273,"saddlepoint",FALSE
"B","gene0503",41.5044990953092,TRUE,0.165681446659593,9.07760869511137e-11,246,"",TRUE,0.164790430047619,"saddlepoint",FALSE
"B","gene0504",54.2215863971537,TRUE,0.821190237102882,9.98103138224841e-11,327,"",TRUE,0.820977042466674,"saddlepoint",FALSE
"B","gene0505",29.2958096333243,TRUE,0.59527031717922,9.82412352423107e-11,248,"",TRUE,0.594355023065806,"saddlepoint",FALSE
"B","gene0506",63.9158550030493,TRUE,0.545202213067236,9.03338017994686e-11,327,"",TRUE,0.544822498579923,"saddlepoint",FALSE
"B","gene0507",35.5917526677527,TRUE,0.388583799862684,9.37573614665649e-11,248,"",TRUE,0.387592163612043,"saddlepoint",FALSE
"B","gene0508",66.8204220558984,TRUE,0.439100346267858,9.90935514525414e-11,331,"",TRUE,0.438723654132512,"saddlepoint",FALSE
"B","gene0509",25.3233203637417,TRUE,0.818774127076501,9.43242174362806e-11,256,"",TRUE,0.818252402598046,"saddlepoint",FALSE
"B","gene0510",80.7668779797525,TRUE,0.141146700309511,9.3038612296141e-11,322,"",TRUE,0.140913793813464,"saddlepoint",FALSE
"B","gene0511",29.0842407793298,TRUE,0.71575282393234,9.76359360656438e-11,255,"",TRUE,0.715043512387704,"saddlepoint",FALSE
"B","gene0512",44.0585097284945,TRUE,0.934009003294,9.61571268030988e-11,321,"",TRUE,0.933902070642479,"saddlepoint",FALSE
"B","gene0513",28.3335860375946,TRUE,0.774529295728721,9.3712604245632e-11,259,"",TRUE,0.773945529523113,"saddlepoint",FALSE
"B","gene0514",79.4674709293816,TRUE,0.130605074559015,9.90078009811476e-11,328,"",TRUE,0.130339646651248,"saddlepoint",FALSE
"B","gene0515",18.6530667352235,TRUE,0.985904587364322,9.22929810375818e-11,265,"",TRUE,0.985856919453489,"saddlepoint",FALSE
"B","gene0516",55.3668964953238,TRUE,0.64850672756433,9.11626438942527e-11,327,"",TRUE,0.648105821501558,"saddlepoint",FALSE
"B","gene0517",40.4337535926869,TRUE,0.40071675263467,9.08158376516748e-11,264,"",TRUE,0.399906307294908,"saddlepoint",FALSE
"B","gene0518",51.9168253345844,TRUE,0.718148401393144,9.34896994889134e-11,331,"",TRUE,0.717784819863747,"saddlepoint",FALSE
"B","gene0519",37.4263681848172,TRUE,0.541066086475877,9.15178595883512e-11,280,"",TRUE,0.540275231325478,"saddlepoint",FALSE
"B","gene0520",50.0431903956256,TRUE,0.744291562897283,9.66705683601646e-11,331,"",TRUE,0.743956263756645,"saddlepoint",FALSE
"B","gene0521",37.5431187848265,TRUE,0.572683556580283,9.4484529412648e-11,283,"",TRUE,0.571960993487244,"saddlepoint",FALSE
"B","gene0522",84.716275337135,TRUE,0.0486271768725976,9.7722587563253e-11,325,"",TRUE,0.0484904780791776,"saddlepoint",FALSE
"B","gene0523",26.6700126569887,TRUE,0.925758993123357,9.66738674247451e-11,286,"",TRUE,0.925545812195944,"saddlepoint",FALSE
"B","gene0524",70.7846953847092,TRUE,0.173363036014395,9.12153177426087e-11,330,"",TRUE,0.173018981216979,"saddlepoint",FALSE
"B","gene0525",41.6418112580743,TRUE,0.496968581365342,9.22194636193002e-11,289,"",TRUE,0.496208866396048,"saddlepoint",FALSE
"B","gene0526",32.6202741224446,TRUE,0.982867220390897,9.91484822303497e-11,324,"",TRUE,0.982829063158751,"saddlepoint",FALSE
"B","gene0527",28.8982838902279,TRUE,0.913875905220185,9.70666480136148e-11,285,"",TRUE,0.913646085421296,"saddlepoint",FALSE
"B","gene0528",58.4348148419274,TRUE,0.388936141192473,9.78289020430421e-11,329,"",TRUE,0.38840417401359,"saddlepoint",FALSE
"B","gene0529",27.1405051003941,TRUE,0.953474284121698,9.9486640442719e-11,288,"",TRUE,0.953346391374833,"saddlepoint",FALSE
"B","gene0530",57.5255330087555,TRUE,0.385555091987519,9.53270210706826e-11,324,"",TRUE,0.385011838908461,"saddlepoint",FALSE
"B","gene0531",37.4677334996142,TRUE,0.735260497054175,9.4246994973915e-11,298,"",TRUE,0.73475683500071,"saddlepoint",FALSE
"B","gene0532",52.9426894456913,TRUE,0.487317923129893,9.74009865275204e-11,321,"",TRUE,0.486773522874861,"saddlepoint",FALSE
"B","gene0533",39.6825243147822,TRUE,0.692960938814984,9.40974165448451e-11,300,"",TRUE,0.692400082570428,"saddlepoint",FALSE
"B","gene0534",42.1449861110837,TRUE,0.783172599649078,9.27781172201103e-11,330,"",TRUE,0.782794829097709,"saddlepoint",FALSE
"B","gene0535",39.2162191590798,TRUE,0.737402475456073,9.5940886908185e-11,310,"",TRUE,0.736926780045635,"saddlepoint",FALSE
"B","gene0536",35.8078343536246,TRUE,0.905187236783332,9.4119310272995e-11,320,"",TRUE,0.904983715260293,"saddlepoint",FALSE
"B","gene0537",69.8919217720869,TRUE,0.0677845387577326,9.99407485480046e-11,319,"",TRUE,0.0675247426030958,"saddlepoint",FALSE
"B","gene0538",43.9282248707026,TRUE,0.676363384377376,9.12026320350895e-11,318,"",TRUE,0.675869049937866,"saddlepoint",FALSE
"B","gene0539",45.4231751905723,TRUE,0.598118113772107,9.42825251464691e-11,318,"",TRUE,0.597518179892205,"saddlepoint",FALSE
"B","gene0540",61.0235202535353,TRUE,0.187730292457514,9.2650364485504e-11,315,"",TRUE,0.187255695345659,"saddlepoint",FALSE
"B","gene0541",39.0885545072842,TRUE,0.814780083353165,9.3504531374633e-11,321,"",TRUE,0.814417875130514,"saddlepoint",FALSE
"B","gene0542",37.1435258289469,TRUE,0.819348809187057,9.52260217294137e-11,321,"",TRUE,0.8189752083664,"saddlepoint",FALSE
"B","gene0543",52.1913682336414,TRUE,0.448891789645966,9.8254801376204e-11,330,"",TRUE,0.448292437731879,"saddlepoint",FALSE
"B","gene0544",49.0337548928226,TRUE,0.421396634031036,9.43397831642406e-11,314,"",TRUE,0.420710981420864,"saddlepoint",FALSE
"B","gene0545",67.8146770219175,TRUE,0.137279150386162,9.59745203232484e-11,333,"",TRUE,0.136903610607198,"saddlepoint",FALSE
"B","gene0546",49.2494099681302,TRUE,0.38472424571277,9.47034327044086e-11,312,"",TRUE,0.384021673300633,"saddlepoint",FALSE
"B","gene0547",72.2117625805459,TRUE,0.100992522371005,9.42679506503452e-11,338,"",TRUE,0.100679228652806,"saddlepoint",FALSE
"B","gene0548",34.697956361282,TRUE,0.814185589724362,9.64449443701873e-11,310,"",TRUE,0.813762939501015,"saddlepoint",FALSE
"B","gene0549",37.2547600259433,TRUE,0.919898923382164,9.88680591389179e-11,338,"",TRUE,0.919728856634765,"saddlepoint",FALSE
"B","gene0550",38.2787445075593,TRUE,0.6755816045387,9.53400491150377e-11,314,"",TRUE,0.674940247387179,"saddlepoint",FALSE
"B","gene0551",47.4030432895056,TRUE,0.708949780084213,9.82892867573346e-11,349,"",TRUE,0.708519140349369,"saddlepoint",FALSE
"B","gene0552",41.68648419572,TRUE,0.527034621898963,9.08848530830654e-11,308,"",TRUE,0.526235695589876,"saddlepoint",FALSE
"B","gene0553",74.4858267983454,TRUE,0.113972587090296,9.75447386167456e-11,355,"",TRUE,0.113680293737595,"saddlepoint",FALSE
"B","gene0554",47.3841389210979,TRUE,0.319210208441111,9.21073754918920e-11,311,"",TRUE,0.318422165593416,"saddlepoint",FALSE
"B","gene0555",34.4182984530013,TRUE,0.974841201405055,9.56326736008782e-11,359,"",TRUE,0.974783529511527,"saddlepoint",FALSE
"B","gene0556",40.2201206718983,TRUE,0.509108768332268,9.35891069503425e-11,312,"",TRUE,0.508305780253614,"saddlepoint",FALSE
"B","gene0557",64.5327918217999,TRUE,0.316541398584649,9.91868179386554e-11,374,"",TRUE,0.316011479532771,"saddlepoint",FALSE
"B","gene0558",32.3770427381507,TRUE,0.749906894839929,9.79151303223333e-11,312,"",TRUE,0.749278454563428,"saddlepoint",FALSE
"B","gene0559",70.2441899595487,TRUE,0.222631821206767,9.83835114071185e-11,363,"",TRUE,0.222197056066024,"saddlepoint",FALSE
"B","gene0560",40.8333349682277,TRUE,0.420450496150354,9.59597881299186e-11,303,"",TRUE,0.419524336590549,"saddlepoint",FALSE
"B","gene0561",51.2980751792694,TRUE,0.72839566484828,9.6018047191556e-11,373,"",TRUE,0.728021960024481,"saddlepoint",FALSE
"B","gene0562",44.9276669588333,TRUE,0.27124716557002,9.59180187533326e-11,307,"",TRUE,0.270421902608472,"saddlepoint",FALSE
"B","gene0563",64.9447231835205,TRUE,0.381713202299042,9.50703350679344e-11,370,"",TRUE,0.381252824363123,"saddlepoint",FALSE
"B","gene0564",37.3291512899876,TRUE,0.469724098072296,9.53978641416754e-11,305,"",TRUE,0.468743399046967,"saddlepoint",FALSE
"B","gene0565",53.7224136244617,TRUE,0.711621346293549,9.22059861731446e-11,374,"",TRUE,0.711243872762542,"saddlepoint",FALSE
"B","gene0566",20.7030570118968,TRUE,0.954809638606628,9.24938571914002e-11,309,"",TRUE,0.954632664878909,"saddlepoint",FALSE
"B","gene0567",48.5030117440564,TRUE,0.853106781220386,9.52232972377745e-11,384,"",TRUE,0.852868319812572,"saddlepoint",FALSE
"B","gene0568",44.9813562256004,TRUE,0.194534453488854,9.8715868107873e-11,305,"",TRUE,0.193694103626575,"saddlepoint",FALSE
"B","gene0569",57.4984761275221,TRUE,0.66057909523947,9.94179119454333e-11,388,"",TRUE,0.660171112488685,"saddlepoint",FALSE
"B","gene0570",45.9836352754723,TRUE,0.155410493719442,9.26253405030518e-11,300,"",TRUE,0.154682764874922,"saddlepoint",FALSE
"B","gene0571",61.8200900118503,TRUE,0.569259549335303,9.45291533851339e-11,387,"",TRUE,0.568820829973528,"saddlepoint",FALSE
"B","gene0572",12.3340559587534,TRUE,0.997873945181333,9.7803340079472e-11,299,"",TRUE,0.997864575278607,"saddlepoint",FALSE
"B","gene0573",108.193300954506,TRUE,0.0130932160864196,9.68400958923678e-11,405,"",TRUE,0.0130397897740668,"saddlepoint",FALSE
"B","gene0574",31.0529831900128,TRUE,0.515894794283524,9.42520223109686e-11,300,"",TRUE,0.514658370834491,"saddlepoint",FALSE
"B","gene0575",51.8366440408213,TRUE,0.854422377029908,9.99242094775442e-11,402,"",TRUE,0.854197800770404,"saddlepoint",FALSE
"B","gene0576",32.919526065931,TRUE,0.407687967305634,9.17577457700165e-11,288,"",TRUE,0.40637660458954,"saddlepoint",FALSE
"B","gene0577",77.3293924448932,TRUE,0.273300351595522,9.53673234675191e-11,408,"",TRUE,0.272925997399964,"saddlepoint",FALSE
"B","gene0578",18.0968341662953,TRUE,0.919465147553223,9.6504334959422e-11,302,"",TRUE,0.91908983997887,"saddlepoint",FALSE
"B","gene0579",101.087490957741,TRUE,0.0403499432608257,9.72633486338165e-11,409,"",TRUE,0.0402413878987648,"saddlepoint",FALSE
"B","gene0580",19.9350150624283,TRUE,0.844465199984957,9.171600604636e-11,296,"",TRUE,0.843761151167085,"saddlepoint",FALSE
"B","gene0581",71.1140548813993,TRUE,0.45663601320283,9.75165575459874e-11,417,"",TRUE,0.456212243891968,"saddlepoint",FALSE
"B","gene0582",25.8897243273443,TRUE,0.566672678967341,9.79481228654926e-11,293,"",TRUE,0.565287183921762,"saddlepoint",FALSE
"B","gene0583",79.5705858551568,TRUE,0.292459744953561,9.97782612826084e-11,429,"",TRUE,0.292067652269653,"saddlepoint",FALSE
"B","gene0584",30.6472782769304,TRUE,0.33967440623313,9.7609510372413e-11,293,"",TRUE,0.338138554585535,"saddlepoint",FALSE
"B","gene0585",104.686980552292,TRUE,0.0413200137824163,9.44720795733114e-11,430,"",TRUE,0.0411968565614261,"saddlepoint",FALSE
"B","gene0586",24.0635077057798,TRUE,0.560953208185475,9.99175111681024e-11,285,"",TRUE,0.559378781590428,"saddlepoint",FALSE
"B","gene0587",70.1112300732116,TRUE,0.556216109390177,9.53403295981398e-11,427,"",TRUE,0.555826707238081,"saddlepoint",FALSE
"B","gene0588",23.4286258554954,TRUE,0.54689123759551,9.52753616560893e-11,288,"",TRUE,0.545169986861074,"saddlepoint",FALSE
"B","gene0589",51.967779851226,TRUE,0.936676699436179,9.33984851264613e-11,433,"",TRUE,0.936575328894793,"saddlepoint",FALSE
"B","gene0590",48.2873128403551,TRUE,0.0238536888899123,9.32596954847896e-11,295,"",TRUE,0.0234979706009048,"saddlepoint",FALSE
"B","gene0591",101.672652260042,TRUE,0.0757726591106006,9.58548576884127e-11,446,"",TRUE,0.0755990142830149,"saddlepoint",FALSE
"B","gene0592",15.9328945695082,TRUE,0.809678403227916,9.186045918071e-11,277,"",TRUE,0.808569822563193,"saddlepoint",FALSE
"B","gene0593",102.093368805561,TRUE,0.0809526127674162,9.92052895994883e-11,455,"",TRUE,0.0807908270900713,"saddlepoint",FALSE
"B","gene0594",19.5123235418654,TRUE,0.594673048503003,9.62864940773703e-11,287,"",TRUE,0.592723169797667,"saddlepoint",FALSE
"B","gene0595",87.1090092638383,TRUE,0.272286045017218,9.96491621857443e-11,458,"",TRUE,0.271923216570834,"saddlepoint",FALSE
"B","gene0596",42.6632635408231,TRUE,0.0292712790167225,9.99446144334809e-11,272,"",TRUE,0.0288120185682791,"saddlepoint",FALSE
"B","gene0597",97.574944827352,TRUE,0.140772033949374,9.41893879514641e-11,474,"",TRUE,0.140541821402447,"saddlepoint",FALSE
"B","gene0598",35.4451390182717,TRUE,0.0668568523964744,9.90681379704587e-11,272,"",TRUE,0.0659862291424052,"saddlepoint",FALSE
"B","gene0599",16.022158182117,TRUE,0.63060236094063,9.80864622922122e-11,277,"",TRUE,0.628336006468174,"saddlepoint",FALSE
"B","gene0600",59.53236085564,TRUE,0.893996292485575,9.46915675753036e-11,469,"",TRUE,0.89385144654734,"saddlepoint",FALSE
"B","gene0601",8.92386763975571,TRUE,0.965426921357936,9.19412739843438e-11,283,"",TRUE,0.965167109847168,"saddlepoint",FALSE
"B","gene0602",74.6350409732942,TRUE,0.56427165585576,9.85305764929223e-11,468,"",TRUE,0.563904929459075,"saddlepoint",FALSE
"B","gene0603",19.6096204926154,TRUE,0.541570736306597,9.93082783975335e-11,288,"",TRUE,0.539289720244701,"saddlepoint",FALSE
"B","gene0604",58.6759288446979,TRUE,0.880023475322248,9.95416130165211e-11,469,"",TRUE,0.879848885030463,"saddlepoint",FALSE
"B","gene0605",34.8692259784722,TRUE,0.105652851988052,9.78345915565726e-11,302,"",TRUE,0.104360517893583,"saddlepoint",FALSE
"B","gene0606",75.429470524011,TRUE,0.496929620220771,9.57734968805649e-11,477,"",TRUE,0.496536755887271,"saddlepoint",FALSE
"B","gene0607",40.068089826955,TRUE,0.0634093799651221,9.63029161082062e-11,308,"",TRUE,0.0624979709413868,"saddlepoint",FALSE
"B","gene0608",76.3075602154694,TRUE,0.452619110139874,9.88211237016104e-11,467,"",TRUE,0.452199543715135,"saddlepoint",FALSE
"B","gene0609",41.52777727415,TRUE,0.0621889527705774,9.2594315515785e-11,318,"",TRUE,0.0614246021125868,"saddlepoint",FALSE
"B","gene0610",92.6549269642395,TRUE,0.147059590461211,9.32394721869269e-11,471,"",TRUE,0.146771263458203,"saddlepoint",FALSE
"B","gene0611",15.0954059886042,TRUE,0.894137252852757,9.53250802403736e-11,317,"",TRUE,0.893503260095318,"saddlepoint",FALSE
"B","gene0612",98.6912633382578,TRUE,0.0826869684125289,9.40797284911324e-11,467,"",TRUE,0.0824858929900379,"saddlepoint",FALSE
"B","gene0613",20.5892165412692,TRUE,0.713876260671006,9.35042385858363e-11,309,"",TRUE,0.712585541106979,"saddlepoint",FALSE
"B","gene0614",51.9947234913291,TRUE,0.912551704386239,9.69612048529016e-11,465,"",TRUE,0.912404474215898,"saddlepoint",FALSE
"B","gene0615",27.5245347070774,TRUE,0.45365459968135,9.4305255824486e-11,325,"",TRUE,0.451952980863357,"saddlepoint",FALSE
"B","gene0616",73.839067409541,TRUE,0.415190369267575,9.73711684199019e-11,469,"",TRUE,0.41472869432936,"saddlepoint",FALSE
"B","gene0617",20.4306962412568,TRUE,0.790617528456591,9.41564841502526e-11,315,"",TRUE,0.789660163104442,"saddlepoint",FALSE
"B","gene0618",61.3238485595119,TRUE,0.69897402745801,9.61163792328502e-11,462,"",TRUE,0.698592440750095,"saddlepoint",FALSE
"B","gene0619",26.4794090300903,TRUE,0.576234165889143,9.6124484348821e-11,336,"",TRUE,0.574750808396124,"saddlepoint",FALSE
"B","gene0620",59.2829650575796,TRUE,0.72432849798939,9.66739329105563e-11,471,"",TRUE,0.72395915840743,"saddlepoint",FALSE
"B","gene0621",26.0023112633229,TRUE,0.634897932971657,9.7795676992727e-11,338,"",TRUE,0.633616457158009,"saddlepoint",FALSE
"B","gene0622",75.9669293896641,TRUE,0.302746613549165,9.87852721173223e-11,458,"",TRUE,0.302299261743179,"saddlepoint",FALSE
"B","gene0623",24.2348822040384,TRUE,0.740080529222536,9.50214867185238e-11,347,"",TRUE,0.738991207341116,"saddlepoint",FALSE
"B","gene0624",40.7305829208158,TRUE,0.976890817742948,9.80784072663818e-11,479,"",TRUE,0.976839726081573,"saddlepoint",FALSE
"B","gene0625",24.0501621668752,TRUE,0.779442127889035,9.61267366704141e-11,352,"",TRUE,0.77856113738931,"saddlepoint",FALSE
"B","gene0626",57.1130561804643,TRUE,0.70816984761274,9.39898374516419e-11,472,"",TRUE,0.707751702255651,"saddlepoint",FALSE
"B","gene0627",32.2872492036286,TRUE,0.500826388883845,9.83229271112919e-11,373,"",TRUE,0.499397030036683,"saddlepoint",FALSE
"B","gene0628",46.0094174639277,TRUE,0.911489572464564,9.74662369584468e-11,471,"",TRUE,0.911307354188741,"saddlepoint",FALSE
"B","gene0629",48.4282065814943,TRUE,0.125546226167179,9.66916073033217e-11,362,"",TRUE,0.124785338023248,"saddlepoint",FALSE
"B","gene0630",63.743439534438,TRUE,0.487136542704242,9.3943462763698e-11,466,"",TRUE,0.486588899595272,"saddlepoint",FALSE
"B","gene0631",28.7395539895485,TRUE,0.70389630735991,9.75800730365975e-11,369,"",TRUE,0.702901258544877,"saddlepoint",FALSE
"B","gene0632",83.7651271554306,TRUE,0.112255110733544,9.37275068755433e-11,462,"",TRUE,0.111976617675046,"saddlepoint",FALSE
"B","gene0633",52.7196389460751,TRUE,0.102829387595392,9.57800255665768e-11,375,"",TRUE,0.102237271565793,"saddlepoint",FALSE
"B","gene0634",68.6325401148517,TRUE,0.323558813176505,9.63087538863837e-11,469,"",TRUE,0.323002551038005,"saddlepoint",FALSE
"B","gene0635",27.2328042659654,TRUE,0.812843011565627,9.42383793613513e-11,380,"",TRUE,0.812137478361828,"saddlepoint",FALSE
"B","gene0636",60.3790015781012,TRUE,0.496176957501449,9.88924318953352e-11,467,"",TRUE,0.495605840096248,"saddlepoint",FALSE
"B","gene0637",39.5397429768395,TRUE,0.4256632285795,9.57950932120588e-11,393,"",TRUE,0.424478404095073,"saddlepoint",FALSE
"B","gene0638",104.786864130832,TRUE,0.0106541054254828,9.75143882742807e-11,461,"",TRUE,0.0106000424420886,"saddlepoint",FALSE
"B","gene0639",37.9253998993599,TRUE,0.51053489276174,9.97740730638262e-11,400,"",TRUE,0.509430142685508,"saddlepoint",FALSE
"B","gene0640",50.1893792579236,TRUE,0.714937137934029,9.66705335030647e-11,483,"",TRUE,0.714423213907337,"saddlepoint",FALSE
"B","gene0641",43.2516178299243,TRUE,0.377044801150058,9.37925958145562e-11,401,"",TRUE,0.376045209148479,"saddlepoint",FALSE
"B","gene0642",43.562215884932,TRUE,0.85035938960965,9.41632436629071e-11,472,"",TRUE,0.85003095689406,"saddlepoint",FALSE
"B","gene0643",41.2376552109268,TRUE,0.468745241127601,9.33952878684648e-11,398,"",TRUE,0.467736645965151,"saddlepoint",FALSE
"B","gene0644",54.778566121951,TRUE,0.539367482535439,9.72253064190388e-11,470,"",TRUE,0.538734855619815,"saddlepoint",FALSE
"B","gene0645",40.3900224443694,TRUE,0.526917132302332,9.33890098499951e-11,416,"",TRUE,0.525922250578555,"saddlepoint",FALSE
"B","gene0646",69.0654363488086,TRUE,0.197171289385834,9.3764660803481e-11,464,"",TRUE,0.196613358420296,"saddlepoint",FALSE
"B","gene0647",29.6226260208754,TRUE,0.877441048720345,9.95336210912572e-11,420,"",TRUE,0.877019267660594,"saddlepoint",FALSE
"B","gene0648",54.2015872746708,TRUE,0.50001746764381,9.78801831252873e-11,466,"",TRUE,0.499283950682044,"saddlepoint",FALSE
"B","gene0649",43.471860713084,TRUE,0.492146576687489,9.36533070604144e-11,421,"",TRUE,0.491183962968569,"saddlepoint",FALSE
"B","gene0650",69.1189269531339,TRUE,0.164351406665118,9.46035932426238e-11,470,"",TRUE,0.163847030620757,"saddlepoint",FALSE
"B","gene0651",33.7505924227411,TRUE,0.8159635332571,9.47288137146361e-11,441,"",TRUE,0.815408573750606,"saddlepoint",FALSE
"B","gene0652",72.0337411833587,TRUE,0.115975589711246,9.74186147332731e-11,463,"",TRUE,0.11549897288103,"saddlepoint",FALSE
"B","gene0653",43.519969461171,TRUE,0.551543394027493,9.41063626222309e-11,437,"",TRUE,0.550662625040831,"saddlepoint",FALSE
"B","gene0654",62.6585901240232,TRUE,0.230630193867708,9.55406254327454e-11,468,"",TRUE,0.229955870571397,"saddlepoint",FALSE
"B","gene0655",33.4326075003924,TRUE,0.864630135339458,9.85043083342671e-11,451,"",TRUE,0.864229161192055,"saddlepoint",FALSE
"B","gene0656",56.7564205950498,TRUE,0.328799781443829,9.77977994268998e-11,457,"",TRUE,0.328035196346201,"saddlepoint",FALSE
"B","gene0657",40.9785980639943,TRUE,0.686896381708904,9.91978517557446e-11,444,"",TRUE,0.686190609825797,"saddlepoint",FALSE
"B","gene0658",49.5083704330135,TRUE,0.490920933643362,9.53346046854084e-11,454,"",TRUE,0.490123476140192,"saddlepoint",FALSE
"B","gene0659",61.1714639326793,TRUE,0.199231503898369,9.94223857972779e-11,461,"",TRUE,0.198578600579655,"saddlepoint",FALSE
"B","gene0660",57.2139609431097,TRUE,0.272417554987765,9.71680765363137e-11,462,"",TRUE,0.271591925869165,"saddlepoint",FALSE
"B","gene0661",27.9881915907605,TRUE,0.974889854570358,9.50851522085044e-11,463,"",TRUE,0.974801412930671,"saddlepoint",FALSE
"B","gene0662",38.2235667468574,TRUE,0.765361835482671,9.58219270531975e-11,452,"",TRUE,0.764765389152473,"saddlepoint",FALSE
"B","gene0663",47.4895867622161,TRUE,0.5770606533128,9.60655850658007e-11,474,"",TRUE,0.576284347076506,"saddlepoint",FALSE
"B","gene0664",51.1794098725798,TRUE,0.361533798471141,9.96681174549562e-11,449,"",TRUE,0.360613922902238,"saddlepoint",FALSE
"B","gene0665",75.3384614556821,TRUE,0.0791177102655691,9.40503798972647e-11,486,"",TRUE,0.0787785305096273,"saddlepoint",FALSE
"B","gene0666",34.9513740379922,TRUE,0.80507562414538,9.66823515235853e-11,449,"",TRUE,0.804509410572833,"saddlepoint",FALSE
"B","gene0667",34.7596543537967,TRUE,0.926031330062281,9.47788691063253e-11,494,"",TRUE,0.925810396698747,"saddlepoint",FALSE
"B","gene0668",46.4654004334187,TRUE,0.432242757013763,9.74217488364931e-11,462,"",TRUE,0.431243084409733,"saddlepoint",FALSE
"B","gene0669",63.596557607244,TRUE,0.25521723645802,9.92522706817073e-11,500,"",TRUE,0.25456833620475,"saddlepoint",FALSE
"B","gene0670",58.5363958430997,TRUE,0.154544536832647,9.82152854054133e-11,461,"",TRUE,0.153877753114669,"saddlepoint",FALSE
"B","gene0671",64.4441712379205,TRUE,0.260202957582479,9.61236533078558e-11,502,"",TRUE,0.259489156031518,"saddlepoint",FALSE
"B","gene0672",32.9709925865189,TRUE,0.786202254365164,9.91979908588833e-11,455,"",TRUE,0.785493696053362,"saddlepoint",FALSE
"B","gene0673",75.8794674903078,TRUE,0.11618530127941,9.71531600286145e-11,515,"",TRUE,0.115740738857611,"saddlepoint",FALSE
"B","gene0674",61.1779945048482,TRUE,0.0966647855702582,9.98191160804518e-11,458,"",TRUE,0.0960755047195138,"saddlepoint",FALSE
"B","gene0675",37.3189123800624,TRUE,0.932367571837014,9.4426857446487e-11,519,"",TRUE,0.93218034462232,"saddlepoint",FALSE
"B","gene0676",45.9918663004902,TRUE,0.332111318628069,9.99050964569162e-11,456,"",TRUE,0.331021419185301,"saddlepoint",FALSE
"B","gene0677",57.0482704070101,TRUE,0.501149429315952,9.9654128211165e-11,521,"",TRUE,0.500437955689304,"saddlepoint",FALSE
"B","gene0678",43.7737673940674,TRUE,0.362288704780651,9.72187647768109e-11,465,"",TRUE,0.361101568074222,"saddlepoint",FALSE
"B","gene0679",47.8726358147237,TRUE,0.765201077988795,9.48146524400867e-11,519,"",TRUE,0.764727478278725,"saddlepoint",FALSE
"B","gene0680",48.9060348851867,TRUE,0.218408257663502,9.511704493698e-11,445,"",TRUE,0.217418015147692,"saddlepoint",FALSE
"B","gene0681",58.2876651491079,TRUE,0.520052494227401,9.61720883593982e-11,537,"",TRUE,0.519387174761829,"saddlepoint",FALSE
"B","gene0682",45.6736507206889,TRUE,0.262216070444729,9.97080754549726e-11,458,"",TRUE,0.261021459091484,"saddlepoint",FALSE
"B","gene0683",56.9230599304983,TRUE,0.580526160322191,9.55021404298005e-11,550,"",TRUE,0.579852470202634,"saddlepoint",FALSE
"B","gene0684",44.3242496054159,TRUE,0.267022301936324,9.72741109666816e-11,444,"",TRUE,0.265727113500597,"saddlepoint",FALSE
"B","gene0685",62.2583561904037,TRUE,0.470170565506082,9.85412042762979e-11,553,"",TRUE,0.469488187168502,"saddlepoint",FALSE
"B","gene0686",20.9831717702874,TRUE,0.934200897351396,9.66555855535026e-11,445,"",TRUE,0.933871115765841,"saddlepoint",FALSE
"B","gene0687",44.7276685344809,TRUE,0.895814281273447,9.51335332125686e-11,549,"",TRUE,0.895571091094368,"saddlepoint",FALSE
"B","gene0688",47.9613789514766,TRUE,0.156491213491769,9.94473080815662e-11,447,"",TRUE,0.155471317724668,"saddlepoint",FALSE
"B","gene0689",57.0959722304734,TRUE,0.648593719215509,9.76108062108495e-11,583,"",TRUE,0.648005248647405,"saddlepoint",FALSE
"B","gene0690",52.1555303912639,TRUE,0.0908825104345842,9.83753792945137e-11,445,"",TRUE,0.0901573332222439,"saddlepoint",FALSE
"B","gene0691",51.5866627421136,TRUE,0.799768302512584,9.55218652115043e-11,583,"",TRUE,0.799382034542214,"saddlepoint",FALSE
"B","gene0692",31.1180015154846,TRUE,0.535868889370809,9.85515131416044e-11,449,"",TRUE,0.534258481969335,"saddlepoint",FALSE
"B","gene0693",62.4286584529907,TRUE,0.563294235018461,9.78178590644446e-11,579,"",TRUE,0.562679760579843,"saddlepoint",FALSE
"B","gene0694",43.5599820828177,TRUE,0.171119843080519,9.82370825311496e-11,446,"",TRUE,0.169943745821286,"saddlepoint",FALSE
"B","gene0695",87.2467816723971,TRUE,0.133216571370346,9.77004703810354e-11,581,"",TRUE,0.132854409495379,"saddlepoint",FALSE
"B","gene0696",19.6716986958412,TRUE,0.876721163052506,9.99692486994622e-11,442,"",TRUE,0.876011550926359,"saddlepoint",FALSE
"B","gene0697",58.4789028051431,TRUE,0.704606492160252,9.87344616872401e-11,603,"",TRUE,0.704110848242794,"saddlepoint",FALSE
"B","gene0698",32.5199924958634,TRUE,0.381831280166448,9.83292480641676e-11,451,"",TRUE,0.379822825680005,"saddlepoint",FALSE
"B","gene0699",66.8429057177718,TRUE,0.526603918263226,9.78822647934585e-11,616,"",TRUE,0.525992141136723,"saddlepoint",FALSE
"B","gene0700",47.0630541021617,TRUE,0.0813422709426394,9.68350004674177e-11,447,"",TRUE,0.0802669714780626,"saddlepoint",FALSE
"B","gene0701",64.0048879978846,TRUE,0.618567641206256,9.5417698102538e-11,614,"",TRUE,0.618026410339806,"saddlepoint",FALSE
"B","gene0702",31.5857194690919,TRUE,0.344719250046196,9.66126725604650e-11,436,"",TRUE,0.342640809012763,"saddlepoint",FALSE
"B","gene0703",80.5944663607241,TRUE,0.283655041464016,9.57050636657408e-11,623,"",TRUE,0.283108947903768,"saddlepoint",FALSE
"B","gene0704",24.2016554144992,TRUE,0.577770638697501,9.68389661537040e-11,437,"",TRUE,0.575709701328265,"saddlepoint",FALSE
"B","gene0705",58.6512143177645,TRUE,0.778098686325416,9.64583790987773e-11,645,"",TRUE,0.777708631245989,"saddlepoint",FALSE
"B","gene0706",28.7263908438052,TRUE,0.367374753454546,9.68665334034023e-11,449,"",TRUE,0.364985546656512,"saddlepoint",FALSE
"B","gene0707",57.3212360714385,TRUE,0.821960050191765,9.9983308633235e-11,628,"",TRUE,0.821631745089074,"saddlepoint",FALSE
"B","gene0708",20.6296567154388,TRUE,0.650934724356242,9.95645977773171e-11,428,"",TRUE,0.649010124001306,"saddlepoint",FALSE
"B","gene0709",70.914981093044,TRUE,0.546083319088192,9.99589603255767e-11,654,"",TRUE,0.545544502644422,"saddlepoint",FALSE
"B","gene0710",19.9868053866269,TRUE,0.637361617409391,9.86239233184173e-11,439,"",TRUE,0.635153622150212,"saddlepoint",FALSE
"B","gene0711",99.4373357249544,TRUE,0.109450778802859,9.91884568186593e-11,649,"",TRUE,0.109166583694814,"saddlepoint",FALSE
"B","gene0712",16.9168331028795,TRUE,0.737510684039318,9.89839157362372e-11,429,"",TRUE,0.735656988482914,"saddlepoint",FALSE
"B","gene0713",70.1512489930938,TRUE,0.606792099477434,9.56707079551901e-11,685,"",TRUE,0.606283134360083,"saddlepoint",FALSE
"B","gene0714",14.7910389292031,TRUE,0.795089828083137,9.58292366900343e-11,424,"",TRUE,0.793501115979153,"saddlepoint",FALSE
"B","gene0715",98.0031111152904,TRUE,0.14223284191788,9.94519400100875e-11,670,"",TRUE,0.141883393824301,"saddlepoint",FALSE
"B","gene0716",11.5730448170415,TRUE,0.8916870514599,9.71631145766511e-11,427,"",TRUE,0.890683291058967,"saddlepoint",FALSE
"B","gene0717",66.9009764076481,TRUE,0.718439662962139,9.7477989926837e-11,692,"",TRUE,0.718020777339766,"saddlepoint",FALSE
"B","gene0718",10.9857807093304,TRUE,0.888883617215837,9.68823206880763e-11,417,"",TRUE,0.887829480942527,"saddlepoint",FALSE
"B","gene0719",30.6646440676943,TRUE,0.124244253944017,9.92677726585796e-11,426,"",TRUE,0.122062372197333,"saddlepoint",FALSE
"B","gene0720",64.6783259377572,TRUE,0.780422413522089,9.77203568714932e-11,693,"",TRUE,0.780062023055669,"saddlepoint",FALSE
"B","gene0721",20.1072159464999,TRUE,0.456019164267523,9.55859037754525e-11,431,"",TRUE,0.452816323500075,"saddlepoint",FALSE
"B","gene0722",78.4727983866097,TRUE,0.466488800235437,9.8615950637742e-11,680,"",TRUE,0.465965312914361,"saddlepoint",FALSE
"B","gene0723",13.9239247733371,TRUE,0.792822621707325,9.86224506466064e-11,437,"",TRUE,0.790996345847856,"saddlepoint",FALSE
"B","gene0724",72.2434402011509,TRUE,0.580051080867159,9.55501546482697e-11,695,"",TRUE,0.579533520337447,"saddlepoint",FALSE
"B","gene0725",21.5962927152117,TRUE,0.478922825918186,9.99669727964718e-11,452,"",TRUE,0.475769399041468,"saddlepoint",FALSE
"B","gene0726",119.937471186998,TRUE,0.0248297124180994,9.6652036959792e-11,686,"",TRUE,0.0247205871408195,"saddlepoint",FALSE
"B","gene0727",30.5641347151408,TRUE,0.221071182177514,9.99860326911933e-11,469,"",TRUE,0.218354885594035,"saddlepoint",FALSE
"B","gene0728",76.9023720613878,TRUE,0.435262709835673,9.91271652435455e-11,705,"",TRUE,0.434671735566575,"saddlepoint",FALSE
"B","gene0729",36.5758894438036,TRUE,0.131984874094695,9.54208994262927e-11,451,"",TRUE,0.130386763567935,"saddlepoint",FALSE
"B","gene0730",98.6503994923313,TRUE,0.109509624781637,9.86895402638882e-11,688,"",TRUE,0.109201541885678,"saddlepoint",FALSE
"B","gene0731",44.7904680111053,TRUE,0.0614673689081572,9.65368133739111e-11,469,"",TRUE,0.0604478592012539,"saddlepoint",FALSE
"B","gene0732",67.9638740250253,TRUE,0.587681195816418,9.83255994528066e-11,705,"",TRUE,0.587088346029525,"saddlepoint",FALSE
"B","gene0733",22.8871965416307,TRUE,0.586534321615872,9.94225489154947e-11,475,"",TRUE,0.584209835224423,"saddlepoint",FALSE
"B","gene0734",69.616262738922,TRUE,0.527909149726294,9.78072912916593e-11,685,"",TRUE,0.527297697844212,"saddlepoint",FALSE
"B","gene0735",48.778295235704,TRUE,0.0540417184110119,9.79816707370046e-11,480,"",TRUE,0.0533395107753907,"saddlepoint",FALSE
"B","gene0736",53.0908000166641,TRUE,0.856819363002944,9.97936777159293e-11,689,"",TRUE,0.856510013936293,"saddlepoint",FALSE
"B","gene0737",55.4278681285434,TRUE,0.0305746832628714,9.59596634466688e-11,500,"",TRUE,0.030083181304358,"saddlepoint",FALSE
"B","gene0738",73.5860687468274,TRUE,0.397626555912346,9.61759450291561e-11,696,"",TRUE,0.396977642422858,"saddlepoint",FALSE
"B","gene0739",30.6407441017461,TRUE,0.40732732623291,9.73347117965914e-11,509,"",TRUE,0.40501594113904,"saddlepoint",FALSE
"B","gene0740",55.9450967526489,TRUE,0.770211646157642,9.6944627239054e-11,705,"",TRUE,0.769745995866058,"saddlepoint",FALSE
"B","gene0741",21.5001467505644,TRUE,0.780743103527171,9.69905405989735e-11,515,"",TRUE,0.779504539479782,"saddlepoint",FALSE
"B","gene0742",81.730426379154,TRUE,0.218986172337743,9.92738684226641e-11,687,"",TRUE,0.218402670036955,"saddlepoint",FALSE
"B","gene0743",31.135003492019,TRUE,0.459367750892774,9.73363944783631e-11,524,"",TRUE,0.457260096606322,"saddlepoint",FALSE
"B","gene0744",54.0867458702418,TRUE,0.771425063719339,9.61725734314502e-11,696,"",TRUE,0.770941223016,"saddlepoint",FALSE
"B","gene0745",40.1848021860547,TRUE,0.240265614924446,9.77214932780003e-11,527,"",TRUE,0.238592411801481,"saddlepoint",FALSE
"B","gene0746",64.3482342596876,TRUE,0.51070844352557,9.93664362488982e-11,708,"",TRUE,0.510009764017297,"saddlepoint",FALSE
"B","gene0747",47.3140528511056,TRUE,0.139760807736499,9.86308282767932e-11,527,"",TRUE,0.138550763884814,"saddlepoint",FALSE
"B","gene0748",47.3089694798934,TRUE,0.865061940039349,9.83771535371589e-11,700,"",TRUE,0.864713247758961,"saddlepoint",FALSE
"B","gene0749",53.984813519052,TRUE,0.084064982354666,9.93404252087882e-11,556,"",TRUE,0.08310472669762,"saddlepoint",FALSE
"B","gene0750",91.3330682459293,TRUE,0.0818891131974634,9.88830348440557e-11,722,"",TRUE,0.0815146865660559,"saddlepoint",FALSE
"B","gene0751",38.5624909143464,TRUE,0.359838596334471,9.96951926937086e-11,555,"",TRUE,0.358090797082693,"saddlepoint",FALSE
"B","gene0752",83.0648162238145,TRUE,0.137690156115659,9.84926690444747e-11,690,"",TRUE,0.137174582942104,"saddlepoint",FALSE
"B","gene0753",31.7003794193071,TRUE,0.605311146250182,9.85453775330901e-11,574,"",TRUE,0.603734381494579,"saddlepoint",FALSE
"B","gene0754",92.8672044337054,TRUE,0.0595445412683198,9.85695388700837e-11,694,"",TRUE,0.0592845691728918,"saddlepoint",FALSE
"B","gene0755",32.846844728886,TRUE,0.598692203703279,9.60697081782425e-11,587,"",TRUE,0.597138909870575,"saddlepoint",FALSE
"B","gene0756",39.403445137742,TRUE,0.931015001750439,9.85996860872716e-11,708,"",TRUE,0.930790444965493,"saddlepoint",FALSE
"B","gene0757",34.1068832602922,TRUE,0.588034401260649,9.96369251752942e-11,603,"",TRUE,0.586582156105593,"saddlepoint",FALSE
"B","gene0758",42.1670640890443,TRUE,0.87782075383468,9.67242727968956e-11,723,"",TRUE,0.877445869258958,"saddlepoint",FALSE
"B","gene0759",33.2387027544842,TRUE,0.646233255259492,9.66949310335016e-11,599,"",TRUE,0.644903577266078,"saddlepoint",FALSE
"B","gene0760",51.8996690870185,TRUE,0.646614068331746,9.82105978573206e-11,702,"",TRUE,0.645811301346546,"saddlepoint",FALSE
"B","gene0761",55.2269145099013,TRUE,0.148616847511111,9.70546261088757e-11,588,"",TRUE,0.14774700537425,"saddlepoint",FALSE
"B","gene0762",57.112927205094,TRUE,0.491625827836002,9.72605455375197e-11,699,"",TRUE,0.490730109600231,"saddlepoint",FALSE
"B","gene0763",40.5014378232074,TRUE,0.479305528130589,9.81699892275804e-11,611,"",TRUE,0.477787005317802,"saddlepoint",FALSE
"B","gene0764",69.7141773614734,TRUE,0.219338688360517,9.84211518165710e-11,701,"",TRUE,0.218593491923498,"saddlepoint",FALSE
"B","gene0765",60.1980112197863,TRUE,0.12087276396929,9.99066027932045e-11,632,"",TRUE,0.119996048811138,"saddlepoint",FALSE
"B","gene0766",58.3001563244826,TRUE,0.415269876441304,9.77439612538308e-11,692,"",TRUE,0.414350127498239,"saddlepoint",FALSE
"B","gene0767",71.1178351762584,TRUE,0.0518622974575018,9.80850772239368e-11,637,"",TRUE,0.0514745719070309,"saddlepoint",FALSE
"B","gene0768",82.9912077196631,TRUE,0.0684874509174425,9.61568954343552e-11,700,"",TRUE,0.0681037707363279,"saddlepoint",FALSE
"B","gene0769",33.3361484431174,TRUE,0.772773072528716,9.65123307878138e-11,654,"",TRUE,0.771872938134302,"saddlepoint",FALSE
"B","gene0770",30.7162972084047,TRUE,0.964391154978986,9.68942942916086e-11,680,"",TRUE,0.96424953865785,"saddlepoint",FALSE
"B","gene0771",62.900151500657,TRUE,0.130796633862711,9.7257303285133e-11,659,"",TRUE,0.129981105842789,"saddlepoint",FALSE
"B","gene0772",43.150016084733,TRUE,0.724588318256792,9.77602837549073e-11,707,"",TRUE,0.723783948670278,"saddlepoint",FALSE
"B","gene0773",75.0045412199875,TRUE,0.0527313506098846,9.63528287646793e-11,673,"",TRUE,0.052358983214417,"saddlepoint",FALSE
"B","gene0774",79.6947834418174,TRUE,0.0667964497423546,9.85047386541094e-11,702,"",TRUE,0.0663285375979615,"saddlepoint",FALSE
"B","gene0775",42.7039913379921,TRUE,0.584319846591085,9.61050941519076e-11,694,"",TRUE,0.583149092990964,"saddlepoint",FALSE
"B","gene0776",56.7188067394741,TRUE,0.33453928211735,9.84803900754005e-11,717,"",TRUE,0.333404174940764,"saddlepoint",FALSE
"B","gene0777",40.5492643232463,TRUE,0.670848274769727,9.9697242540546e-11,693,"",TRUE,0.669801358626394,"saddlepoint",FALSE
"B","gene0778",25.5976519618894,TRUE,0.979090799264342,9.66015307568395e-11,722,"",TRUE,0.978991779491009,"saddlepoint",FALSE
"B","gene0779",44.4325739270497,TRUE,0.588752436956256,9.94609528201171e-11,700,"",TRUE,0.587640361754005,"saddlepoint",FALSE
"B","gene0780",29.7405871392514,TRUE,0.931643324074897,9.64004380878472e-11,697,"",TRUE,0.931339059355603,"saddlepoint",FALSE
"B","gene0781",37.2584009944048,TRUE,0.801902078756787,9.87064244901102e-11,716,"",TRUE,0.801199542578396,"saddlepoint",FALSE
"B","gene0782",51.2354547440046,TRUE,0.385886754757854,9.92959424536352e-11,708,"",TRUE,0.384652249715358,"saddlepoint",FALSE
"B","gene0783",46.7280506154115,TRUE,0.578536581163325,9.7091894094882e-11,706,"",TRUE,0.577444454358318,"saddlepoint",FALSE
"B","gene0784",43.5343757966326,TRUE,0.55989413631078,9.77901404601231e-11,688,"",TRUE,0.558707754746495,"saddlepoint",FALSE
"B","gene0785",36.6128589496124,TRUE,0.852005708447909,9.82344727481002e-11,721,"",TRUE,0.851468007227048,"saddlepoint",FALSE
"B","gene0786",52.3177842832849,TRUE,0.314555786138223,9.91884069453594e-11,701,"",TRUE,0.31338640315374,"saddlepoint",FALSE
"B","gene0787",31.3580975005273,TRUE,0.94686099204789,9.75566752489838e-11,741,"",TRUE,0.946633466295274,"saddlepoint",FALSE
"B","gene0788",36.5291546153015,TRUE,0.704496013499617,9.68670222159518e-11,701,"",TRUE,0.703403422175537,"saddlepoint",FALSE
"B","gene0789",79.7668005558043,TRUE,0.0841498136330708,9.97598960362188e-11,747,"",TRUE,0.0835672625725072,"saddlepoint",FALSE
"B","gene0790",32.3313682628329,TRUE,0.795095841864994,9.81278825014885e-11,690,"",TRUE,0.794211281283295,"saddlepoint",FALSE
"B","gene0791",45.3578286867659,TRUE,0.70943388203197,9.66761027785742e-11,770,"",TRUE,0.708590708461233,"saddlepoint",FALSE
"B","gene0792",30.7461155348064,TRUE,0.813034715589003,9.65734424395771e-11,702,"",TRUE,0.812199256540177,"saddlepoint",FALSE
"B","gene0793",84.7258350705223,TRUE,0.0701677846137946,9.97652122047311e-11,779,"",TRUE,0.0697770007499227,"saddlepoint",FALSE
"B","gene0794",29.3314308115947,TRUE,0.827027063856227,9.98608902275273e-11,699,"",TRUE,0.826202954376781,"saddlepoint",FALSE
"B","gene0795",39.9657416537565,TRUE,0.863839492341377,9.81349318213837e-11,807,"",TRUE,0.863359696273295,"saddlepoint",FALSE
"B","gene0796",31.0931915151373,TRUE,0.755624902261772,9.89980871802035e-11,702,"",TRUE,0.754483412027842,"saddlepoint",FALSE
"B","gene0797",74.9845812558917,TRUE,0.170365420726671,9.94308338463958e-11,799,"",TRUE,0.169578823677991,"saddlepoint",FALSE
"B","gene0798",31.0901864259077,TRUE,0.729834375982684,9.70855181187461e-11,710,"",TRUE,0.728565959892177,"saddlepoint",FALSE
"B","gene0799",50.1075068817986,TRUE,0.680459821887075,9.9207779252937e-11,825,"",TRUE,0.679630324366612,"saddlepoint",FALSE
"B","gene0800",37.5193469378185,TRUE,0.503963513794118,9.75476776719948e-11,706,"",TRUE,0.502200303117276,"saddlepoint",FALSE
"B","gene0801",98.5526324001992,TRUE,0.0367222724438975,9.96948960559942e-11,848,"",TRUE,0.0363231787803381,"saddlepoint",FALSE
"B","gene0802",31.4883531672446,TRUE,0.660617890334887,9.76642572153227e-11,697,"",TRUE,0.659022738317817,"saddlepoint",FALSE
"B","gene0803",58.4962745519473,TRUE,0.524960104415648,9.84796317844011e-11,831,"",TRUE,0.523979004852051,"saddlepoint",FALSE
"B","gene0804",41.4804386969543,TRUE,0.340142594718661,9.73849597425865e-11,698,"",TRUE,0.338295422015778,"saddlepoint",FALSE
"B","gene0805",48.9204485409647,TRUE,0.767243919411933,9.81542735544599e-11,849,"",TRUE,0.766576921767847,"saddlepoint",FALSE
"B","gene0806",46.0467402735292,TRUE,0.222611531417916,9.89202024329408e-11,702,"",TRUE,0.220972583621021,"saddlepoint",FALSE
"B","gene0807",63.7286322511343,TRUE,0.451413911434873,9.83117310975577e-11,865,"",TRUE,0.450487828181353,"saddlepoint",FALSE
"B","gene0808",35.1275092976715,TRUE,0.454640141843051,9.92660353330184e-11,701,"",TRUE,0.452483457340681,"saddlepoint",FALSE
"B","gene0809",68.2962744358148,TRUE,0.37879914996229,9.71650332892357e-11,877,"",TRUE,0.377863193329065,"saddlepoint",FALSE
"B","gene0810",32.0149048334775,TRUE,0.521054722286449,9.67004919064443e-11,677,"",TRUE,0.519056825686971,"saddlepoint",FALSE
"B","gene0811",79.5422959076607,TRUE,0.214006566217811,9.91613355013146e-11,893,"",TRUE,0.213293572554643,"saddlepoint",FALSE
"B","gene0812",30.6207382841247,TRUE,0.533359554133639,9.93677765396238e-11,686,"",TRUE,0.531318076751669,"saddlepoint",FALSE
"B","gene0813",43.1429573082678,TRUE,0.920475824833092,9.75040695427344e-11,888,"",TRUE,0.920210956162585,"saddlepoint",FALSE
"B","gene0814",42.9755768760992,TRUE,0.195218207176141,9.81683917098894e-11,689,"",TRUE,0.193347715843252,"saddlepoint",FALSE
"B","gene0815",59.1863787544113,TRUE,0.639236158600581,9.8751949217761e-11,924,"",TRUE,0.638457696231567,"saddlepoint",FALSE
"B","gene0816",30.7485507465387,TRUE,0.463717849548704,9.98669898947396e-11,702,"",TRUE,0.461060074466128,"saddlepoint",FALSE
"B","gene0817",78.8179008436681,TRUE,0.271484028166993,9.76979036408122e-11,916,"",TRUE,0.270737320855616,"saddlepoint",FALSE
"B","gene0818",13.8709795414108,TRUE,0.959494363889147,9.66981358267033e-11,703,"",TRUE,0.959135809466002,"saddlepoint",FALSE
"B","gene0819",117.436549613971,TRUE,0.0218413163744246,9.88345612491261e-11,937,"",TRUE,0.021704132839747,"saddlepoint",FALSE
"B","gene0820",28.9089721892878,TRUE,0.45701885679851,9.96669023895815e-11,698,"",TRUE,0.454400312859016,"saddlepoint",FALSE
"B","gene0821",72.6663876415316,TRUE,0.414622624355179,9.89581395885279e-11,957,"",TRUE,0.413778579825317,"saddlepoint",FALSE
"B","gene0822",29.662720070063,TRUE,0.399877675647748,9.65978260380161e-11,700,"",TRUE,0.39691373778652,"saddlepoint",FALSE
"B","gene0823",61.5588924013932,TRUE,0.666813169305045,9.86661302790001e-11,965,"",TRUE,0.666061038455444,"saddlepoint",FALSE
"B","gene0824",26.7567915709223,TRUE,0.460710060169187,9.6832083584103e-11,698,"",TRUE,0.457674406370039,"saddlepoint",FALSE
"B","gene0825",58.3601173034866,TRUE,0.749976554205226,9.80455378885893e-11,988,"",TRUE,0.749358286680453,"saddlepoint",FALSE
"B","gene0826",31.268865931973,TRUE,0.293961712839261,9.90491843817602e-11,677,"",TRUE,0.290842645860936,"saddlepoint",FALSE
"B","gene0827",120.31704165633,TRUE,0.0267129170868128,9.72226967444097e-11,984,"",TRUE,0.0265363226272985,"saddlepoint",FALSE
"B","gene0828",27.2348752571383,TRUE,0.376716983949947,9.90114345220984e-11,690,"",TRUE,0.373508080357577,"saddlepoint",FALSE
"B","gene0829",71.159592824241,TRUE,0.524760315583122,9.81130588014953e-11,991,"",TRUE,0.52394868989096,"saddlepoint",FALSE
"B","gene0830",38.8669046024728,TRUE,0.11683071565066,9.97072460403106e-11,690,"",TRUE,0.114621665341959,"saddlepoint",FALSE
"B","gene0831",71.4404941932597,TRUE,0.538645780899917,9.86216496922515e-11,1023,"",TRUE,0.537898835268801,"saddlepoint",FALSE
"B","gene0832",12.1277858931928,TRUE,0.89187133406612,9.7573792090782e-11,679,"",TRUE,0.890668152801726,"saddlepoint",FALSE
"B","gene0833",82.0247911408373,TRUE,0.358218153870713,9.75288954414497e-11,1027,"",TRUE,0.357473241236879,"saddlepoint",FALSE
"B","gene0834",17.5149054485668,TRUE,0.634613924830648,9.80994680562126e-11,678,"",TRUE,0.631006279472841,"saddlepoint",FALSE
"B","gene0835",99.4218589387462,TRUE,0.151460565225117,9.81876855754397e-11,1035,"",TRUE,0.150936977123918,"saddlepoint",FALSE
"B","gene0836",25.1327697928805,TRUE,0.307859650179836,9.98697598144499e-11,651,"",TRUE,0.303848962434433,"saddlepoint",FALSE
"B","gene0837",75.5750845616413,TRUE,0.514194905849384,9.77557422488472e-11,1071,"",TRUE,0.513414703336207,"saddlepoint",FALSE
"B","gene0838",14.112786996456,TRUE,0.71320346343475,9.91225641063659e-11,682,"",TRUE,0.710079197135888,"saddlepoint",FALSE
"B","gene0839",22.8116753748424,TRUE,0.309891769942535,9.9208197971816e-11,652,"",TRUE,0.305630222448635,"saddlepoint",FALSE
"B","gene0840",126.132212990534,TRUE,0.0319114418885186,9.96882824769521e-11,1055,"",TRUE,0.0317487814128386,"saddlepoint",FALSE
"B","gene0841",39.340131438151,TRUE,0.0644092294933041,9.88040403074493e-11,672,"",TRUE,0.0628346462032698,"saddlepoint",FALSE
"B","gene0842",107.439507399568,TRUE,0.100546719278383,9.98967287471793e-11,1078,"",TRUE,0.100149375709795,"saddlepoint",FALSE
"B","gene0843",27.0194393747874,TRUE,0.257585737820822,9.95601612762374e-11,709,"",TRUE,0.253616748272821,"saddlepoint",FALSE
"B","gene0844",64.1675459107324,TRUE,0.719922743480699,9.86677495349447e-11,1084,"",TRUE,0.719313314706119,"saddlepoint",FALSE
"B","gene0845",14.3165843382613,TRUE,0.774039802590926,9.87151416382073e-11,704,"",TRUE,0.771562411068831,"saddlepoint",FALSE
"B","gene0846",78.7514840674138,TRUE,0.415517996808837,9.80699500557555e-11,1085,"",TRUE,0.414668322609632,"saddlepoint",FALSE
"B","gene0847",21.6952073507829,TRUE,0.495068779985726,9.7012207566239e-11,735,"",TRUE,0.490971010297634,"saddlepoint",FALSE
"B","gene0848",61.2977082257255,TRUE,0.738439629026756,9.80755847086560e-11,1114,"",TRUE,0.737796707630841,"saddlepoint",FALSE
"B","gene0849",45.4386128286037,TRUE,0.0641352679067248,9.88459860295186e-11,753,"",TRUE,0.0626714407791742,"saddlepoint",FALSE
"B","gene0850",69.7251595872935,TRUE,0.551001423642592,9.76313156838757e-11,1068,"",TRUE,0.550207242163199,"saddlepoint",FALSE
"B","gene0851",30.9308734849052,TRUE,0.275686161832181,9.9990855439297e-11,766,"",TRUE,0.272490150544016,"saddlepoint",FALSE
"B","gene0852",85.184120039548,TRUE,0.262812964594824,9.84508133111857e-11,1102,"",TRUE,0.262047143794919,"saddlepoint",FALSE
"B","gene0853",38.2687556948132,TRUE,0.161282202081448,9.77357913025702e-11,778,"",TRUE,0.158599202182537,"saddlepoint",FALSE
"B","gene0854",80.9979723059114,TRUE,0.30752128419622,9.75081310724928e-11,1078,"",TRUE,0.306682266754115,"saddlepoint",FALSE
"B","gene0855",24.223713408271,TRUE,0.546508630409326,9.92130107994697e-11,815,"",TRUE,0.543429027005511,"saddlepoint",FALSE
"B","gene0856",56.8308351907346,TRUE,0.754256472143967,9.72717339618387e-11,1069,"",TRUE,0.753622889277716,"saddlepoint",FALSE
"B","gene0857",19.0109723699779,TRUE,0.772880689885551,9.86684052604186e-11,817,"",TRUE,0.770943436640003,"saddlepoint",FALSE
"B","gene0858",88.9990842058971,TRUE,0.17783299721781,9.83851019859157e-11,1090,"",TRUE,0.177158845358169,"saddlepoint",FALSE
"B","gene0859",27.7227108133565,TRUE,0.49092433919897,9.93092642083589e-11,816,"",TRUE,0.487968258164631,"saddlepoint",FALSE
"B","gene0860",49.4220450386788,TRUE,0.852783352179037,9.84619342981295e-11,1105,"",TRUE,0.852308648477077,"saddlepoint",FALSE
"B","gene0861",22.0668876661997,TRUE,0.720789031960929,9.90430161929706e-11,865,"",TRUE,0.718632201366697,"saddlepoint",FALSE
"B","gene0862",55.6644691923968,TRUE,0.721201308739985,9.87308248936829e-11,1090,"",TRUE,0.720443954602339,"saddlepoint",FALSE
"B","gene0863",38.3771406781553,TRUE,0.263752175528055,9.9394451436724e-11,842,"",TRUE,0.2612588971956,"saddlepoint",FALSE
"B","gene0864",84.0645259568119,TRUE,0.195639527926907,9.84619803225117e-11,1114,"",TRUE,0.194768924687656,"saddlepoint",FALSE
"B","gene0865",27.3480018224784,TRUE,0.597955144790973,9.9077392178102e-11,857,"",TRUE,0.595516332790739,"saddlepoint",FALSE
"B","gene0866",76.6135500051289,TRUE,0.276582139029996,9.97837064711793e-11,1077,"",TRUE,0.275629577585601,"saddlepoint",FALSE
"B","gene0867",33.7083580886581,TRUE,0.430889224378066,9.9931282053576e-11,868,"",TRUE,0.428217608106932,"saddlepoint",FALSE
"B","gene0868",45.3746251302602,TRUE,0.86167118555427,9.82489146462984e-11,1119,"",TRUE,0.861181878651881,"saddlepoint",FALSE
"B","gene0869",17.7866387776385,TRUE,0.927661370363299,9.92683800286366e-11,906,"",TRUE,0.927044770206045,"saddlepoint",FALSE
"B","gene0870",37.7949192145263,TRUE,0.947748604247659,9.85666319072188e-11,1130,"",TRUE,0.947523137180367,"saddlepoint",FALSE
"B","gene0871",36.5133198163193,TRUE,0.409920513054243,9.96168269401521e-11,939,"",TRUE,0.407282639514518,"saddlepoint",FALSE
"B","gene0872",42.1811855061905,TRUE,0.884221233085492,9.7653658271725e-11,1122,"",TRUE,0.883760258980692,"saddlepoint",FALSE
"B","gene0873",46.5293920666234,TRUE,0.221497974189894,9.9388943798108e-11,914,"",TRUE,0.219375998392489,"saddlepoint",FALSE
"B","gene0874",47.7637186476564,TRUE,0.769522290970067,9.76451002302967e-11,1109,"",TRUE,0.768722649879387,"saddlepoint",FALSE
"B","gene0875",22.3530443030869,TRUE,0.874454054345303,9.89996013769576e-11,940,"",TRUE,0.873522359337375,"saddlepoint",FALSE
"B","gene0876",73.3651765359323,TRUE,0.24631269731972,9.80239764684053e-11,1110,"",TRUE,0.245207642803263,"saddlepoint",FALSE
"B","gene0877",39.2480085634808,TRUE,0.419686823297726,9.8228207414796e-11,954,"",TRUE,0.417371698750728,"saddlepoint",FALSE
"B","gene0878",67.2159070637949,TRUE,0.323386241446738,9.88552508623432e-11,1125,"",TRUE,0.322146399575296,"saddlepoint",FALSE
"B","gene0879",31.5438205949656,TRUE,0.665244476585699,9.82161146574449e-11,973,"",TRUE,0.663371476343609,"saddlepoint",FALSE
"B","gene0880",79.1940100010365,TRUE,0.152374081824623,9.91971065293813e-11,1112,"",TRUE,0.151520198156527,"saddlepoint",FALSE
"B","gene0881",46.7447981652399,TRUE,0.299958443497803,9.98852455282896e-11,993,"",TRUE,0.297966231855842,"saddlepoint",FALSE
"B","gene0882",78.1193581394525,TRUE,0.152065248772414,9.762034350368e-11,1145,"",TRUE,0.151168133803611,"saddlepoint",FALSE
"B","gene0883",79.6772253840297,TRUE,0.029306461250139,9.93923515539563e-11,1020,"",TRUE,0.0288617180974989,"saddlepoint",FALSE
"B","gene0884",65.1400585198603,TRUE,0.304473027690098,9.96152058410638e-11,1165,"",TRUE,0.303279345387038,"saddlepoint",FALSE
"B","gene0885",43.1766885031624,TRUE,0.423940118991744,9.97393157647908e-11,1043,"",TRUE,0.421771114690785,"saddlepoint",FALSE
"B","gene0886",67.5436934745384,TRUE,0.251050360489305,9.99985677488206e-11,1123,"",TRUE,0.249856653534678,"saddlepoint",FALSE
"B","gene0887",51.1998981378631,TRUE,0.279416045788538,9.82249490077969e-11,1028,"",TRUE,0.277500234552402,"saddlepoint",FALSE
"B","gene0888",51.8204817266506,TRUE,0.529662235117833,9.79926306115056e-11,1144,"",TRUE,0.528329192080116,"saddlepoint",FALSE
"B","gene0889",50.035321036846,TRUE,0.321660132461648,9.99656180316472e-11,1065,"",TRUE,0.31965544622711,"saddlepoint",FALSE
"B","gene0890",45.9736143563216,TRUE,0.641730804209871,9.83089945712744e-11,1151,"",TRUE,0.640314006625972,"saddlepoint",FALSE
"B","gene0891",30.4784917214393,TRUE,0.826484808964721,9.94453978257585e-11,1088,"",TRUE,0.825451465341333,"saddlepoint",FALSE
"B","gene0892",67.2727373891926,TRUE,0.209303317770388,9.81765866520101e-11,1128,"",TRUE,0.208040197945914,"saddlepoint",FALSE
"B","gene0893",48.5056514776106,TRUE,0.397206236544195,9.84251790313306e-11,1080,"",TRUE,0.395343627667895,"saddlepoint",FALSE
"B","gene0894",44.7578072646831,TRUE,0.625824646145359,9.9317857106887e-11,1168,"",TRUE,0.624390114998743,"saddlepoint",FALSE
"B","gene0895",38.0791134688617,TRUE,0.677722670019047,9.91129506483328e-11,1121,"",TRUE,0.676217600160444,"saddlepoint",FALSE
"B","gene0896",34.1037273594404,TRUE,0.850209018545897,9.87082782047746e-11,1133,"",TRUE,0.849428921442309,"saddlepoint",FALSE
"B","gene0897",56.8079445944296,TRUE,0.279672148208254,9.83653940093455e-11,1132,"",TRUE,0.277840809985717,"saddlepoint",FALSE
"B","gene0898",112.072500154197,TRUE,0.00686660046045892,9.84600817218774e-11,1172,"",TRUE,0.00673980846337966,"saddlepoint",FALSE
"B","gene0899",53.1706636768444,TRUE,0.365522978578196,9.91736429306958e-11,1183,"",TRUE,0.363702590933841,"saddlepoint",FALSE
"B","gene0900",55.6803800882981,TRUE,0.31819762101964,9.80135741448715e-11,1142,"",TRUE,0.316462636297564,"saddlepoint",FALSE
"B","gene0901",72.6525329402291,TRUE,0.120527028262703,9.81213289330367e-11,1158,"",TRUE,0.119477826723566,"saddlepoint",FALSE
"B","gene0902",81.6582072660316,TRUE,0.0551196157673781,9.79445641344917e-11,1177,"",TRUE,0.054453986568108,"saddlepoint",FALSE
"B","gene0903",51.1379856310173,TRUE,0.450862491752912,9.82941489161872e-11,1226,"",TRUE,0.449002582522566,"saddlepoint",FALSE
"B","gene0904",43.1013054515322,TRUE,0.547009917294347,9.9957909462621e-11,1160,"",TRUE,0.545202535971847,"saddlepoint",FALSE
"B","gene0905",60.7295141534079,TRUE,0.289094763490574,9.83314938263376e-11,1242,"",TRUE,0.28748278797514,"saddlepoint",FALSE
"B","gene0906",33.9707401894733,TRUE,0.755868809701863,9.98059682317566e-11,1182,"",TRUE,0.754526574257554,"saddlepoint",FALSE
"B","gene0907",66.3386493710684,TRUE,0.223683165669684,9.86479922271757e-11,1216,"",TRUE,0.222292172018835,"saddlepoint",FALSE
"B","gene0908",49.6387978653567,TRUE,0.350681283946668,9.82138648837269e-11,1160,"",TRUE,0.348461132033554,"saddlepoint",FALSE
"B","gene0909",72.6073267987847,TRUE,0.165934229581197,9.89468154763071e-11,1264,"",TRUE,0.164685548561744,"saddlepoint",FALSE
"B","gene0910",49.7363829294303,TRUE,0.327916161068296,9.82567717510222e-11,1167,"",TRUE,0.325922956622566,"saddlepoint",FALSE
"B","gene0911",99.3728522245573,TRUE,0.0314441522147122,9.95330518851166e-11,1298,"",TRUE,0.0310074808293049,"saddlepoint",FALSE
"B","gene0912",47.7529910914936,TRUE,0.345735842901682,9.85677327518947e-11,1178,"",TRUE,0.343656075242217,"saddlepoint",FALSE
"B","gene0913",70.0665572233912,TRUE,0.220878876650407,9.96360560246226e-11,1294,"",TRUE,0.219569430368158,"saddlepoint",FALSE
"B","gene0914",72.6282022087795,TRUE,0.0605676953621494,9.84752226052162e-11,1185,"",TRUE,0.0596793381644455,"saddlepoint",FALSE
"B","gene0915",43.9265858773986,TRUE,0.741497130761705,9.96828168511703e-11,1330,"",TRUE,0.740361429731457,"saddlepoint",FALSE
"B","gene0916",30.1523640659092,TRUE,0.740730268657559,9.87891273776173e-11,1203,"",TRUE,0.739027350441974,"saddlepoint",FALSE
"B","gene0917",81.5369214256391,TRUE,0.130118241469499,9.95108382089056e-11,1312,"",TRUE,0.129196054944423,"saddlepoint",FALSE
"B","gene0918",31.1137948163426,TRUE,0.690584048407991,9.82910091751159e-11,1151,"",TRUE,0.688729322026206,"saddlepoint",FALSE
"B","gene0919",32.8345579789178,TRUE,0.94879944570228,9.91116035813436e-11,1338,"",TRUE,0.948524597070265,"saddlepoint",FALSE
"B","gene0920",54.7997309576273,TRUE,0.165055728789124,9.8404985223767e-11,1195,"",TRUE,0.162933641365115,"saddlepoint",FALSE
"B","gene0921",33.3170738817779,TRUE,0.950093788780878,9.91137369659584e-11,1356,"",TRUE,0.949822072451503,"saddlepoint",FALSE
"B","gene0922",35.4919818319054,TRUE,0.512090454412536,9.82782643243682e-11,1191,"",TRUE,0.50957105474924,"saddlepoint",FALSE
"B","gene0923",41.6431298078047,TRUE,0.85006494101294,9.8040265142374e-11,1370,"",TRUE,0.849395118896098,"saddlepoint",FALSE
"B","gene0924",22.7157188140816,TRUE,0.846971099642115,9.99469021000648e-11,1188,"",TRUE,0.845693159805315,"saddlepoint",FALSE
"B","gene0925",30.063956615927,TRUE,0.981447358448779,9.84535804119703e-11,1411,"",TRUE,0.981343075793343,"saddlepoint",FALSE
"B","gene0926",38.2259194976083,TRUE,0.389355613630519,9.8906858126812e-11,1158,"",TRUE,0.386482711384445,"saddlepoint",FALSE
"B","gene0927",46.5803991627845,TRUE,0.788779628652004,9.92554080917439e-11,1443,"",TRUE,0.7879048605986,"saddlepoint",FALSE
"B","gene0928",18.8727817960027,TRUE,0.902548431611621,9.80231487342567e-11,1180,"",TRUE,0.901636525919522,"saddlepoint",FALSE
"B","gene0929",59.0773585546915,TRUE,0.552143179679047,9.89472038375253e-11,1469,"",TRUE,0.550742935169448,"saddlepoint",FALSE
"B","gene0930",45.9683862311059,TRUE,0.201717610356908,9.84797228573836e-11,1194,"",TRUE,0.198730878733643,"saddlepoint",FALSE
"B","gene0931",59.3897891465687,TRUE,0.564750996851626,9.91883875923506e-11,1533,"",TRUE,0.563373486404068,"saddlepoint",FALSE
"B","gene0932",19.3333490748149,TRUE,0.855745745301344,9.8495497348472e-11,1177,"",TRUE,0.854367983102336,"saddlepoint",FALSE
"B","gene0933",75.1610284069702,TRUE,0.304682829417387,9.94204296255081e-11,1482,"",TRUE,0.303433092814336,"saddlepoint",FALSE
"B","gene0934",34.5059753761449,TRUE,0.37643393431786,9.80625042431259e-11,1184,"",TRUE,0.372983484454793,"saddlepoint",FALSE
"B","gene0935",103.312971929074,TRUE,0.0720838962343931,9.97099184360355e-11,1520,"",TRUE,0.0713799903629357,"saddlepoint",FALSE
"B","gene0936",17.4793108065311,TRUE,0.864653418323861,9.86646493130426e-11,1179,"",TRUE,0.86324105513797,"saddlepoint",FALSE
"B","gene0937",43.0133668932065,TRUE,0.904113934871317,9.8409541149716e-11,1578,"",TRUE,0.903659479812794,"saddlepoint",FALSE
"B","gene0938",46.1119447445421,TRUE,0.139948116544653,9.99918059051315e-11,1207,"",TRUE,0.137372987147925,"saddlepoint",FALSE
"B","gene0939",76.5560397636548,TRUE,0.331948217434237,9.91550930988863e-11,1585,"",TRUE,0.330756615267875,"saddlepoint",FALSE
"B","gene0940",20.6122592622617,TRUE,0.713058296820381,9.81718026641341e-11,1197,"",TRUE,0.71023146371675,"saddlepoint",FALSE
"B","gene0941",47.5402172472991,TRUE,0.864442714142067,9.99147962716523e-11,1629,"",TRUE,0.863881118061772,"saddlepoint",FALSE
"B","gene0942",39.7428139720658,TRUE,0.187756253185002,9.90498642307325e-11,1173,"",TRUE,0.184420988427362,"saddlepoint",FALSE
"B","gene0943",135.083268407,TRUE,0.0152616504647865,9.99223941978468e-11,1639,"",TRUE,0.0150677506990604,"saddlepoint",FALSE
"B","gene0944",14.2205628455876,TRUE,0.872801277042778,9.91697678837111e-11,1200,"",TRUE,0.871188211751025,"saddlepoint",FALSE
"B","gene0945",53.2372948079541,TRUE,0.799458243306153,9.85097537396784e-11,1673,"",TRUE,0.798666126731735,"saddlepoint",FALSE
"B","gene0946",35.9982822682273,TRUE,0.207035454068749,9.97000913359643e-11,1207,"",TRUE,0.203050001881404,"saddlepoint",FALSE
"B","gene0947",70.0814101583826,TRUE,0.507859492849076,9.9622823120267e-11,1653,"",TRUE,0.506553066657711,"saddlepoint",FALSE
"B","gene0948",11.2669802749062,TRUE,0.920172469616923,9.86326204629843e-11,1155,"",TRUE,0.91906740396807,"saddlepoint",FALSE
"B","gene0949",101.722925703325,TRUE,0.130172340916827,9.97613060411441e-11,1699,"",TRUE,0.129340672709646,"saddlepoint",FALSE
"B","gene0950",19.7269370082654,TRUE,0.581007919447411,9.85948507624228e-11,1198,"",TRUE,0.576389460585056,"saddlepoint",FALSE
"B","gene0951",67.8493050481563,TRUE,0.582013267150656,9.95210986645852e-11,1768,"",TRUE,0.580785014788508,"saddlepoint",FALSE
"B","gene0952",22.782584603078,TRUE,0.438752926810136,9.85046751198621e-11,1204,"",TRUE,0.433373882230963,"saddlepoint",FALSE
"B","gene0953",48.3019492845689,TRUE,0.910477106917865,9.8884119425699e-11,1746,"",TRUE,0.910096759276167,"saddlepoint",FALSE
"B","gene0954",10.8678300653088,TRUE,0.87098304175591,9.82776730547134e-11,1168,"",TRUE,0.869018014377486,"saddlepoint",FALSE
"B","gene0955",106.77302015174,TRUE,0.123782164818742,9.95089308804438e-11,1815,"",TRUE,0.122929411050261,"saddlepoint",FALSE
"B","gene0956",12.5790723685349,TRUE,0.771920344310482,9.9282459206998e-11,1180,"",TRUE,0.768299347235653,"saddlepoint",FALSE
"B","gene0957",78.5001432212562,TRUE,0.447541272604847,9.90234133840112e-11,1843,"",TRUE,0.446236557715615,"saddlepoint",FALSE
"B","gene0958",10.022019680217,TRUE,0.851992706637541,9.90527046777941e-11,1155,"",TRUE,0.849498520560668,"saddlepoint",FALSE
"B","gene0959",14.8730796012177,TRUE,0.590785916371076,9.8392064027536e-11,1191,"",TRUE,0.584723515294852,"saddlepoint",FALSE
"B","gene0960",75.764686990706,TRUE,0.509638323322299,9.89623820174187e-11,1827,"",TRUE,0.50842372949867,"saddlepoint",FALSE
"B","gene0961",15.0480304436683,TRUE,0.622328744108213,9.93523163045351e-11,1221,"",TRUE,0.617014942603253,"saddlepoint",FALSE
"B","gene0962",70.5579294399833,TRUE,0.582259312498579,9.89935540225001e-11,1887,"",TRUE,0.581032741007521,"saddlepoint",FALSE
"B","gene0963",17.1654453052004,TRUE,0.571347293682738,9.86634959387715e-11,1211,"",TRUE,0.565736664123426,"saddlepoint",FALSE
"B","gene0964",37.7409244589544,TRUE,0.984554457196985,9.98325237039875e-11,1897,"",TRUE,0.984474246568128,"saddlepoint",FALSE
"B","gene0965",27.8185681445515,TRUE,0.271739983615625,9.98032684599269e-11,1280,"",TRUE,0.265855547974409,"saddlepoint",FALSE
"B","gene0966",65.9542599628078,TRUE,0.62972551959085,9.99196252539185e-11,1861,"",TRUE,0.628565843887743,"saddlepoint",FALSE
"B","gene0967",24.138681530407,TRUE,0.39451558138174,9.95450296086171e-11,1286,"",TRUE,0.388744633241228,"saddlepoint",FALSE
"B","gene0968",67.6550643504085,TRUE,0.58225692643506,9.87015072537872e-11,1857,"",TRUE,0.581066070442749,"saddlepoint",FALSE
"B","gene0969",26.7520408643387,TRUE,0.351002191836744,9.94807153862666e-11,1309,"",TRUE,0.34506560324396,"saddlepoint",FALSE
"B","gene0970",69.6351324262847,TRUE,0.528555213556695,9.9955070804493e-11,1879,"",TRUE,0.527182764115411,"saddlepoint",FALSE
"B","gene0971",27.0952756504045,TRUE,0.371820839764263,9.84804092115689e-11,1343,"",TRUE,0.367194769318182,"saddlepoint",FALSE
"B","gene0972",83.2443412514205,TRUE,0.30205905074101,9.97992882995416e-11,1905,"",TRUE,0.300786833636082,"saddlepoint",FALSE
"B","gene0973",15.3828710534263,TRUE,0.799631007903133,9.96181954743443e-11,1377,"",TRUE,0.796996348975584,"saddlepoint",FALSE
"B","gene0974",65.8900426432887,TRUE,0.559689917631329,9.89505356992215e-11,1927,"",TRUE,0.558421722733459,"saddlepoint",FALSE
"B","gene0975",29.0244101947269,TRUE,0.37719057303541,9.96067207122316e-11,1368,"",TRUE,0.372686483096479,"saddlepoint",FALSE
"B","gene0976",99.8650006774506,TRUE,0.125192299003789,9.95885917677054e-11,1913,"",TRUE,0.124395213646789,"saddlepoint",FALSE
"B","gene0977",52.7822032923593,TRUE,0.0727620631807559,9.9742175998542e-11,1365,"",TRUE,0.0709406361524542,"saddlepoint",FALSE
"B","gene0978",40.0020497810255,TRUE,0.93879832168279,9.86480244821904e-11,1967,"",TRUE,0.938454939126571,"saddlepoint",FALSE
"B","gene0979",20.9977234312644,TRUE,0.682246941543938,9.89443851287172e-11,1460,"",TRUE,0.678814591331517,"saddlepoint",FALSE
"B","gene0980",73.8758625569234,TRUE,0.372993060508644,9.9190151968756e-11,1925,"",TRUE,0.371348634211028,"saddlepoint",FALSE
"B","gene0981",73.9581186711032,TRUE,0.0203178160426642,9.89867684889935e-11,1539,"",TRUE,0.0197436835874295,"saddlepoint",FALSE
"B","gene0982",131.932077739982,TRUE,0.0179821897786506,9.9429747530029e-11,1949,"",TRUE,0.0177350222346394,"saddlepoint",FALSE
"B","gene0983",15.940249238821,TRUE,0.884107269764585,9.87590808828112e-11,1544,"",TRUE,0.882662363736935,"saddlepoint",FALSE
"B","gene0984",53.0574661211077,TRUE,0.708798258786234,9.96726609125802e-11,2033,"",TRUE,0.707525102297209,"saddlepoint",FALSE
"B","gene0985",39.8456456256225,TRUE,0.266993738457099,9.93635711362371e-11,1594,"",TRUE,0.263145032661845,"saddlepoint",FALSE
"B","gene0986",124.342805002562,TRUE,0.0247613334628149,9.99235509873547e-11,1987,"",TRUE,0.0243803383191208,"saddlepoint",FALSE
"B","gene0987",66.3828143514613,TRUE,0.048968531399751,9.94707170906724e-11,1607,"",TRUE,0.0475474155937826,"saddlepoint",FALSE
"B","gene0988",73.0446924735743,TRUE,0.322982218118595,9.99236298088527e-11,1981,"",TRUE,0.321221541074751,"saddlepoint",FALSE
"B","gene0989",30.554315883072,TRUE,0.523441068473785,9.87024686158536e-11,1650,"",TRUE,0.519650521836718,"saddlepoint",FALSE
"B","gene0990",80.9205825604508,TRUE,0.214797459671989,9.91914112153693e-11,1992,"",TRUE,0.213254945171429,"saddlepoint",FALSE
"B","gene0991",43.3127703535034,TRUE,0.267627196737219,9.96709759539839e-11,1690,"",TRUE,0.264411194859245,"saddlepoint",FALSE
"B","gene0992",49.7289332891753,TRUE,0.700261790289296,9.88581264917653e-11,1969,"",TRUE,0.698853883793517,"saddlepoint",FALSE
"B","gene0993",35.5429519647675,TRUE,0.445888281895625,9.86626336185736e-11,1722,"",TRUE,0.442257507740039,"saddlepoint",FALSE
"B","gene0994",110.873182002282,TRUE,0.038770635384146,9.88608194873314e-11,2032,"",TRUE,0.0382551643049285,"saddlepoint",FALSE
"B","gene0995",52.4526701439948,TRUE,0.177094611653795,9.86847860373619e-11,1705,"",TRUE,0.174517220436339,"saddlepoint",FALSE
"B","gene0996",57.1553183485001,TRUE,0.517105714259437,9.87508085828655e-11,2020,"",TRUE,0.515170301687823,"saddlepoint",FALSE
"B","gene0997",36.925034189098,TRUE,0.459695436653192,9.96126531412588e-11,1765,"",TRUE,0.45606294641083,"saddlepoint",FALSE
"B","gene0998",68.8380687663324,TRUE,0.306456032695217,9.90210130688216e-11,2091,"",TRUE,0.304370850611289,"saddlepoint",FALSE
"B","gene0999",84.9468638905623,TRUE,0.0272648490716951,9.91668112101766e-11,1904,"",TRUE,0.0265077210911234,"saddlepoint",FALSE
"B","gene1000",37.4591952911341,TRUE,0.858599062090884,9.99216813891285e-11,2064,"",TRUE,0.857682160661422,"saddlepoint",FALSE
"C","gene0001",15.5361571234086,TRUE,0.784619735992307,6.99366597078054e-11,50,"",TRUE,0.784475614570304,"saddlepoint",FALSE
"C","gene0002",244.855886700122,FALSE,NA,3.01994757326285e-14,4096,"Series did not reach requested absolute and relative accuracy within term budget",TRUE,2.6271665537761e-16,"saddlepoint",FALSE
"C","gene0003",30.7889479920949,TRUE,0.108123560058603,7.29109300061717e-11,53,"",TRUE,0.107896253506871,"saddlepoint",FALSE
"C","gene0004",224.699208680646,FALSE,NA,3.01984999506733e-14,4096,"Series did not reach requested absolute and relative accuracy within term budget",TRUE,4.677779470716e-14,"saddlepoint",FALSE
"C","gene0005",34.7150456719434,TRUE,0.0626209213240672,9.4070172766865e-11,53,"",TRUE,0.0624715309232913,"saddlepoint",FALSE
"C","gene0006",67.2691626508507,TRUE,0.766253461629723,7.50027284203425e-11,97,"",TRUE,0.766216879619173,"saddlepoint",FALSE
"C","gene0007",19.4907886554361,TRUE,0.714775057651251,8.72149072254393e-11,51,"",TRUE,0.714610742369921,"saddlepoint",FALSE
"C","gene0008",96.8617164885467,TRUE,0.0615877558238053,8.86947529852612e-11,92,"",TRUE,0.0615640894794619,"saddlepoint",FALSE
"C","gene0009",30.3025930248491,TRUE,0.218679587728525,7.07192645372709e-11,55,"",TRUE,0.218425222337361,"saddlepoint",FALSE
"C","gene0010",88.3351128637596,TRUE,0.148583161138713,9.48913119304742e-11,94,"",TRUE,0.148542305689906,"saddlepoint",FALSE
"C","gene0011",37.6517913283557,TRUE,0.0729061260324925,8.04998321148921e-11,56,"",TRUE,0.0727733829643366,"saddlepoint",FALSE
"C","gene0012",74.0526743944353,TRUE,0.473680321143414,8.73939947645085e-11,95,"",TRUE,0.473622170489714,"saddlepoint",FALSE
"C","gene0013",25.9415851310949,TRUE,0.515400855917328,9.66309877167143e-11,58,"",TRUE,0.515176037161322,"saddlepoint",FALSE
"C","gene0014",96.7547003269443,TRUE,0.0396739827179922,8.41016170550699e-11,94,"",TRUE,0.039655622904691,"saddlepoint",FALSE
"C","gene0015",34.4111724289753,TRUE,0.194473930814331,7.86979894771243e-11,59,"",TRUE,0.194280308282135,"saddlepoint",FALSE
"C","gene0016",78.3145108934161,TRUE,0.291076133405283,8.69610569534732e-11,95,"",TRUE,0.291013420159978,"saddlepoint",FALSE
"C","gene0017",33.4214782429492,TRUE,0.265467746381362,8.20035269072719e-11,61,"",TRUE,0.265258643118781,"saddlepoint",FALSE
"C","gene0018",103.347621124535,TRUE,0.010303293399862,9.05081740890795e-11,98,"",TRUE,0.0102965190823178,"saddlepoint",FALSE
"C","gene0019",36.4530845943378,TRUE,0.20049484187639,6.69952108654955e-11,60,"",TRUE,0.200298262481434,"saddlepoint",FALSE
"C","gene0020",106.283628687977,TRUE,0.00516605549828964,9.57538695144262e-11,93,"",TRUE,0.0051619822202376,"saddlepoint",FALSE
"C","gene0021",53.5918398981575,TRUE,0.0098896591169549,6.52714812537578e-11,64,"",TRUE,0.00986645222483644,"saddlepoint",FALSE
"C","gene0022",67.6816891558762,TRUE,0.517272803642855,8.89287665858593e-11,90,"",TRUE,0.517205219350437,"saddlepoint",FALSE
"C","gene0023",37.837828012368,TRUE,0.226425871328726,9.11387310021869e-11,63,"",TRUE,0.226241469540502,"saddlepoint",FALSE
"C","gene0024",108.925792677026,TRUE,0.00210072342244032,9.34317751746967e-11,93,"",TRUE,0.00209876785534331,"saddlepoint",FALSE
"C","gene0025",29.1154514039914,TRUE,0.650003698646069,8.03505341147141e-11,64,"",TRUE,0.649850789925168,"saddlepoint",FALSE
"C","gene0026",69.5992955382182,TRUE,0.390974964799972,8.68071005160308e-11,93,"",TRUE,0.390896353371777,"saddlepoint",FALSE
"C","gene0027",30.6213812569475,TRUE,0.62328177987677,8.23801388433534e-11,67,"",TRUE,0.623114518919901,"saddlepoint",FALSE
"C","gene0028",105.167431071125,TRUE,0.0026516170454579,8.69807820604376e-11,91,"",TRUE,0.00264896415762528,"saddlepoint",FALSE
"C","gene0029",34.6147584052653,TRUE,0.481574681661519,6.75756061351007e-11,67,"",TRUE,0.481392010179216,"saddlepoint",FALSE
"C","gene0030",90.5470031147969,TRUE,0.0254054858324817,7.83216207818002e-11,93,"",TRUE,0.0253892195570357,"saddlepoint",FALSE
"C","gene0031",36.8573275952023,TRUE,0.426774860314479,9.71619526913929e-11,69,"",TRUE,0.426600846359654,"saddlepoint",FALSE
"C","gene0032",61.318848085062,TRUE,0.564257719149821,8.25617693244081e-11,93,"",TRUE,0.564179527422051,"saddlepoint",FALSE
"C","gene0033",38.0233860608949,TRUE,0.420622501783031,6.48371457434918e-11,70,"",TRUE,0.420456633839294,"saddlepoint",FALSE
"C","gene0034",68.7427720550254,TRUE,0.29468803844478,7.9311881389689e-11,90,"",TRUE,0.294606719721922,"saddlepoint",FALSE
"C","gene0035",30.0401534359407,TRUE,0.804561835575419,9.50583945325684e-11,71,"",TRUE,0.804470255026793,"saddlepoint",FALSE
"C","gene0036",42.506502632963,TRUE,0.966506277371011,7.28630490903596e-11,92,"",TRUE,0.966496010379073,"saddlepoint",FALSE
"C","gene0037",46.9124584988536,TRUE,0.18866285577094,6.7300796500417e-11,74,"",TRUE,0.188517146653301,"saddlepoint",FALSE
"C","gene0038",43.4200521600325,TRUE,0.949036232271258,7.25268134394927e-11,93,"",TRUE,0.949020405863618,"saddlepoint",FALSE
"C","gene0039",42.5500279040153,TRUE,0.362928057734869,9.11863595157332e-11,72,"",TRUE,0.362757832385606,"saddlepoint",FALSE
"C","gene0040",61.7351604180053,TRUE,0.413369105664234,6.98178138024662e-11,93,"",TRUE,0.413271132655594,"saddlepoint",FALSE
"C","gene0041",43.6645549134751,TRUE,0.36023212320274,9.96131672157188e-11,76,"",TRUE,0.360064155407307,"saddlepoint",FALSE
"C","gene0042",51.3680755521863,TRUE,0.735943522320022,7.24817315542192e-11,91,"",TRUE,0.735873594216497,"saddlepoint",FALSE
"C","gene0043",41.8150554937968,TRUE,0.474456656217847,6.91096705687441e-11,75,"",TRUE,0.474298463417985,"saddlepoint",FALSE
"C","gene0044",52.0012198629466,TRUE,0.684397138458647,7.2484533674734e-11,88,"",TRUE,0.684322643328061,"saddlepoint",FALSE
"C","gene0045",36.0176768477619,TRUE,0.751873973245182,9.89015110043276e-11,77,"",TRUE,0.751774518437289,"saddlepoint",FALSE
"C","gene0046",103.90956887637,TRUE,0.000364432374798733,6.71496965020182e-11,91,"",TRUE,0.000363798390792334,"saddlepoint",FALSE
"C","gene0047",52.7873779790569,TRUE,0.180606055904381,6.6468852774268e-11,79,"",TRUE,0.180486915006988,"saddlepoint",FALSE
"C","gene0048",68.1288688747814,TRUE,0.139200901540219,9.30906566567156e-11,87,"",TRUE,0.139125733046997,"saddlepoint",FALSE
"C","gene0049",52.083903749799,TRUE,0.225726224224932,7.23915385644237e-11,79,"",TRUE,0.22559362519673,"saddlepoint",FALSE
"C","gene0050",44.5605673792472,TRUE,0.827401205069008,7.72007958320213e-11,88,"",TRUE,0.827345166599261,"saddlepoint",FALSE
"C","gene0051",53.8634957460473,TRUE,0.207899941368717,6.77828776180639e-11,82,"",TRUE,0.207774500902416,"saddlepoint",FALSE
"C","gene0052",95.6540365270889,TRUE,0.000904014030974791,9.29575889462193e-11,87,"",TRUE,0.000902418152091517,"saddlepoint",FALSE
"C","gene0053",44.7505370239065,TRUE,0.557392605669509,8.513992294382e-11,83,"",TRUE,0.557257122734365,"saddlepoint",FALSE
"C","gene0054",46.1663331122769,TRUE,0.720875427134735,6.92635436310395e-11,89,"",TRUE,0.720786166339106,"saddlepoint",FALSE
"C","gene0055",40.1794780131117,TRUE,0.766671159330804,6.76030323843065e-11,85,"",TRUE,0.766585828080421,"saddlepoint",FALSE
"C","gene0056",40.6984371423298,TRUE,0.857951741897139,7.01139525670184e-11,86,"",TRUE,0.857900141460506,"saddlepoint",FALSE
"C","gene0057",35.0167507668611,TRUE,0.923506378203196,7.12285128882245e-11,83,"",TRUE,0.923473278922755,"saddlepoint",FALSE
"C","gene0058",64.5742750713706,TRUE,0.107116210808375,8.57847037762788e-11,85,"",TRUE,0.107035961486133,"saddlepoint",FALSE
"C","gene0059",63.7424390865268,TRUE,0.102948630749998,8.65165979222621e-11,87,"",TRUE,0.10286902210181,"saddlepoint",FALSE
"C","gene0060",39.7943357189447,TRUE,0.83441080918718,8.80372267057436e-11,87,"",TRUE,0.834348503084635,"saddlepoint",FALSE
"C","gene0061",65.3254457819225,TRUE,0.0969505063509515,8.67516378286366e-11,89,"",TRUE,0.0968748578965368,"saddlepoint",FALSE
"C","gene0062",54.5658706994414,TRUE,0.277827786780772,9.5608067307313e-11,86,"",TRUE,0.277694484014268,"saddlepoint",FALSE
"C","gene0063",49.1866950748847,TRUE,0.575310937510837,8.63266400637913e-11,91,"",TRUE,0.575190128288072,"saddlepoint",FALSE
"C","gene0064",49.3035117687134,TRUE,0.419285056076735,9.03356085681789e-11,84,"",TRUE,0.419133815786948,"saddlepoint",FALSE
"C","gene0065",75.7175564781051,TRUE,0.0291717348926792,8.38877874500057e-11,90,"",TRUE,0.0291404862663153,"saddlepoint",FALSE
"C","gene0066",50.8627425649825,TRUE,0.327875583306533,9.93817414972863e-11,84,"",TRUE,0.327722339407999,"saddlepoint",FALSE
"C","gene0067",62.8648098237703,TRUE,0.201709570172667,9.41997059240689e-11,93,"",TRUE,0.201605006005093,"saddlepoint",FALSE
"C","gene0068",38.2077243329354,TRUE,0.770417597920796,7.19388483787393e-11,84,"",TRUE,0.770323496458581,"saddlepoint",FALSE
"C","gene0069",63.2946061836788,TRUE,0.216849611554978,8.58942175198385e-11,91,"",TRUE,0.216744731155485,"saddlepoint",FALSE
"C","gene0070",35.30719342091,TRUE,0.834290432537818,8.61368773617116e-11,81,"",TRUE,0.83421498489242,"saddlepoint",FALSE
"C","gene0071",57.4873951062459,TRUE,0.418759152201008,9.36695361574737e-11,95,"",TRUE,0.418631579739151,"saddlepoint",FALSE
"C","gene0072",56.526314005416,TRUE,0.109546497123362,8.49449311346624e-11,83,"",TRUE,0.10943902277849,"saddlepoint",FALSE
"C","gene0073",45.2783760814435,TRUE,0.853084475275291,8.50130471119308e-11,96,"",TRUE,0.853031484210802,"saddlepoint",FALSE
"C","gene0074",43.6139309310003,TRUE,0.441926056030614,8.74389384140049e-11,83,"",TRUE,0.441746296162747,"saddlepoint",FALSE
"C","gene0075",61.5308585882827,TRUE,0.353942380146071,8.52381383249605e-11,99,"",TRUE,0.353821525071597,"saddlepoint",FALSE
"C","gene0076",50.0468379855295,TRUE,0.194675880648718,9.44338047971678e-11,83,"",TRUE,0.194523240289256,"saddlepoint",FALSE
"C","gene0077",52.0941430459353,TRUE,0.70969207677334,9.86362924389021e-11,100,"",TRUE,0.709601276421748,"saddlepoint",FALSE
"C","gene0078",72.862400773587,TRUE,0.00305333037140366,6.67328412039085e-11,81,"",TRUE,0.00304673548665731,"saddlepoint",FALSE
"C","gene0079",61.8790027572855,TRUE,0.408572916661208,9.77463054615581e-11,99,"",TRUE,0.408455341016325,"saddlepoint",FALSE
"C","gene0080",61.663114853175,TRUE,0.0216679175681865,7.83209244529549e-11,83,"",TRUE,0.0216316617906839,"saddlepoint",FALSE
"C","gene0081",48.3941534465833,TRUE,0.863370312146949,7.88282057901171e-11,102,"",TRUE,0.863322167423472,"saddlepoint",FALSE
"C","gene0082",32.576555350342,TRUE,0.739907178450282,9.05486560297958e-11,80,"",TRUE,0.739767734347538,"saddlepoint",FALSE
"C","gene0083",60.3742444162417,TRUE,0.526994108053059,7.60208317737016e-11,104,"",TRUE,0.526886427768108,"saddlepoint",FALSE
"C","gene0084",36.3137330703114,TRUE,0.537866409399258,9.81148261594567e-11,82,"",TRUE,0.537654319978453,"saddlepoint",FALSE
"C","gene0085",60.2897476884784,TRUE,0.563438962136415,7.47924648646439e-11,105,"",TRUE,0.563330252414046,"saddlepoint",FALSE
"C","gene0086",22.8613537584746,TRUE,0.958873547433515,8.08517734100095e-11,83,"",TRUE,0.958843148961243,"saddlepoint",FALSE
"C","gene0087",73.8829188996499,TRUE,0.199038415026038,7.20376174077192e-11,107,"",TRUE,0.198946078544573,"saddlepoint",FALSE
"C","gene0088",33.0102473623277,TRUE,0.598892503094339,8.64453018716016e-11,77,"",TRUE,0.598676552838281,"saddlepoint",FALSE
"C","gene0089",82.3361655891031,TRUE,0.0852076772892887,9.3611366813566e-11,109,"",TRUE,0.0851524928352,"saddlepoint",FALSE
"C","gene0090",32.2138972914893,TRUE,0.590437262247409,7.1801349967645e-11,81,"",TRUE,0.590200031432753,"saddlepoint",FALSE
"C","gene0091",68.0104658269346,TRUE,0.408605763048793,9.07327347477761e-11,108,"",TRUE,0.408500699697835,"saddlepoint",FALSE
"C","gene0092",53.6432755558995,TRUE,0.024298787678301,6.9955967180093e-11,78,"",TRUE,0.0242389315113327,"saddlepoint",FALSE
"C","gene0093",84.654800410585,TRUE,0.0847332896928718,9.36946043753745e-11,112,"",TRUE,0.0846824694478812,"saddlepoint",FALSE
"C","gene0094",46.6880537177303,TRUE,0.0688880796250233,7.72024729301518e-11,78,"",TRUE,0.0687598628367999,"saddlepoint",FALSE
"C","gene0095",74.3635279721723,TRUE,0.287128153999915,9.61365473448224e-11,111,"",TRUE,0.287027443162581,"saddlepoint",FALSE
"C","gene0096",32.6851301712375,TRUE,0.429232800492514,9.50233573467421e-11,79,"",TRUE,0.428937073450855,"saddlepoint",FALSE
"C","gene0097",71.0570789094542,TRUE,0.409119539938751,8.16176190217635e-11,114,"",TRUE,0.409010642346486,"saddlepoint",FALSE
"C","gene0098",19.6228394437869,TRUE,0.932287387179076,6.85716240191557e-11,79,"",TRUE,0.93222464754603,"saddlepoint",FALSE
"C","gene0099",39.6870077820396,TRUE,0.997826469555243,7.55710882326815e-11,116,"",TRUE,0.997825535077191,"saddlepoint",FALSE
"C","gene0100",16.2508675181933,TRUE,0.974979154609333,8.95095388325599e-11,76,"",TRUE,0.974955675929519,"saddlepoint",FALSE
"C","gene0101",55.1444327213459,TRUE,0.902173218780375,8.17786357837531e-11,117,"",TRUE,0.902139678295646,"saddlepoint",FALSE
"C","gene0102",36.2704449716692,TRUE,0.177181599649063,8.54368267756353e-11,75,"",TRUE,0.176883550611093,"saddlepoint",FALSE
"C","gene0103",78.8178154262336,TRUE,0.281338691443604,8.40737282852173e-11,123,"",TRUE,0.281244456896324,"saddlepoint",FALSE
"C","gene0104",33.0290809184442,TRUE,0.242694111486504,7.80964503678018e-11,75,"",TRUE,0.242347520993681,"saddlepoint",FALSE
"C","gene0105",51.6655692955329,TRUE,0.963926152776454,7.4724532280173e-11,123,"",TRUE,0.963912754387563,"saddlepoint",FALSE
"C","gene0106",33.5481605014749,TRUE,0.190427344829865,8.5234058743236e-11,75,"",TRUE,0.190082116092511,"saddlepoint",FALSE
"C","gene0107",77.292561208894,TRUE,0.376729045752334,8.85417856112507e-11,123,"",TRUE,0.376629515729047,"saddlepoint",FALSE
"C","gene0108",21.3018969824485,TRUE,0.707787789135776,6.74024220768607e-11,75,"",TRUE,0.707501316523113,"saddlepoint",FALSE
"C","gene0109",67.8153034273234,TRUE,0.691926007011121,8.22848814367901e-11,120,"",TRUE,0.691846364885597,"saddlepoint",FALSE
"C","gene0110",23.7138620808871,TRUE,0.52466364723116,7.72334501041028e-11,72,"",TRUE,0.524240260156357,"saddlepoint",FALSE
"C","gene0111",96.5284601679226,TRUE,0.0696992124362976,8.75514184262884e-11,124,"",TRUE,0.0696571337976789,"saddlepoint",FALSE
"C","gene0112",17.538162456587,TRUE,0.80647181958416,7.24726873023267e-11,76,"",TRUE,0.806244264128265,"saddlepoint",FALSE
"C","gene0113",88.0822171753712,TRUE,0.196632148488726,7.55168064582937e-11,127,"",TRUE,0.196555998204643,"saddlepoint",FALSE
"C","gene0114",17.2325653323328,TRUE,0.777922857067706,9.52895065913124e-11,72,"",TRUE,0.777633994616386,"saddlepoint",FALSE
"C","gene0115",98.5431168057343,TRUE,0.071968274474249,8.70294743389455e-11,131,"",TRUE,0.0719282335676174,"saddlepoint",FALSE
"C","gene0116",21.5431906596335,TRUE,0.478279662457675,9.28738211553384e-11,72,"",TRUE,0.47773140974909,"saddlepoint",FALSE
"C","gene0117",102.026619991587,TRUE,0.0541473615078809,7.35610782899056e-11,130,"",TRUE,0.0541155713946958,"saddlepoint",FALSE
"C","gene0118",9.78002990436777,TRUE,0.976486592165791,8.36051847327365e-11,69,"",TRUE,0.97645389345099,"saddlepoint",FALSE
"C","gene0119",17.0619532628286,TRUE,0.631544967941625,6.96974533209022e-11,70,"",TRUE,0.631074082727289,"saddlepoint",FALSE
"C","gene0120",98.5024581651001,TRUE,0.0938305902085091,9.70083364223821e-11,131,"",TRUE,0.0937844508194134,"saddlepoint",FALSE
"C","gene0121",45.6430246362563,TRUE,0.0032578070143481,7.79568855215768e-11,72,"",TRUE,0.00323814919541554,"saddlepoint",FALSE
"C","gene0122",98.6730682882844,TRUE,0.0810444529458829,8.96469777751652e-11,132,"",TRUE,0.0810014294847329,"saddlepoint",FALSE
"C","gene0123",22.201330530956,TRUE,0.44102737599394,9.61335218786601e-11,71,"",TRUE,0.440447679806905,"saddlepoint",FALSE
"C","gene0124",72.0983988187258,TRUE,0.650341194690458,9.08339503331683e-11,131,"",TRUE,0.650257745535468,"saddlepoint",FALSE
"C","gene0125",19.1020776763224,TRUE,0.676459698142931,8.9501106721214e-11,74,"",TRUE,0.676065312659418,"saddlepoint",FALSE
"C","gene0126",86.6257008579461,TRUE,0.225904705429976,9.13593595306544e-11,131,"",TRUE,0.225819386348708,"saddlepoint",FALSE
"C","gene0127",59.6132210212853,TRUE,0.00031173509293601,9.8577837407722e-11,75,"",TRUE,0.000309519003939271,"saddlepoint",FALSE
"C","gene0128",78.2916157177587,TRUE,0.406612029625577,7.89890353646017e-11,129,"",TRUE,0.406510113352812,"saddlepoint",FALSE
"C","gene0129",25.1107444739587,TRUE,0.449086034111533,9.01991806440995e-11,79,"",TRUE,0.448592208364746,"saddlepoint",FALSE
"C","gene0130",74.2585487355506,TRUE,0.49586374055399,9.35232415057337e-11,131,"",TRUE,0.495758423039272,"saddlepoint",FALSE
"C","gene0131",26.8136257354147,TRUE,0.414716136142595,9.55896451403093e-11,78,"",TRUE,0.414242766508201,"saddlepoint",FALSE
"C","gene0132",69.5775494891133,TRUE,0.609169504894383,8.00076203205657e-11,130,"",TRUE,0.609072869720762,"saddlepoint",FALSE
"C","gene0133",32.7355597445562,TRUE,0.21671930842745,9.03588271913836e-11,81,"",TRUE,0.216329613345246,"saddlepoint",FALSE
"C","gene0134",113.619858371762,TRUE,0.00375781415509762,8.69919664732086e-11,130,"",TRUE,0.00375313872791089,"saddlepoint",FALSE
"C","gene0135",28.0108548779081,TRUE,0.456487869616693,8.17349043807057e-11,81,"",TRUE,0.456053669917475,"saddlepoint",FALSE
"C","gene0136",52.9673762529431,TRUE,0.942093109243862,8.12492141708671e-11,126,"",TRUE,0.942069380211376,"saddlepoint",FALSE
"C","gene0137",28.9036664245146,TRUE,0.462194551863708,9.16984292860003e-11,85,"",TRUE,0.461785101552804,"saddlepoint",FALSE
"C","gene0138",59.7976980506871,TRUE,0.804229113416681,8.70710483965101e-11,128,"",TRUE,0.804159118164737,"saddlepoint",FALSE
"C","gene0139",22.8528619654096,TRUE,0.800035234585784,8.92437220043757e-11,84,"",TRUE,0.799825867513963,"saddlepoint",FALSE
"C","gene0140",69.761286749071,TRUE,0.479744580363378,8.13746235108978e-11,133,"",TRUE,0.479623105560446,"saddlepoint",FALSE
"C","gene0141",19.767097631387,TRUE,0.926691567700925,9.40290502252951e-11,87,"",TRUE,0.926609904541371,"saddlepoint",FALSE
"C","gene0142",58.9093426428681,TRUE,0.77912968195633,7.47274319246732e-11,130,"",TRUE,0.77904809707444,"saddlepoint",FALSE
"C","gene0143",28.0139177936654,TRUE,0.649092887426208,7.22392951664139e-11,89,"",TRUE,0.648789470792051,"saddlepoint",FALSE
"C","gene0144",56.0494239484996,TRUE,0.827268869970432,8.09468879187265e-11,127,"",TRUE,0.827200140908013,"saddlepoint",FALSE
"C","gene0145",46.7163680425672,TRUE,0.0716814174253189,9.10322280880602e-11,91,"",TRUE,0.0715319140816262,"saddlepoint",FALSE
"C","gene0146",57.5056132629608,TRUE,0.767184930630691,8.90017350725809e-11,125,"",TRUE,0.76710123938512,"saddlepoint",FALSE
"C","gene0147",30.9155524328863,TRUE,0.602605843670008,9.76471367414473e-11,92,"",TRUE,0.602305195468485,"saddlepoint",FALSE
"C","gene0148",90.8312081620196,TRUE,0.0339698226810944,9.29661731711301e-11,126,"",TRUE,0.033936436243652,"saddlepoint",FALSE
"C","gene0149",32.4018876187536,TRUE,0.57825321225232,8.9930151216458e-11,92,"",TRUE,0.577958900153979,"saddlepoint",FALSE
"C","gene0150",61.9175012775529,TRUE,0.571561280339935,8.0569481479293e-11,128,"",TRUE,0.571424998808668,"saddlepoint",FALSE
"C","gene0151",30.430034810668,TRUE,0.708332472890072,8.50191301366397e-11,96,"",TRUE,0.708092202882127,"saddlepoint",FALSE
"C","gene0152",93.660546958754,TRUE,0.0157482331875284,9.78433684984195e-11,124,"",TRUE,0.0157278940454667,"saddlepoint",FALSE
"C","gene0153",27.1821350616628,TRUE,0.860136877321524,7.66976661760281e-11,100,"",TRUE,0.860004547958664,"saddlepoint",FALSE
"C","gene0154",50.5545723617483,TRUE,0.848825017933415,9.83583792754997e-11,124,"",TRUE,0.848754044604755,"saddlepoint",FALSE
"C","gene0155",34.7136724346457,TRUE,0.604403608043003,8.64602325281391e-11,100,"",TRUE,0.604133059827359,"saddlepoint",FALSE
"C","gene0156",83.4404169300654,TRUE,0.0495968476824519,8.99118271697509e-11,124,"",TRUE,0.0495466444408447,"saddlepoint",FALSE
"C","gene0157",36.8976211310191,TRUE,0.551712127660453,7.91456280938366e-11,103,"",TRUE,0.551430226282936,"saddlepoint",FALSE
"C","gene0158",44.7165701085258,TRUE,0.925385772294383,7.76348057021647e-11,124,"",TRUE,0.92534420439384,"saddlepoint",FALSE
"C","gene0159",41.6727747481565,TRUE,0.39675576651938,9.44253898162162e-11,107,"",TRUE,0.396471036070792,"saddlepoint",FALSE
"C","gene0160",59.6046572463408,TRUE,0.482868701438746,7.78255739475493e-11,128,"",TRUE,0.482701751208431,"saddlepoint",FALSE
"C","gene0161",39.3621592539272,TRUE,0.530735361391433,7.81941140526668e-11,105,"",TRUE,0.530470149116678,"saddlepoint",FALSE
"C","gene0162",57.4711885845487,TRUE,0.521217024639472,8.04006760799468e-11,127,"",TRUE,0.521051348465091,"saddlepoint",FALSE
"C","gene0163",26.6676840625434,TRUE,0.957575912435125,7.39579044707617e-11,105,"",TRUE,0.957537423997274,"saddlepoint",FALSE
"C","gene0164",64.1012881592184,TRUE,0.282004618655982,9.31507356601198e-11,124,"",TRUE,0.281842382968424,"saddlepoint",FALSE
"C","gene0165",18.9721319650545,TRUE,0.998938596918903,8.33595227892579e-11,106,"",TRUE,0.998937612036906,"saddlepoint",FALSE
"C","gene0166",46.059265587388,TRUE,0.825975179222699,9.56314678596422e-11,124,"",TRUE,0.825881112494177,"saddlepoint",FALSE
"C","gene0167",55.5730299635012,TRUE,0.131273822012119,9.60511882704129e-11,108,"",TRUE,0.131099519117106,"saddlepoint",FALSE
"C","gene0168",40.0863445406524,TRUE,0.930420505030145,7.74729049901439e-11,123,"",TRUE,0.930374960924601,"saddlepoint",FALSE
"C","gene0169",24.9506530933039,TRUE,0.989410824488045,9.04433649826474e-11,114,"",TRUE,0.98940117970153,"saddlepoint",FALSE
"C","gene0170",49.7519524428397,TRUE,0.653480464233307,8.25067675855676e-11,125,"",TRUE,0.653310880699818,"saddlepoint",FALSE
"C","gene0171",44.2516346616558,TRUE,0.532663308361277,7.79443339298663e-11,117,"",TRUE,0.532416229303497,"saddlepoint",FALSE
"C","gene0172",54.6499121451791,TRUE,0.445255259664908,8.21431395126027e-11,122,"",TRUE,0.445053194454226,"saddlepoint",FALSE
"C","gene0173",33.8586460725555,TRUE,0.905533806206774,9.58171060940274e-11,115,"",TRUE,0.905459346715909,"saddlepoint",FALSE
"C","gene0174",46.146849123529,TRUE,0.712208084567349,8.06239948392649e-11,119,"",TRUE,0.712051687820342,"saddlepoint",FALSE
"C","gene0175",48.0291063381547,TRUE,0.464838936424186,8.74456912588160e-11,117,"",TRUE,0.464601980366275,"saddlepoint",FALSE
"C","gene0176",46.7102987028845,TRUE,0.659752168963251,8.90742702036942e-11,121,"",TRUE,0.659581312991852,"saddlepoint",FALSE
"C","gene0177",37.5591749644013,TRUE,0.859396440220536,8.97937288760198e-11,121,"",TRUE,0.859291977530911,"saddlepoint",FALSE
"C","gene0178",35.6128932765887,TRUE,0.93343169276681,8.51599176918648e-11,118,"",TRUE,0.933380131072846,"saddlepoint",FALSE
"C","gene0179",51.3817964554615,TRUE,0.417253292153485,7.8566138946197e-11,118,"",TRUE,0.41703070392136,"saddlepoint",FALSE
"C","gene0180",53.1127912542285,TRUE,0.358680750189014,7.88025914595820e-11,116,"",TRUE,0.358450103383178,"saddlepoint",FALSE
"C","gene0181",53.8763347882487,TRUE,0.367817932314898,8.12315438438599e-11,122,"",TRUE,0.367587400479538,"saddlepoint",FALSE
"C","gene0182",54.4008912891793,TRUE,0.286879383474489,9.44076000101296e-11,119,"",TRUE,0.286652347733903,"saddlepoint",FALSE
"C","gene0183",49.3200669530499,TRUE,0.563638578711408,9.58895512905705e-11,127,"",TRUE,0.563424314963754,"saddlepoint",FALSE
"C","gene0184",42.7585286700898,TRUE,0.663991347518092,9.22459510578448e-11,117,"",TRUE,0.6637838582268,"saddlepoint",FALSE
"C","gene0185",69.0402785634095,TRUE,0.0872469862123635,8.18709096285682e-11,127,"",TRUE,0.0871415847887835,"saddlepoint",FALSE
"C","gene0186",39.4918083701212,TRUE,0.747731862986588,9.61824454717014e-11,117,"",TRUE,0.74756423488896,"saddlepoint",FALSE
"C","gene0187",57.2732287735229,TRUE,0.358857179098371,9.50094525623002e-11,126,"",TRUE,0.358651807138406,"saddlepoint",FALSE
"C","gene0188",44.0262396307403,TRUE,0.540579108065355,9.97239307733329e-11,117,"",TRUE,0.540332879573042,"saddlepoint",FALSE
"C","gene0189",46.0238617770256,TRUE,0.77339796311066,9.27999777716737e-11,130,"",TRUE,0.773258684959418,"saddlepoint",FALSE
"C","gene0190",38.967908634383,TRUE,0.699105290611324,9.35609285358796e-11,116,"",TRUE,0.698892653075521,"saddlepoint",FALSE
"C","gene0191",44.9675049586247,TRUE,0.829019116490861,8.43344505016032e-11,129,"",TRUE,0.828916724241734,"saddlepoint",FALSE
"C","gene0192",45.3725894090442,TRUE,0.412119015740809,9.66487872806204e-11,118,"",TRUE,0.411818534994974,"saddlepoint",FALSE
"C","gene0193",32.6273012940878,TRUE,0.993009321426488,8.32817201703098e-11,134,"",TRUE,0.993003776210539,"saddlepoint",FALSE
"C","gene0194",36.4041845705312,TRUE,0.724902427716441,9.47085589207003e-11,115,"",TRUE,0.724691737725515,"saddlepoint",FALSE
"C","gene0195",63.7013837263027,TRUE,0.293926824848606,7.67080920809592e-11,135,"",TRUE,0.293749853182168,"saddlepoint",FALSE
"C","gene0196",29.5445949598266,TRUE,0.905489659749228,7.63971362842571e-11,115,"",TRUE,0.905396518493879,"saddlepoint",FALSE
"C","gene0197",47.2499408641483,TRUE,0.838166311017189,9.53196422075371e-11,134,"",TRUE,0.838070129909837,"saddlepoint",FALSE
"C","gene0198",39.0199915815494,TRUE,0.543042654401548,9.56675439822002e-11,113,"",TRUE,0.54274529420349,"saddlepoint",FALSE
"C","gene0199",57.9703879397952,TRUE,0.536563274695258,8.32656682318855e-11,136,"",TRUE,0.536381281826657,"saddlepoint",FALSE
"C","gene0200",35.9532195127181,TRUE,0.630138064677093,9.36894873205911e-11,113,"",TRUE,0.629838411882179,"saddlepoint",FALSE
"C","gene0201",78.0166354586803,TRUE,0.0900598564402191,8.72199285993809e-11,140,"",TRUE,0.0899690011326751,"saddlepoint",FALSE
"C","gene0202",46.838955164656,TRUE,0.19874960102678,8.43028055675342e-11,111,"",TRUE,0.198478198438057,"saddlepoint",FALSE
"C","gene0203",63.5277916268101,TRUE,0.42072065396143,9.35666616885475e-11,139,"",TRUE,0.420542394327895,"saddlepoint",FALSE
"C","gene0204",26.2437696273001,TRUE,0.9042326070763,9.84905787026862e-11,112,"",TRUE,0.904124924821486,"saddlepoint",FALSE
"C","gene0205",65.7098823709506,TRUE,0.385466381184939,8.21077389022082e-11,142,"",TRUE,0.385287167524836,"saddlepoint",FALSE
"C","gene0206",27.5413746377271,TRUE,0.844274308716284,9.23853260602694e-11,113,"",TRUE,0.844095019962464,"saddlepoint",FALSE
"C","gene0207",50.6290211480008,TRUE,0.86144507324976,8.30095186381621e-11,147,"",TRUE,0.86136399321793,"saddlepoint",FALSE
"C","gene0208",32.6651776823675,TRUE,0.605865571935176,8.25691549638172e-11,113,"",TRUE,0.605520333395332,"saddlepoint",FALSE
"C","gene0209",70.2033337182722,TRUE,0.317452128007829,8.87112875562826e-11,147,"",TRUE,0.317282199459166,"saddlepoint",FALSE
"C","gene0210",57.7974012781783,TRUE,0.0173196534137555,7.57455514326447e-11,110,"",TRUE,0.0172612616247829,"saddlepoint",FALSE
"C","gene0211",56.3003438645483,TRUE,0.767815553818741,8.44231352035464e-11,152,"",TRUE,0.767697278596739,"saddlepoint",FALSE
"C","gene0212",24.5852255434688,TRUE,0.855567038162505,8.91311814394009e-11,109,"",TRUE,0.855376440916859,"saddlepoint",FALSE
"C","gene0213",79.1588848552991,TRUE,0.169053695315848,8.86603711454381e-11,153,"",TRUE,0.168928173371515,"saddlepoint",FALSE
"C","gene0214",28.4930703420065,TRUE,0.664675736591125,9.00249218162459e-11,108,"",TRUE,0.664305992512977,"saddlepoint",FALSE
"C","gene0215",72.4965635831537,TRUE,0.339986862108978,9.66296651526942e-11,150,"",TRUE,0.339825774437645,"saddlepoint",FALSE
"C","gene0216",20.3584523161482,TRUE,0.9262018459769,9.33253049492655e-11,105,"",TRUE,0.926090554278506,"saddlepoint",FALSE
"C","gene0217",91.8570646094941,TRUE,0.0517612073071092,9.89716320508836e-11,156,"",TRUE,0.0517029871002929,"saddlepoint",FALSE
"C","gene0218",24.5441846908547,TRUE,0.757491072258659,9.31228896078329e-11,108,"",TRUE,0.757161992963265,"saddlepoint",FALSE
"C","gene0219",70.4975497720184,TRUE,0.45553375039417,8.85401564348562e-11,158,"",TRUE,0.455368045576031,"saddlepoint",FALSE
"C","gene0220",33.2941669764712,TRUE,0.315722931511604,9.81999687729024e-11,109,"",TRUE,0.315177193426704,"saddlepoint",FALSE
"C","gene0221",65.4462169895538,TRUE,0.639625470420724,9.87364626907697e-11,161,"",TRUE,0.639484153459482,"saddlepoint",FALSE
"C","gene0222",26.5348586525286,TRUE,0.57545440957815,8.49075136913867e-11,105,"",TRUE,0.574938225650235,"saddlepoint",FALSE
"C","gene0223",101.811688701665,TRUE,0.0223641916066281,8.18513192337236e-11,159,"",TRUE,0.0223368939258363,"saddlepoint",FALSE
"C","gene0224",32.9015676632484,TRUE,0.251525341304618,8.28167660317514e-11,106,"",TRUE,0.250976781663807,"saddlepoint",FALSE
"C","gene0225",84.5013501040143,TRUE,0.190703082936759,8.48532950175653e-11,164,"",TRUE,0.190580768938175,"saddlepoint",FALSE
"C","gene0226",23.4628651720482,TRUE,0.632802156277327,9.41334885474349e-11,106,"",TRUE,0.632254380929902,"saddlepoint",FALSE
"C","gene0227",75.7847030726384,TRUE,0.419854668354013,9.88246441060645e-11,166,"",TRUE,0.419700980396105,"saddlepoint",FALSE
"C","gene0228",18.6799848657259,TRUE,0.820513331512935,9.95617225815759e-11,100,"",TRUE,0.820184508513106,"saddlepoint",FALSE
"C","gene0229",75.2596058959235,TRUE,0.463833897414748,9.04845911197348e-11,170,"",TRUE,0.463687413199305,"saddlepoint",FALSE
"C","gene0230",25.2422626923002,TRUE,0.439037994055755,8.36852272591629e-11,105,"",TRUE,0.438316741634916,"saddlepoint",FALSE
"C","gene0231",59.7521104937702,TRUE,0.888330835155166,8.38857207438246e-11,174,"",TRUE,0.888271978505756,"saddlepoint",FALSE
"C","gene0232",24.3499965511224,TRUE,0.43232921635763,8.92163572836432e-11,103,"",TRUE,0.431551263162909,"saddlepoint",FALSE
"C","gene0233",89.451086429672,TRUE,0.180774541942368,9.70304855885638e-11,171,"",TRUE,0.180660788429634,"saddlepoint",FALSE
"C","gene0234",36.074900271154,TRUE,0.0583863381873641,8.3807513175365e-11,102,"",TRUE,0.0580945277697181,"saddlepoint",FALSE
"C","gene0235",62.3169936973498,TRUE,0.874389079537427,9.38815060847614e-11,171,"",TRUE,0.874324664727461,"saddlepoint",FALSE
"C","gene0236",43.5371556709606,TRUE,0.009898971874736,8.99279162420996e-11,98,"",TRUE,0.009819538273938,"saddlepoint",FALSE
"C","gene0237",112.115680505623,TRUE,0.0176276358510386,8.88305905612577e-11,176,"",TRUE,0.0176082288077439,"saddlepoint",FALSE
"C","gene0238",16.5866388251766,TRUE,0.704484616392499,8.31780085888863e-11,97,"",TRUE,0.703813204371586,"saddlepoint",FALSE
"C","gene0239",16.4490548408542,TRUE,0.65796339234217,8.16719693719388e-11,99,"",TRUE,0.657178794799461,"saddlepoint",FALSE
"C","gene0240",73.1645096450385,TRUE,0.66510607863784,9.61418860105298e-11,177,"",TRUE,0.664981300382195,"saddlepoint",FALSE
"C","gene0241",22.512258779889,TRUE,0.367715742558707,9.40328318140525e-11,98,"",TRUE,0.366820880043745,"saddlepoint",FALSE
"C","gene0242",71.2701436323171,TRUE,0.690594303091224,9.4632714533506e-11,181,"",TRUE,0.690473485546711,"saddlepoint",FALSE
"C","gene0243",13.0522959495493,TRUE,0.909438886839994,7.85826010925132e-11,104,"",TRUE,0.909212522535711,"saddlepoint",FALSE
"C","gene0244",63.6127262562642,TRUE,0.84969290986769,9.24930628506786e-11,179,"",TRUE,0.84961952816784,"saddlepoint",FALSE
"C","gene0245",22.1524045579155,TRUE,0.493870852263513,9.35662113109650e-11,105,"",TRUE,0.493037948409997,"saddlepoint",FALSE
"C","gene0246",105.216482062292,TRUE,0.0324552311498776,8.25507447772475e-11,182,"",TRUE,0.0324197449611311,"saddlepoint",FALSE
"C","gene0247",45.9589376606473,TRUE,0.0111538813814326,8.30270658540126e-11,109,"",TRUE,0.0110622290660291,"saddlepoint",FALSE
"C","gene0248",72.002434218022,TRUE,0.587200331183707,8.91076456870608e-11,176,"",TRUE,0.587047732115962,"saddlepoint",FALSE
"C","gene0249",26.653266205308,TRUE,0.371439623076231,8.13745483214771e-11,113,"",TRUE,0.370687841018599,"saddlepoint",FALSE
"C","gene0250",62.668458954587,TRUE,0.811610264617795,9.01056786692736e-11,175,"",TRUE,0.811514403425797,"saddlepoint",FALSE
"C","gene0251",31.9462007474619,TRUE,0.211566068565073,8.88671338123218e-11,109,"",TRUE,0.210969950462564,"saddlepoint",FALSE
"C","gene0252",89.7928051822605,TRUE,0.128319520361274,8.17655105948834e-11,179,"",TRUE,0.128215384856569,"saddlepoint",FALSE
"C","gene0253",19.9851890655126,TRUE,0.798457695061026,8.86326186597987e-11,110,"",TRUE,0.798086002619688,"saddlepoint",FALSE
"C","gene0254",89.9375724491391,TRUE,0.112471884505605,8.44225698463236e-11,178,"",TRUE,0.112369050371164,"saddlepoint",FALSE
"C","gene0255",26.6231814558348,TRUE,0.519267782548086,7.93614262847853e-11,115,"",TRUE,0.518585985728341,"saddlepoint",FALSE
"C","gene0256",83.0304264835538,TRUE,0.199535079074194,8.49415042968558e-11,172,"",TRUE,0.199398152406542,"saddlepoint",FALSE
"C","gene0257",43.1500608192239,TRUE,0.0642947218297793,9.43138894348057e-11,119,"",TRUE,0.0640317952488342,"saddlepoint",FALSE
"C","gene0258",67.6607799177453,TRUE,0.570267552115762,9.33635399893995e-11,179,"",TRUE,0.570095443190881,"saddlepoint",FALSE
"C","gene0259",21.047526909771,TRUE,0.856154077900282,9.79473833854008e-11,118,"",TRUE,0.855904265277856,"saddlepoint",FALSE
"C","gene0260",81.7864917019342,TRUE,0.183408118045217,9.17840944848931e-11,174,"",TRUE,0.183271922058931,"saddlepoint",FALSE
"C","gene0261",30.054686742471,TRUE,0.497753799319193,9.11124019655797e-11,122,"",TRUE,0.497168380238108,"saddlepoint",FALSE
"C","gene0262",58.9694605049839,TRUE,0.765710202785862,9.23013562825238e-11,172,"",TRUE,0.765581053866951,"saddlepoint",FALSE
"C","gene0263",50.0820757861898,TRUE,0.0378431881362718,9.99149896933199e-11,126,"",TRUE,0.0376967920316672,"saddlepoint",FALSE
"C","gene0264",49.3825271174241,TRUE,0.935005716227957,9.66953955599224e-11,174,"",TRUE,0.934958741128245,"saddlepoint",FALSE
"C","gene0265",25.9529770676335,TRUE,0.7690028029948,9.48405282801858e-11,123,"",TRUE,0.768658456295733,"saddlepoint",FALSE
"C","gene0266",76.0060625713802,TRUE,0.232913990614113,8.24368360033412e-11,175,"",TRUE,0.232736122606781,"saddlepoint",FALSE
"C","gene0267",23.0593925996996,TRUE,0.894848771726233,8.02541820976374e-11,127,"",TRUE,0.894673129899633,"saddlepoint",FALSE
"C","gene0268",58.1549875988689,TRUE,0.709707754117011,8.41297220690457e-11,173,"",TRUE,0.709545919768713,"saddlepoint",FALSE
"C","gene0269",43.9024130829275,TRUE,0.167687744926949,8.0585627092785e-11,131,"",TRUE,0.167294951159985,"saddlepoint",FALSE
"C","gene0270",46.1453326210998,TRUE,0.943228931649957,9.18950242507002e-11,171,"",TRUE,0.943183860802222,"saddlepoint",FALSE
"C","gene0271",46.6259327628,TRUE,0.135575890564781,8.17306701375413e-11,134,"",TRUE,0.135237986915001,"saddlepoint",FALSE
"C","gene0272",57.2058641625101,TRUE,0.681178225965472,8.64712474801105e-11,171,"",TRUE,0.680992502370907,"saddlepoint",FALSE
"C","gene0273",47.6600320580637,TRUE,0.137432299064221,8.10017784184242e-11,134,"",TRUE,0.137140106884987,"saddlepoint",FALSE
"C","gene0274",60.0926469762789,TRUE,0.5595433138833,8.21065058390774e-11,174,"",TRUE,0.559327360000362,"saddlepoint",FALSE
"C","gene0275",39.0251384237052,TRUE,0.418281634237228,8.41982401768998e-11,137,"",TRUE,0.417818882328272,"saddlepoint",FALSE
"C","gene0276",52.4449656538274,TRUE,0.764546026905458,8.80453418505844e-11,169,"",TRUE,0.764386268680966,"saddlepoint",FALSE
"C","gene0277",26.7450243789395,TRUE,0.904178733453286,8.11338166247476e-11,141,"",TRUE,0.904035330066393,"saddlepoint",FALSE
"C","gene0278",57.9152254160451,TRUE,0.566603724269077,9.90321150280173e-11,172,"",TRUE,0.566380590952169,"saddlepoint",FALSE
"C","gene0279",44.3273812599028,TRUE,0.305193202125799,8.10008783679907e-11,142,"",TRUE,0.304794886468561,"saddlepoint",FALSE
"C","gene0280",59.1190483066039,TRUE,0.494762480379908,9.94846336387079e-11,168,"",TRUE,0.494517924779993,"saddlepoint",FALSE
"C","gene0281",37.934847902828,TRUE,0.581537586724902,8.30619202433526e-11,144,"",TRUE,0.581139352650641,"saddlepoint",FALSE
"C","gene0282",59.0365566961768,TRUE,0.465076273723562,8.17163916286105e-11,169,"",TRUE,0.464823638971385,"saddlepoint",FALSE
"C","gene0283",28.6908367669204,TRUE,0.915966922265104,9.2295191996862e-11,144,"",TRUE,0.915850965799827,"saddlepoint",FALSE
"C","gene0284",40.4658740967291,TRUE,0.939672477302353,8.28104894769546e-11,168,"",TRUE,0.939612943232849,"saddlepoint",FALSE
"C","gene0285",39.0234695663408,TRUE,0.61493878338101,9.50913949904035e-11,146,"",TRUE,0.61459588576691,"saddlepoint",FALSE
"C","gene0286",48.0898972383725,TRUE,0.755974850466239,8.26729511130102e-11,168,"",TRUE,0.755785620318393,"saddlepoint",FALSE
"C","gene0287",65.1122612954251,TRUE,0.0385298343493656,9.57770276933598e-11,148,"",TRUE,0.0384210852363635,"saddlepoint",FALSE
"C","gene0288",45.8437001440799,TRUE,0.793667772241724,8.90734410058727e-11,175,"",TRUE,0.793491665429579,"saddlepoint",FALSE
"C","gene0289",61.1250273453752,TRUE,0.0797985587364201,8.84197075908151e-11,150,"",TRUE,0.0796382494406545,"saddlepoint",FALSE
"C","gene0290",70.0812415427311,TRUE,0.110782041496471,9.36992206913845e-11,168,"",TRUE,0.110618382386238,"saddlepoint",FALSE
"C","gene0291",52.3129700722978,TRUE,0.260408935925703,8.58824005835201e-11,153,"",TRUE,0.260075819648575,"saddlepoint",FALSE
"C","gene0292",62.5186985843092,TRUE,0.222904891971492,9.07544232906649e-11,164,"",TRUE,0.222665229275632,"saddlepoint",FALSE
"C","gene0293",38.9654466891355,TRUE,0.753254988534449,8.95143836441778e-11,155,"",TRUE,0.753011282087565,"saddlepoint",FALSE
"C","gene0294",58.5379755662383,TRUE,0.294475429072043,8.56253301226816e-11,166,"",TRUE,0.294192397482925,"saddlepoint",FALSE
"C","gene0295",33.7074241118963,TRUE,0.914393514523743,8.70054608871282e-11,157,"",TRUE,0.914289614466977,"saddlepoint",FALSE
"C","gene0296",60.4764251840171,TRUE,0.22002330692463,9.7506384477003e-11,164,"",TRUE,0.219767791828593,"saddlepoint",FALSE
"C","gene0297",87.3785195020077,TRUE,0.00317927608570229,9.12903496286949e-11,162,"",TRUE,0.00316601803156506,"saddlepoint",FALSE
"C","gene0298",34.8888158627396,TRUE,0.936031494880838,9.44265491535992e-11,163,"",TRUE,0.935956768393322,"saddlepoint",FALSE
"C","gene0299",48.2109087476015,TRUE,0.526073021695674,8.41388499129257e-11,163,"",TRUE,0.52574156796547,"saddlepoint",FALSE
"C","gene0300",56.2246484094853,TRUE,0.271249514019211,9.0675288783558e-11,162,"",TRUE,0.270945364456376,"saddlepoint",FALSE
"C","gene0301",44.591429987355,TRUE,0.687859899939355,9.67602708568972e-11,165,"",TRUE,0.687596384097214,"saddlepoint",FALSE
"C","gene0302",78.3065511178892,TRUE,0.0136403561767963,8.53016749033028e-11,164,"",TRUE,0.0136027122836872,"saddlepoint",FALSE
"C","gene0303",63.1968818184924,TRUE,0.166167398123072,9.34678608382339e-11,172,"",TRUE,0.16592584794215,"saddlepoint",FALSE
"C","gene0304",38.6177045928357,TRUE,0.791876267275422,9.35116954573281e-11,159,"",TRUE,0.791653799799147,"saddlepoint",FALSE
"C","gene0305",38.932699205145,TRUE,0.894029309008734,8.41549054834273e-11,170,"",TRUE,0.89391754862908,"saddlepoint",FALSE
"C","gene0306",34.4048042806177,TRUE,0.880922880534335,9.92432514748849e-11,160,"",TRUE,0.88077705028553,"saddlepoint",FALSE
"C","gene0307",49.9937433767169,TRUE,0.599999232883477,8.40483125263101e-11,175,"",TRUE,0.599712603720074,"saddlepoint",FALSE
"C","gene0308",53.8594721555717,TRUE,0.222349740970088,9.14025000435179e-11,159,"",TRUE,0.222034914546527,"saddlepoint",FALSE
"C","gene0309",42.522303487662,TRUE,0.853879727818571,9.04543760314909e-11,176,"",TRUE,0.853740042426463,"saddlepoint",FALSE
"C","gene0310",41.728609905182,TRUE,0.582849040942268,9.0005162556913e-11,164,"",TRUE,0.582471282991176,"saddlepoint",FALSE
"C","gene0311",51.0614120532992,TRUE,0.629175991284288,8.312298901492e-11,178,"",TRUE,0.628904826040766,"saddlepoint",FALSE
"C","gene0312",50.1948129990472,TRUE,0.260453778648723,8.34265083773413e-11,158,"",TRUE,0.260083935040225,"saddlepoint",FALSE
"C","gene0313",52.35761900073,TRUE,0.617922917673211,8.95721072183622e-11,181,"",TRUE,0.617664718465816,"saddlepoint",FALSE
"C","gene0314",37.4441922241651,TRUE,0.672607064482565,9.42606903447073e-11,158,"",TRUE,0.672248999399817,"saddlepoint",FALSE
"C","gene0315",53.9527006805611,TRUE,0.597088969801247,9.59969506230535e-11,186,"",TRUE,0.596821907478661,"saddlepoint",FALSE
"C","gene0316",54.4801421605828,TRUE,0.123330909148891,9.44207022139133e-11,158,"",TRUE,0.123054626206689,"saddlepoint",FALSE
"C","gene0317",63.1106716061582,TRUE,0.342961888867689,8.38025218880337e-11,187,"",TRUE,0.342691576078763,"saddlepoint",FALSE
"C","gene0318",42.1678536324202,TRUE,0.415282550757977,9.39644583387682e-11,153,"",TRUE,0.414824220152328,"saddlepoint",FALSE
"C","gene0319",52.477021651158,TRUE,0.704526833376826,8.54586656973653e-11,189,"",TRUE,0.704310785750149,"saddlepoint",FALSE
"C","gene0320",32.0920455212974,TRUE,0.766474532646292,9.56137100917298e-11,158,"",TRUE,0.76614100016175,"saddlepoint",FALSE
"C","gene0321",62.3830534788211,TRUE,0.423639490635261,8.55730454486954e-11,190,"",TRUE,0.423371420910575,"saddlepoint",FALSE
"C","gene0322",31.3926225577506,TRUE,0.760373101639277,8.71107523679575e-11,153,"",TRUE,0.760039579417066,"saddlepoint",FALSE
"C","gene0323",87.7887118224449,TRUE,0.035878150020142,8.90155948626327e-11,193,"",TRUE,0.0358098580026343,"saddlepoint",FALSE
"C","gene0324",37.9717294878859,TRUE,0.458227253360903,9.92301435248297e-11,153,"",TRUE,0.457712254061381,"saddlepoint",FALSE
"C","gene0325",59.8658341801632,TRUE,0.563268892571484,9.12764752561239e-11,196,"",TRUE,0.563015850178244,"saddlepoint",FALSE
"C","gene0326",17.6204846126206,TRUE,0.993119265537719,9.42341671817011e-11,154,"",TRUE,0.993105433753271,"saddlepoint",FALSE
"C","gene0327",64.968020802033,TRUE,0.437494310563198,8.63614751001225e-11,197,"",TRUE,0.437232775579982,"saddlepoint",FALSE
"C","gene0328",35.667022613685,TRUE,0.469170619358002,9.71653794749894e-11,149,"",TRUE,0.468600218269708,"saddlepoint",FALSE
"C","gene0329",50.5524407089168,TRUE,0.867656683913986,9.36583298438189e-11,200,"",TRUE,0.867544360472871,"saddlepoint",FALSE
"C","gene0330",27.4321998911659,TRUE,0.772640889886826,8.92117991892899e-11,152,"",TRUE,0.772255565221465,"saddlepoint",FALSE
"C","gene0331",68.7850670453907,TRUE,0.386865969644961,8.99060747724945e-11,202,"",TRUE,0.386623960090214,"saddlepoint",FALSE
"C","gene0332",33.8285670996577,TRUE,0.461264710723017,9.87950190406428e-11,150,"",TRUE,0.460629107240279,"saddlepoint",FALSE
"C","gene0333",84.6552018982286,TRUE,0.103555632891068,9.5133238472208e-11,209,"",TRUE,0.103426910699714,"saddlepoint",FALSE
"C","gene0334",28.9890666201072,TRUE,0.629613349243741,8.26404687411832e-11,150,"",TRUE,0.629041745938329,"saddlepoint",FALSE
"C","gene0335",75.0917158498844,TRUE,0.280895305020599,9.58778103568245e-11,211,"",TRUE,0.280677220375647,"saddlepoint",FALSE
"C","gene0336",25.6760919950171,TRUE,0.734019229682983,9.326848912335e-11,148,"",TRUE,0.733522325437584,"saddlepoint",FALSE
"C","gene0337",70.2047817451595,TRUE,0.43280647820752,9.29855473760614e-11,210,"",TRUE,0.432563026585103,"saddlepoint",FALSE
"C","gene0338",53.3052085012728,TRUE,0.019912080009765,9.34578059472863e-11,146,"",TRUE,0.0198010906228382,"saddlepoint",FALSE
"C","gene0339",65.4127621108547,TRUE,0.601415349356789,8.71800453008942e-11,217,"",TRUE,0.601200504200638,"saddlepoint",FALSE
"C","gene0340",43.3951911644576,TRUE,0.08210382707051,8.34594006860097e-11,148,"",TRUE,0.0817352289283229,"saddlepoint",FALSE
"C","gene0341",62.2826283578765,TRUE,0.717485085579549,9.01512644917168e-11,213,"",TRUE,0.717309591095788,"saddlepoint",FALSE
"C","gene0342",26.6903099150092,TRUE,0.557493001805441,9.35443901701506e-11,146,"",TRUE,0.556685106377812,"saddlepoint",FALSE
"C","gene0343",58.1717552130178,TRUE,0.838378171891482,9.82170592685877e-11,221,"",TRUE,0.838258454211003,"saddlepoint",FALSE
"C","gene0344",30.4370767978656,TRUE,0.34546467049035,8.24086975417283e-11,146,"",TRUE,0.344574474752983,"saddlepoint",FALSE
"C","gene0345",67.0448489345934,TRUE,0.638257606515782,9.4894698923851e-11,224,"",TRUE,0.638070543007589,"saddlepoint",FALSE
"C","gene0346",25.528136555415,TRUE,0.518671854157544,9.53758419897782e-11,140,"",TRUE,0.517768312503446,"saddlepoint",FALSE
"C","gene0347",78.6290004994003,TRUE,0.346558614300845,9.99237490710916e-11,224,"",TRUE,0.346348681419736,"saddlepoint",FALSE
"C","gene0348",25.2555215895939,TRUE,0.482827857519483,9.53996724282688e-11,144,"",TRUE,0.481829797906623,"saddlepoint",FALSE
"C","gene0349",68.7297665262211,TRUE,0.644545517227057,9.57979722025076e-11,222,"",TRUE,0.644358778162673,"saddlepoint",FALSE
"C","gene0350",9.18750376014692,TRUE,0.995811683805146,8.80716682308963e-11,143,"",TRUE,0.995798906108521,"saddlepoint",FALSE
"C","gene0351",48.8813768613338,TRUE,0.983765584162613,9.80226005074282e-11,232,"",TRUE,0.983750021052202,"saddlepoint",FALSE
"C","gene0352",17.4014869160782,TRUE,0.785657617365559,8.62150633003378e-11,140,"",TRUE,0.785015191573756,"saddlepoint",FALSE
"C","gene0353",65.8523430366743,TRUE,0.768025308686719,8.91864024039207e-11,235,"",TRUE,0.767878695777366,"saddlepoint",FALSE
"C","gene0354",15.5458041556746,TRUE,0.829612322969595,9.96752533483948e-11,141,"",TRUE,0.829041803909001,"saddlepoint",FALSE
"C","gene0355",48.1052761145669,TRUE,0.991069001542939,9.02780134719519e-11,244,"",TRUE,0.991060192601906,"saddlepoint",FALSE
"C","gene0356",12.5824621677407,TRUE,0.914772007415815,9.61794556757906e-11,139,"",TRUE,0.914459052010678,"saddlepoint",FALSE
"C","gene0357",69.0887923114775,TRUE,0.733903621648733,9.95844581385026e-11,238,"",TRUE,0.733748452526193,"saddlepoint",FALSE
"C","gene0358",30.3245005425502,TRUE,0.114263159609509,8.63169475674198e-11,132,"",TRUE,0.113493673576211,"saddlepoint",FALSE
"C","gene0359",16.5742554010651,TRUE,0.638604066183207,8.35436450379555e-11,130,"",TRUE,0.63746989709543,"saddlepoint",FALSE
"C","gene0360",90.5394372005847,TRUE,0.228558304001821,9.16768184261972e-11,246,"",TRUE,0.22838255765745,"saddlepoint",FALSE
"C","gene0361",22.3106964321148,TRUE,0.375712596490375,8.61840643339232e-11,139,"",TRUE,0.374382832304239,"saddlepoint",FALSE
"C","gene0362",68.4247058349935,TRUE,0.749547098302057,8.74466076264922e-11,242,"",TRUE,0.74939694271819,"saddlepoint",FALSE
"C","gene0363",13.805294494228,TRUE,0.869296379302286,9.97607711500023e-11,140,"",TRUE,0.86881657268067,"saddlepoint",FALSE
"C","gene0364",60.5037700534225,TRUE,0.88988772565009,8.58314927920829e-11,245,"",TRUE,0.88980211152212,"saddlepoint",FALSE
"C","gene0365",24.7619616318334,TRUE,0.360424570525856,8.71002671029575e-11,148,"",TRUE,0.359188902515609,"saddlepoint",FALSE
"C","gene0366",106.190260915088,TRUE,0.0359618686164434,9.52684538245777e-11,248,"",TRUE,0.0359093624551777,"saddlepoint",FALSE
"C","gene0367",21.8100598480478,TRUE,0.555743843543055,9.74627016462129e-11,149,"",TRUE,0.554632929764087,"saddlepoint",FALSE
"C","gene0368",76.6986323846345,TRUE,0.449053118517498,9.10807577904522e-11,241,"",TRUE,0.448823923651306,"saddlepoint",FALSE
"C","gene0369",24.4976670766761,TRUE,0.469638680136433,8.88229135425148e-11,148,"",TRUE,0.468617946515892,"saddlepoint",FALSE
"C","gene0370",85.655510220417,TRUE,0.220105099553942,9.09787903108535e-11,242,"",TRUE,0.219928289742986,"saddlepoint",FALSE
"C","gene0371",17.9195405573028,TRUE,0.833745256288356,8.41413019987691e-11,152,"",TRUE,0.833241774911053,"saddlepoint",FALSE
"C","gene0372",56.5381865344323,TRUE,0.895823726179172,9.04274001598676e-11,244,"",TRUE,0.895735970111756,"saddlepoint",FALSE
"C","gene0373",14.0994076448277,TRUE,0.962458757419089,8.37540765907807e-11,156,"",TRUE,0.96233874524138,"saddlepoint",FALSE
"C","gene0374",62.9473406963054,TRUE,0.744948208208505,9.90255043763211e-11,237,"",TRUE,0.744771132523305,"saddlepoint",FALSE
"C","gene0375",16.4051852251991,TRUE,0.931892275495265,9.85324310207383e-11,152,"",TRUE,0.931683525365554,"saddlepoint",FALSE
"C","gene0376",62.2716803577944,TRUE,0.73764383128949,8.9729979468791e-11,241,"",TRUE,0.737464684099051,"saddlepoint",FALSE
"C","gene0377",34.2041098173255,TRUE,0.25230735405087,8.67112819264229e-11,167,"",TRUE,0.251487169346665,"saddlepoint",FALSE
"C","gene0378",59.3237968860438,TRUE,0.787651891430624,9.38214372186476e-11,238,"",TRUE,0.787486576778665,"saddlepoint",FALSE
"C","gene0379",33.3837981496878,TRUE,0.315863083985173,9.56090029737879e-11,168,"",TRUE,0.315039679137931,"saddlepoint",FALSE
"C","gene0380",69.426044773603,TRUE,0.482514433850147,9.6651878720485e-11,240,"",TRUE,0.482260468354415,"saddlepoint",FALSE
"C","gene0381",36.7026891195271,TRUE,0.244469022975017,9.72426955040025e-11,165,"",TRUE,0.24376211252444,"saddlepoint",FALSE
"C","gene0382",84.9197730623413,TRUE,0.131315305962736,9.62648273811553e-11,238,"",TRUE,0.131153112002394,"saddlepoint",FALSE
"C","gene0383",44.7943473127083,TRUE,0.0984127048782192,8.86833980816987e-11,167,"",TRUE,0.0979971613402291,"saddlepoint",FALSE
"C","gene0384",105.923032474635,TRUE,0.0100932042465462,8.75273519569848e-11,245,"",TRUE,0.0100718386083418,"saddlepoint",FALSE
"C","gene0385",40.0534990222967,TRUE,0.213970728835798,9.81999139664826e-11,171,"",TRUE,0.213341033189307,"saddlepoint",FALSE
"C","gene0386",72.909433804292,TRUE,0.3096531453397,8.9374445127674e-11,239,"",TRUE,0.309376437320078,"saddlepoint",FALSE
"C","gene0387",30.9761446713265,TRUE,0.57824689222447,9.72178758936598e-11,177,"",TRUE,0.577530157264525,"saddlepoint",FALSE
"C","gene0388",56.2932632020336,TRUE,0.745975476217032,9.26379812161808e-11,239,"",TRUE,0.745762965218051,"saddlepoint",FALSE
"C","gene0389",17.535062505191,TRUE,0.985048127357797,9.33110637910996e-11,179,"",TRUE,0.985009023184951,"saddlepoint",FALSE
"C","gene0390",82.7950203780201,TRUE,0.103897956228948,9.6290635621249e-11,236,"",TRUE,0.103739613725106,"saddlepoint",FALSE
"C","gene0391",35.9596771250383,TRUE,0.454873320412757,8.52486451113736e-11,183,"",TRUE,0.454215678228887,"saddlepoint",FALSE
"C","gene0392",70.3416470029735,TRUE,0.295609021407749,9.38093959066896e-11,235,"",TRUE,0.295315921295075,"saddlepoint",FALSE
"C","gene0393",29.8883306532424,TRUE,0.737594166437846,9.22590817761457e-11,184,"",TRUE,0.737109559463365,"saddlepoint",FALSE
"C","gene0394",61.2751193643819,TRUE,0.515426051317955,9.36664922056643e-11,230,"",TRUE,0.51511403136291,"saddlepoint",FALSE
"C","gene0395",35.6054746931605,TRUE,0.547708582670133,9.48936874716443e-11,191,"",TRUE,0.547083950173051,"saddlepoint",FALSE
"C","gene0396",62.6936839623401,TRUE,0.443168943768986,8.78135247893777e-11,232,"",TRUE,0.442834339647025,"saddlepoint",FALSE
"C","gene0397",62.2736902011147,TRUE,0.0287817022811317,9.82331247053291e-11,192,"",TRUE,0.0286648245319023,"saddlepoint",FALSE
"C","gene0398",101.987130490576,TRUE,0.00553235209219199,8.65816054376918e-11,237,"",TRUE,0.00551286128907195,"saddlepoint",FALSE
"C","gene0399",39.7798140192764,TRUE,0.463273679278263,8.9499481773208e-11,191,"",TRUE,0.462677077277674,"saddlepoint",FALSE
"C","gene0400",37.4783793334418,TRUE,0.975085378140625,8.7315596593307e-11,234,"",TRUE,0.975049029996672,"saddlepoint",FALSE
"C","gene0401",44.8003919707731,TRUE,0.327368012093346,9.43449979056397e-11,198,"",TRUE,0.326796936547402,"saddlepoint",FALSE
"C","gene0402",46.8254137837902,TRUE,0.822769136634074,8.94975169278209e-11,231,"",TRUE,0.822570291843117,"saddlepoint",FALSE
"C","gene0403",34.3370697576966,TRUE,0.740674282284194,9.76907545743172e-11,196,"",TRUE,0.740275129827874,"saddlepoint",FALSE
"C","gene0404",53.8718979764096,TRUE,0.591692816454141,8.85032825021295e-11,231,"",TRUE,0.591356153755505,"saddlepoint",FALSE
"C","gene0405",39.3271819679513,TRUE,0.591118414586462,9.74155690467403e-11,206,"",TRUE,0.590598512182274,"saddlepoint",FALSE
"C","gene0406",62.0261481426536,TRUE,0.318967188307257,9.76935784872957e-11,232,"",TRUE,0.318606167514717,"saddlepoint",FALSE
"C","gene0407",39.7737097297013,TRUE,0.610687314975488,9.92915786483112e-11,205,"",TRUE,0.610195865576442,"saddlepoint",FALSE
"C","gene0408",67.9544599714014,TRUE,0.170074479794952,8.74416459378802e-11,227,"",TRUE,0.169809261762983,"saddlepoint",FALSE
"C","gene0409",43.1899598769882,TRUE,0.520994626494565,9.68788225097668e-11,214,"",TRUE,0.520480352654826,"saddlepoint",FALSE
"C","gene0410",66.2818493257173,TRUE,0.180131563568767,9.45385281560587e-11,234,"",TRUE,0.179828690612984,"saddlepoint",FALSE
"C","gene0411",49.7562417376489,TRUE,0.33755172343997,9.48136946016774e-11,213,"",TRUE,0.337089553561277,"saddlepoint",FALSE
"C","gene0412",42.0380104587443,TRUE,0.829565974236583,9.39226781201605e-11,227,"",TRUE,0.82934406171277,"saddlepoint",FALSE
"C","gene0413",68.276976693216,TRUE,0.0504535338238867,9.45189816171921e-11,222,"",TRUE,0.0502973028236669,"saddlepoint",FALSE
"C","gene0414",48.0852668935487,TRUE,0.620782496456847,8.85756604239278e-11,232,"",TRUE,0.620388494102885,"saddlepoint",FALSE
"C","gene0415",51.1226827514127,TRUE,0.359351624117192,9.75975950989576e-11,216,"",TRUE,0.358878302397727,"saddlepoint",FALSE
"C","gene0416",53.9463861021008,TRUE,0.399159237715089,8.70734757083338e-11,224,"",TRUE,0.398715720580714,"saddlepoint",FALSE
"C","gene0417",35.865356977809,TRUE,0.872405774140569,9.36271118143553e-11,221,"",TRUE,0.872199733149405,"saddlepoint",FALSE
"C","gene0418",45.0506455933509,TRUE,0.657833600445449,8.96337396666391e-11,229,"",TRUE,0.657432853895336,"saddlepoint",FALSE
"C","gene0419",49.3878643864925,TRUE,0.478940239899582,8.9566200701767e-11,229,"",TRUE,0.478487215483032,"saddlepoint",FALSE
"C","gene0420",72.5097153597073,TRUE,0.0473100010651858,9.75918597236752e-11,223,"",TRUE,0.0471760868844807,"saddlepoint",FALSE
"C","gene0421",73.8653303625081,TRUE,0.0460090375718695,8.70644689156264e-11,225,"",TRUE,0.0458906786916088,"saddlepoint",FALSE
"C","gene0422",61.6641749114218,TRUE,0.145872769260329,9.23224006466918e-11,228,"",TRUE,0.145542388624493,"saddlepoint",FALSE
"C","gene0423",62.6079394451516,TRUE,0.187799906745233,9.79003400699771e-11,236,"",TRUE,0.187454671102024,"saddlepoint",FALSE
"C","gene0424",74.5814048427072,TRUE,0.0263470882123653,9.71229391940991e-11,218,"",TRUE,0.0262480204322941,"saddlepoint",FALSE
"C","gene0425",55.9909718304246,TRUE,0.369525352946873,9.14335557679162e-11,235,"",TRUE,0.369097425973532,"saddlepoint",FALSE
"C","gene0426",45.5370120265079,TRUE,0.507369384884319,8.76701200243184e-11,220,"",TRUE,0.506852214736888,"saddlepoint",FALSE
"C","gene0427",32.6741418911988,TRUE,0.974779364508946,9.51162634982641e-11,243,"",TRUE,0.974734641787711,"saddlepoint",FALSE
"C","gene0428",57.0265703290698,TRUE,0.167374140654041,9.83641696198322e-11,226,"",TRUE,0.166972818281591,"saddlepoint",FALSE
"C","gene0429",40.1497598605224,TRUE,0.887878564545134,9.66175245278172e-11,238,"",TRUE,0.88771423004828,"saddlepoint",FALSE
"C","gene0430",67.5004501553113,TRUE,0.0420994340960535,9.30352679661198e-11,221,"",TRUE,0.0419474406591125,"saddlepoint",FALSE
"C","gene0431",56.2437711165579,TRUE,0.452946332745893,8.9307374863401e-11,252,"",TRUE,0.452515699302408,"saddlepoint",FALSE
"C","gene0432",56.9544606701742,TRUE,0.131671321355315,9.50645860859148e-11,215,"",TRUE,0.131334997146957,"saddlepoint",FALSE
"C","gene0433",49.8798581460247,TRUE,0.683437519904427,9.917980342165e-11,248,"",TRUE,0.683109903688696,"saddlepoint",FALSE
"C","gene0434",35.4384263927968,TRUE,0.728277893168564,9.73529328440921e-11,230,"",TRUE,0.727817347850393,"saddlepoint",FALSE
"C","gene0435",55.6161583303003,TRUE,0.534095506796329,9.60137965227287e-11,255,"",TRUE,0.533721738228545,"saddlepoint",FALSE
"C","gene0436",47.1862388528823,TRUE,0.290287622576948,8.86803319579549e-11,215,"",TRUE,0.289729094248202,"saddlepoint",FALSE
"C","gene0437",48.0583153002167,TRUE,0.786328992839105,8.80923287332851e-11,254,"",TRUE,0.786071400218707,"saddlepoint",FALSE
"C","gene0438",38.1104905260298,TRUE,0.559949263896699,9.59814813348767e-11,219,"",TRUE,0.559319772090723,"saddlepoint",FALSE
"C","gene0439",51.4900641051269,TRUE,0.716582490290774,8.88209942336189e-11,265,"",TRUE,0.7162810271673,"saddlepoint",FALSE
"C","gene0440",28.6867786756383,TRUE,0.856144096904242,9.50421423962129e-11,217,"",TRUE,0.855828942378823,"saddlepoint",FALSE
"C","gene0441",69.8931917436421,TRUE,0.238889848673497,9.0620893167942e-11,264,"",TRUE,0.238576789156916,"saddlepoint",FALSE
"C","gene0442",33.5266042126167,TRUE,0.662044542200988,9.48596273146057e-11,218,"",TRUE,0.661448206735653,"saddlepoint",FALSE
"C","gene0443",50.8853986757492,TRUE,0.783341119001475,9.60324408427575e-11,262,"",TRUE,0.783105306396905,"saddlepoint",FALSE
"C","gene0444",45.6095139099708,TRUE,0.219049918158762,9.9109153392854e-11,217,"",TRUE,0.218393375529321,"saddlepoint",FALSE
"C","gene0445",69.0288378089708,TRUE,0.304499411236302,9.26945823700662e-11,277,"",TRUE,0.304163373389608,"saddlepoint",FALSE
"C","gene0446",23.8367856588509,TRUE,0.913317890782232,9.23235721813492e-11,219,"",TRUE,0.913085483707386,"saddlepoint",FALSE
"C","gene0447",58.7182791107766,TRUE,0.616926241971175,8.82015267029621e-11,273,"",TRUE,0.616613689599007,"saddlepoint",FALSE
"C","gene0448",31.0852144027202,TRUE,0.64659035731205,9.77711097846501e-11,215,"",TRUE,0.645896872052463,"saddlepoint",FALSE
"C","gene0449",90.8072946780503,TRUE,0.0484147406787767,9.12990472611529e-11,283,"",TRUE,0.0483096859860969,"saddlepoint",FALSE
"C","gene0450",30.4542097600776,TRUE,0.633546548752996,9.82359740970586e-11,215,"",TRUE,0.632806469627489,"saddlepoint",FALSE
"C","gene0451",50.7883563308035,TRUE,0.862428756511325,9.4201442707529e-11,286,"",TRUE,0.862257826121181,"saddlepoint",FALSE
"C","gene0452",34.3154706114029,TRUE,0.436950819566883,9.53152353051767e-11,210,"",TRUE,0.436051463434021,"saddlepoint",FALSE
"C","gene0453",51.0185050338518,TRUE,0.874823507856403,9.96628354930224e-11,286,"",TRUE,0.874678380750049,"saddlepoint",FALSE
"C","gene0454",47.023003705327,TRUE,0.0918820763550725,9.47554096818182e-11,206,"",TRUE,0.0914368124995196,"saddlepoint",FALSE
"C","gene0455",67.4593145710661,TRUE,0.477996015373561,9.09607332489314e-11,292,"",TRUE,0.477661810525512,"saddlepoint",FALSE
"C","gene0456",39.3891589409116,TRUE,0.207338897590971,9.54483385775043e-11,210,"",TRUE,0.206552580393112,"saddlepoint",FALSE
"C","gene0457",55.2331447033415,TRUE,0.826339045206435,9.14880529732758e-11,286,"",TRUE,0.826154717437752,"saddlepoint",FALSE
"C","gene0458",24.048447771836,TRUE,0.745192728610778,8.99591444088535e-11,206,"",TRUE,0.744485572821064,"saddlepoint",FALSE
"C","gene0459",114.895846284572,TRUE,0.00588200371133585,9.05181759083308e-11,293,"",TRUE,0.00586556438235089,"saddlepoint",FALSE
"C","gene0460",31.8441569606278,TRUE,0.372887873058504,8.98207592288022e-11,203,"",TRUE,0.371852652801663,"saddlepoint",FALSE
"C","gene0461",67.2607993916477,TRUE,0.56577817242314,8.939330764339e-11,302,"",TRUE,0.565474781179616,"saddlepoint",FALSE
"C","gene0462",28.0267538377024,TRUE,0.486566599277425,8.88007792841129e-11,203,"",TRUE,0.485485605105259,"saddlepoint",FALSE
"C","gene0463",55.7201152325908,TRUE,0.868103182863433,9.28861460945847e-11,301,"",TRUE,0.867961006276679,"saddlepoint",FALSE
"C","gene0464",35.5993088277139,TRUE,0.189107188854196,9.01130497261635e-11,202,"",TRUE,0.188225446594367,"saddlepoint",FALSE
"C","gene0465",57.141732252698,TRUE,0.857555567348817,9.4206727271548e-11,308,"",TRUE,0.857405839794554,"saddlepoint",FALSE
"C","gene0466",28.0765701768441,TRUE,0.39704722537716,9.54550756471738e-11,198,"",TRUE,0.395801951118459,"saddlepoint",FALSE
"C","gene0467",77.8622421740128,TRUE,0.368247859173797,9.51593541920377e-11,306,"",TRUE,0.36795248657606,"saddlepoint",FALSE
"C","gene0468",27.3740370054663,TRUE,0.382968500269123,9.57125008589632e-11,204,"",TRUE,0.38161113003387,"saddlepoint",FALSE
"C","gene0469",66.613132251945,TRUE,0.685554507665539,9.38828295161433e-11,317,"",TRUE,0.685305497569488,"saddlepoint",FALSE
"C","gene0470",19.9728038378196,TRUE,0.68453176276198,8.96608413599245e-11,199,"",TRUE,0.683431299874154,"saddlepoint",FALSE
"C","gene0471",79.5684306832863,TRUE,0.37690681114002,9.49730119851819e-11,311,"",TRUE,0.376626592816622,"saddlepoint",FALSE
"C","gene0472",29.7106615475384,TRUE,0.223717030350785,9.79552270460177e-11,196,"",TRUE,0.222448053624294,"saddlepoint",FALSE
"C","gene0473",106.301034925929,TRUE,0.0442175316564676,9.81986734223568e-11,321,"",TRUE,0.0441406743576383,"saddlepoint",FALSE
"C","gene0474",23.3277451668346,TRUE,0.422860574197004,9.16365763652116e-11,189,"",TRUE,0.421284988219039,"saddlepoint",FALSE
"C","gene0475",69.2391500383426,TRUE,0.69051739899875,9.35972647585388e-11,321,"",TRUE,0.690288058279764,"saddlepoint",FALSE
"C","gene0476",40.3732305066686,TRUE,0.0311696220659863,9.94123673897333e-11,185,"",TRUE,0.030812270008449,"saddlepoint",FALSE
"C","gene0477",85.1026869625728,TRUE,0.323089105571163,9.08871068141213e-11,328,"",TRUE,0.322821834764264,"saddlepoint",FALSE
"C","gene0478",21.3214034571593,TRUE,0.419169633156429,9.96446597109624e-11,194,"",TRUE,0.417220331387356,"saddlepoint",FALSE
"C","gene0479",28.9042048520259,TRUE,0.128488224680923,9.84496159725165e-11,190,"",TRUE,0.127109582715108,"saddlepoint",FALSE
"C","gene0480",84.2117052228282,TRUE,0.365465666433472,9.31685290982837e-11,336,"",TRUE,0.365198194924492,"saddlepoint",FALSE
"C","gene0481",35.7948230080744,TRUE,0.0537904541065807,9.33365786460853e-11,191,"",TRUE,0.0531465689258607,"saddlepoint",FALSE
"C","gene0482",77.77431983358,TRUE,0.495858475404123,9.90884862226218e-11,333,"",TRUE,0.495582809294833,"saddlepoint",FALSE
"C","gene0483",15.4121872323919,TRUE,0.778065326061903,9.6334720148944e-11,199,"",TRUE,0.777045987379695,"saddlepoint",FALSE
"C","gene0484",65.8361820763427,TRUE,0.769896244624611,9.57977837681701e-11,329,"",TRUE,0.769697640084224,"saddlepoint",FALSE
"C","gene0485",23.0168689616702,TRUE,0.435735990156651,9.75059201674226e-11,210,"",TRUE,0.43393339818845,"saddlepoint",FALSE
"C","gene0486",89.2360467180427,TRUE,0.207132081200261,9.44079270055048e-11,335,"",TRUE,0.206903528943124,"saddlepoint",FALSE
"C","gene0487",39.9876717541314,TRUE,0.0522423153188422,9.1102787694395e-11,201,"",TRUE,0.0517210474391576,"saddlepoint",FALSE
"C","gene0488",64.5700525779608,TRUE,0.755433898606627,9.11509094115096e-11,329,"",TRUE,0.755212176233484,"saddlepoint",FALSE
"C","gene0489",30.3296621251436,TRUE,0.24006745593294,9.58744165329740e-11,208,"",TRUE,0.238798978055382,"saddlepoint",FALSE
"C","gene0490",46.6495468328883,TRUE,0.983147032772491,9.99888410458706e-11,333,"",TRUE,0.983122690843123,"saddlepoint",FALSE
"C","gene0491",28.4482011116107,TRUE,0.340716491861303,9.10085832107714e-11,219,"",TRUE,0.339306829185078,"saddlepoint",FALSE
"C","gene0492",52.8639763774603,TRUE,0.930435481120799,9.13583113239941e-11,332,"",TRUE,0.93034607225703,"saddlepoint",FALSE
"C","gene0493",20.2718981760809,TRUE,0.749611504622422,9.77451159833546e-11,221,"",TRUE,0.748680292843339,"saddlepoint",FALSE
"C","gene0494",67.2703980170823,TRUE,0.615102649207342,9.95467642236729e-11,337,"",TRUE,0.614807018877484,"saddlepoint",FALSE
"C","gene0495",17.136680107943,TRUE,0.897356692150801,8.91063321761289e-11,224,"",TRUE,0.896936646440241,"saddlepoint",FALSE
"C","gene0496",66.0797155876703,TRUE,0.620689869677957,9.2044676947619e-11,328,"",TRUE,0.620382033745765,"saddlepoint",FALSE
"C","gene0497",21.5115665729647,TRUE,0.770039244892465,9.33200404429867e-11,230,"",TRUE,0.769263645363281,"saddlepoint",FALSE
"C","gene0498",78.0721518963861,TRUE,0.294802005979743,9.27053646522513e-11,328,"",TRUE,0.294485886528231,"saddlepoint",FALSE
"C","gene0499",33.2505011098667,TRUE,0.323255657225232,9.38918577760538e-11,231,"",TRUE,0.322144534279149,"saddlepoint",FALSE
"C","gene0500",75.3943123877569,TRUE,0.330199313178603,9.28592637353988e-11,329,"",TRUE,0.329875534456779,"saddlepoint",FALSE
"C","gene0501",37.0444163414016,TRUE,0.242088975949579,9.87012449852817e-11,237,"",TRUE,0.241142234414633,"saddlepoint",FALSE
"C","gene0502",56.8676598432291,TRUE,0.782264168579829,9.68916866227534e-11,334,"",TRUE,0.782030592691822,"saddlepoint",FALSE
"C","gene0503",45.100585548747,TRUE,0.1068285967493,9.07760869511137e-11,246,"",TRUE,0.106121816684572,"saddlepoint",FALSE
"C","gene0504",75.7306301549974,TRUE,0.277864425766444,9.98103138224841e-11,327,"",TRUE,0.277535760817141,"saddlepoint",FALSE
"C","gene0505",48.8352871388694,TRUE,0.0778472906407102,9.82412352423107e-11,248,"",TRUE,0.0774382199037893,"saddlepoint",FALSE
"C","gene0506",56.0197851118601,TRUE,0.757532837712083,9.03338017994686e-11,327,"",TRUE,0.757256549432,"saddlepoint",FALSE
"C","gene0507",32.2026554925112,TRUE,0.516319931822285,9.37573614665649e-11,248,"",TRUE,0.515341481726499,"saddlepoint",FALSE
"C","gene0508",77.8508600185151,TRUE,0.199658554573707,9.90935514525414e-11,331,"",TRUE,0.199373804799475,"saddlepoint",FALSE
"C","gene0509",53.7543282662345,TRUE,0.0567007797090588,9.43242174362806e-11,256,"",TRUE,0.056319289962608,"saddlepoint",FALSE
"C","gene0510",64.2216868932622,TRUE,0.481959497107523,9.3038612296141e-11,322,"",TRUE,0.481579224913228,"saddlepoint",FALSE
"C","gene0511",51.4677616103973,TRUE,0.0887421718720046,9.76359360656438e-11,255,"",TRUE,0.0882670020890193,"saddlepoint",FALSE
"C","gene0512",50.8052581034896,TRUE,0.816312517512373,9.61571268030988e-11,321,"",TRUE,0.816069478488539,"saddlepoint",FALSE
"C","gene0513",40.3545017809639,TRUE,0.336054060089933,9.3712604245632e-11,259,"",TRUE,0.335207414668259,"saddlepoint",FALSE
"C","gene0514",68.5984571800947,TRUE,0.318240385028053,9.90078009811476e-11,328,"",TRUE,0.317831355934003,"saddlepoint",FALSE
"C","gene0515",29.5126280500144,TRUE,0.764101500872857,9.22929810375818e-11,265,"",TRUE,0.763529351959746,"saddlepoint",FALSE
"C","gene0516",78.6115080471299,TRUE,0.127491214426864,9.11626438942527e-11,327,"",TRUE,0.127215436804372,"saddlepoint",FALSE
"C","gene0517",48.8535909752368,TRUE,0.180650948045104,9.08158376516748e-11,264,"",TRUE,0.180053457961943,"saddlepoint",FALSE
"C","gene0518",48.3083935394211,TRUE,0.809925759758194,9.34896994889134e-11,331,"",TRUE,0.809647278899323,"saddlepoint",FALSE
"C","gene0519",26.1373521672222,TRUE,0.905528227091982,9.15178595883512e-11,280,"",TRUE,0.90525673463025,"saddlepoint",FALSE
"C","gene0520",60.995935396191,TRUE,0.431102385697863,9.66705683601646e-11,331,"",TRUE,0.430646382867353,"saddlepoint",FALSE
"C","gene0521",40.167265242794,TRUE,0.479019070162353,9.4484529412648e-11,283,"",TRUE,0.478263321838156,"saddlepoint",FALSE
"C","gene0522",54.5587142443023,TRUE,0.588016104812722,9.7722587563253e-11,325,"",TRUE,0.587574437128312,"saddlepoint",FALSE
"C","gene0523",30.0223844477179,TRUE,0.851585908184921,9.66738674247451e-11,286,"",TRUE,0.851202876822371,"saddlepoint",FALSE
"C","gene0524",58.0971552344924,TRUE,0.454755789788382,9.12153177426087e-11,330,"",TRUE,0.454258372285993,"saddlepoint",FALSE
"C","gene0525",52.3982604552804,TRUE,0.200504065737401,9.22194636193002e-11,289,"",TRUE,0.199897709453674,"saddlepoint",FALSE
"C","gene0526",43.2883998812359,TRUE,0.842814125465957,9.91484822303497e-11,324,"",TRUE,0.842548321363463,"saddlepoint",FALSE
"C","gene0527",64.8374253934358,TRUE,0.059616502009678,9.70666480136148e-11,285,"",TRUE,0.0593429939496958,"saddlepoint",FALSE
"C","gene0528",59.7082021745595,TRUE,0.355542011047423,9.78289020430421e-11,329,"",TRUE,0.355018918043491,"saddlepoint",FALSE
"C","gene0529",64.1106650495425,TRUE,0.074404171462136,9.9486640442719e-11,288,"",TRUE,0.0740913267400144,"saddlepoint",FALSE
"C","gene0530",69.5824722396715,TRUE,0.142364137586713,9.53270210706826e-11,324,"",TRUE,0.142011443742159,"saddlepoint",FALSE
"C","gene0531",40.5451243502598,TRUE,0.634197923413842,9.4246994973915e-11,298,"",TRUE,0.633592523997396,"saddlepoint",FALSE
"C","gene0532",56.6441304466484,TRUE,0.381427996814057,9.74009865275204e-11,321,"",TRUE,0.380889693889571,"saddlepoint",FALSE
"C","gene0533",44.9570385515003,TRUE,0.518248222285678,9.40974165448451e-11,300,"",TRUE,0.517568212848235,"saddlepoint",FALSE
"C","gene0534",69.8229547828506,TRUE,0.111388139346948,9.27781172201103e-11,330,"",TRUE,0.111075071086202,"saddlepoint",FALSE
"C","gene0535",64.7718201387196,TRUE,0.102833440003106,9.5940886908185e-11,310,"",TRUE,0.102494979535612,"saddlepoint",FALSE
"C","gene0536",55.3651301638652,TRUE,0.359924889434073,9.4119310272995e-11,320,"",TRUE,0.35935550272427,"saddlepoint",FALSE
"C","gene0537",30.124687992214,TRUE,0.953673667034972,9.99407485480046e-11,319,"",TRUE,0.953557391115025,"saddlepoint",FALSE
"C","gene0538",58.2769679652304,TRUE,0.263218760396672,9.12026320350895e-11,318,"",TRUE,0.262727077792255,"saddlepoint",FALSE
"C","gene0539",43.1245364015949,TRUE,0.671552241328363,9.42825251464691e-11,318,"",TRUE,0.671007029610808,"saddlepoint",FALSE
"C","gene0540",80.9914856974205,TRUE,0.0219597386592922,9.2650364485504e-11,315,"",TRUE,0.0218576723282873,"saddlepoint",FALSE
"C","gene0541",69.4714769851154,TRUE,0.0921906223467724,9.3504531374633e-11,321,"",TRUE,0.0918789843036386,"saddlepoint",FALSE
"C","gene0542",43.3389513389754,TRUE,0.634174393197817,9.52260217294137e-11,321,"",TRUE,0.633587155654746,"saddlepoint",FALSE
"C","gene0543",90.9020159010194,TRUE,0.00917836601713832,9.8254801376204e-11,330,"",TRUE,0.00913228846688839,"saddlepoint",FALSE
"C","gene0544",83.2028827500297,TRUE,0.0124399631958666,9.43397831642406e-11,314,"",TRUE,0.0123633605536916,"saddlepoint",FALSE
"C","gene0545",80.9612846024065,TRUE,0.0347226022875641,9.59745203232484e-11,333,"",TRUE,0.0345810773942955,"saddlepoint",FALSE
"C","gene0546",44.0945581036877,TRUE,0.545647954281142,9.47034327044086e-11,312,"",TRUE,0.544962902931841,"saddlepoint",FALSE
"C","gene0547",65.2562838701948,TRUE,0.193199247090911,9.42679506503452e-11,338,"",TRUE,0.192735811136314,"saddlepoint",FALSE
"C","gene0548",49.1042174890065,TRUE,0.359151939029114,9.64449443701873e-11,310,"",TRUE,0.358430798771246,"saddlepoint",FALSE
"C","gene0549",49.7681518063438,TRUE,0.611359323307824,9.88680591389179e-11,338,"",TRUE,0.610839591190355,"saddlepoint",FALSE
"C","gene0550",45.9629718940088,TRUE,0.42093468363549,9.53400491150377e-11,314,"",TRUE,0.420160143811495,"saddlepoint",FALSE
"C","gene0551",42.979424521228,TRUE,0.824826129824177,9.82892867573346e-11,349,"",TRUE,0.824518096752316,"saddlepoint",FALSE
"C","gene0552",29.6844627442798,TRUE,0.894789390182515,9.08848530830654e-11,308,"",TRUE,0.89449957247516,"saddlepoint",FALSE
"C","gene0553",55.1876289793574,TRUE,0.507911449004298,9.75447386167456e-11,355,"",TRUE,0.50738022999402,"saddlepoint",FALSE
"C","gene0554",35.5593925264621,TRUE,0.704446572564427,9.21073754918920e-11,311,"",TRUE,0.703796520441744,"saddlepoint",FALSE
"C","gene0555",70.4156620236043,TRUE,0.182420278842905,9.56326736008782e-11,359,"",TRUE,0.182018152432743,"saddlepoint",FALSE
"C","gene0556",38.923860395935,TRUE,0.554089389637379,9.35891069503425e-11,312,"",TRUE,0.553306107100998,"saddlepoint",FALSE
"C","gene0557",55.7775775927229,TRUE,0.547813582922137,9.91868179386554e-11,374,"",TRUE,0.547280080200765,"saddlepoint",FALSE
"C","gene0558",35.2430188304984,TRUE,0.650947954018652,9.79151303223333e-11,312,"",TRUE,0.650175097646282,"saddlepoint",FALSE
"C","gene0559",40.0278809279598,TRUE,0.936639253042425,9.83835114071185e-11,363,"",TRUE,0.936509759675441,"saddlepoint",FALSE
"C","gene0560",34.509038308628,TRUE,0.643138538795039,9.59597881299186e-11,303,"",TRUE,0.642339662273809,"saddlepoint",FALSE
"C","gene0561",44.3328870441875,TRUE,0.885070234649683,9.6018047191556e-11,373,"",TRUE,0.884868961124044,"saddlepoint",FALSE
"C","gene0562",27.4850471586074,TRUE,0.845004148521606,9.59180187533326e-11,307,"",TRUE,0.844536082192852,"saddlepoint",FALSE
"C","gene0563",36.4661187443516,TRUE,0.980089347328403,9.50703350679344e-11,370,"",TRUE,0.980046587807027,"saddlepoint",FALSE
"C","gene0564",34.9582130588937,TRUE,0.555421470170462,9.53978641416754e-11,305,"",TRUE,0.554479103425304,"saddlepoint",FALSE
"C","gene0565",59.4799503192634,TRUE,0.553624224515021,9.22059861731446e-11,374,"",TRUE,0.55316247315273,"saddlepoint",FALSE
"C","gene0566",34.2635438533092,TRUE,0.544000182983684,9.24938571914002e-11,309,"",TRUE,0.542932719507838,"saddlepoint",FALSE
"C","gene0567",44.1806835089535,TRUE,0.923965249624018,9.52232972377745e-11,384,"",TRUE,0.923825726645028,"saddlepoint",FALSE
"C","gene0568",21.6983721460976,TRUE,0.92572602510527,9.8715868107873e-11,305,"",TRUE,0.925446311502618,"saddlepoint",FALSE
"C","gene0569",55.7569007881753,TRUE,0.706535393746023,9.94179119454333e-11,388,"",TRUE,0.706158213840296,"saddlepoint",FALSE
"C","gene0570",39.3068572820396,TRUE,0.30531425424461,9.26253405030518e-11,300,"",TRUE,0.3042810643023,"saddlepoint",FALSE
"C","gene0571",80.5791340999146,TRUE,0.166600551623027,9.45291533851339e-11,387,"",TRUE,0.166285452825154,"saddlepoint",FALSE
"C","gene0572",24.9491399038116,TRUE,0.789962733692861,9.7803340079472e-11,299,"",TRUE,0.789244809311093,"saddlepoint",FALSE
"C","gene0573",51.5021191623463,TRUE,0.844859134795517,9.68400958923678e-11,405,"",TRUE,0.844616184354934,"saddlepoint",FALSE
"C","gene0574",21.0755834117587,TRUE,0.884252101580937,9.42520223109686e-11,300,"",TRUE,0.883782031391816,"saddlepoint",FALSE
"C","gene0575",93.4533810665092,TRUE,0.0664732912553354,9.99242094775442e-11,402,"",TRUE,0.066309456553708,"saddlepoint",FALSE
"C","gene0576",40.2194449067213,TRUE,0.199054630251436,9.17577457700165e-11,288,"",TRUE,0.198025360104727,"saddlepoint",FALSE
"C","gene0577",95.0239666896323,TRUE,0.0638393502983755,9.53673234675191e-11,408,"",TRUE,0.0636904988941552,"saddlepoint",FALSE
"C","gene0578",59.5513951310005,TRUE,0.0154786903286198,9.6504334959422e-11,302,"",TRUE,0.0153067662332939,"saddlepoint",FALSE
"C","gene0579",66.6498059475514,TRUE,0.544712506903639,9.72633486338165e-11,409,"",TRUE,0.5442922660281,"saddlepoint",FALSE
"C","gene0580",22.7506654143376,TRUE,0.739131571078084,9.171600604636e-11,296,"",TRUE,0.738076250106207,"saddlepoint",FALSE
"C","gene0581",67.4333559697101,TRUE,0.549691759822552,9.75165575459874e-11,417,"",TRUE,0.549279558884321,"saddlepoint",FALSE
"C","gene0582",10.5598044458559,TRUE,0.995340453762878,9.79481228654926e-11,293,"",TRUE,0.995315836678532,"saddlepoint",FALSE
"C","gene0583",67.5560845127711,TRUE,0.571134913534608,9.97782612826084e-11,429,"",TRUE,0.570722792663769,"saddlepoint",FALSE
"C","gene0584",29.8976577047409,TRUE,0.365795174354519,9.7609510372413e-11,293,"",TRUE,0.36423834013906,"saddlepoint",FALSE
"C","gene0585",53.2812585042219,TRUE,0.899729647603359,9.44720795733114e-11,430,"",TRUE,0.899572176460647,"saddlepoint",FALSE
"C","gene0586",17.3634505949545,TRUE,0.848315442865371,9.99175111681024e-11,285,"",TRUE,0.847534804396984,"saddlepoint",FALSE
"C","gene0587",60.1472378667254,TRUE,0.794181963851795,9.53403295981398e-11,427,"",TRUE,0.793922951198095,"saddlepoint",FALSE
"C","gene0588",18.9350407809257,TRUE,0.753251947252171,9.52753616560893e-11,288,"",TRUE,0.752062337009161,"saddlepoint",FALSE
"C","gene0589",94.1397361501052,TRUE,0.127864058596727,9.33984851264613e-11,433,"",TRUE,0.127636575471293,"saddlepoint",FALSE
"C","gene0590",50.6435572529072,TRUE,0.0170847611620118,9.32596954847896e-11,295,"",TRUE,0.0168100713019036,"saddlepoint",FALSE
"C","gene0591",75.6928725661413,TRUE,0.46743312799015,9.58548576884127e-11,446,"",TRUE,0.467022044512438,"saddlepoint",FALSE
"C","gene0592",19.484407755871,TRUE,0.643141258099529,9.186045918071e-11,277,"",TRUE,0.641387741781219,"saddlepoint",FALSE
"C","gene0593",70.8619235131249,TRUE,0.60887571637686,9.92052895994883e-11,455,"",TRUE,0.608514235438584,"saddlepoint",FALSE
"C","gene0594",35.4956685803897,TRUE,0.0960812283097562,9.62864940773703e-11,287,"",TRUE,0.0948885244628949,"saddlepoint",FALSE
"C","gene0595",60.8055811027404,TRUE,0.84752364883363,9.96491621857443e-11,458,"",TRUE,0.847319985244557,"saddlepoint",FALSE
"C","gene0596",15.1326059558687,TRUE,0.769208532024438,9.99446144334809e-11,272,"",TRUE,0.767786133108695,"saddlepoint",FALSE
"C","gene0597",68.3950670430483,TRUE,0.711638896399042,9.41893879514641e-11,474,"",TRUE,0.711335978252831,"saddlepoint",FALSE
"C","gene0598",21.1016009486062,TRUE,0.423610300748312,9.90681379704587e-11,272,"",TRUE,0.421423412948893,"saddlepoint",FALSE
"C","gene0599",23.9689071698931,TRUE,0.267196609289627,9.80864622922122e-11,277,"",TRUE,0.264727950720322,"saddlepoint",FALSE
"C","gene0600",73.8408630655223,TRUE,0.606553360643421,9.46915675753036e-11,469,"",TRUE,0.606214599664456,"saddlepoint",FALSE
"C","gene0601",10.9888462673975,TRUE,0.910891960209948,9.19412739843438e-11,283,"",TRUE,0.910240212017891,"saddlepoint",FALSE
"C","gene0602",47.6795694095065,TRUE,0.98499165868737,9.85305764929223e-11,468,"",TRUE,0.984964829847778,"saddlepoint",FALSE
"C","gene0603",12.3848240528223,TRUE,0.886850206215841,9.93082783975335e-11,288,"",TRUE,0.886062844683554,"saddlepoint",FALSE
"C","gene0604",77.8990448321486,TRUE,0.462492718783374,9.95416130165211e-11,469,"",TRUE,0.462076016633438,"saddlepoint",FALSE
"C","gene0605",32.3662567096834,TRUE,0.145907073263249,9.78345915565726e-11,302,"",TRUE,0.144339737648548,"saddlepoint",FALSE
"C","gene0606",89.2005947810864,TRUE,0.221418252229254,9.57734968805649e-11,477,"",TRUE,0.22110435975003,"saddlepoint",FALSE
"C","gene0607",25.597835745976,TRUE,0.366663241211008,9.63029161082062e-11,308,"",TRUE,0.364477518911926,"saddlepoint",FALSE
"C","gene0608",56.4735489328354,TRUE,0.887455225034754,9.88211237016104e-11,467,"",TRUE,0.887287030170312,"saddlepoint",FALSE
"C","gene0609",47.9267270348404,TRUE,0.0262238592155529,9.2594315515785e-11,318,"",TRUE,0.0258274729640122,"saddlepoint",FALSE
"C","gene0610",84.7175525625024,TRUE,0.259260646678919,9.32394721869269e-11,471,"",TRUE,0.258876230804521,"saddlepoint",FALSE
"C","gene0611",27.383274942611,TRUE,0.379489447154645,9.53250802403736e-11,317,"",TRUE,0.377528564740708,"saddlepoint",FALSE
"C","gene0612",117.899217478865,TRUE,0.0138584839255425,9.40797284911324e-11,467,"",TRUE,0.0138078635837313,"saddlepoint",FALSE
"C","gene0613",26.5738945787274,TRUE,0.451851843163174,9.35042385858363e-11,309,"",TRUE,0.45014585917285,"saddlepoint",FALSE
"C","gene0614",67.0836687916523,TRUE,0.60396085814039,9.69612048529016e-11,465,"",TRUE,0.603551277314431,"saddlepoint",FALSE
"C","gene0615",26.7200835341226,TRUE,0.486002435272585,9.4305255824486e-11,325,"",TRUE,0.48431250181339,"saddlepoint",FALSE
"C","gene0616",57.7903222795187,TRUE,0.798764697079131,9.73711684199019e-11,469,"",TRUE,0.798473593606146,"saddlepoint",FALSE
"C","gene0617",39.3420103245807,TRUE,0.151736560784169,9.41564841502526e-11,315,"",TRUE,0.150699292446632,"saddlepoint",FALSE
"C","gene0618",55.9388141079645,TRUE,0.81884196051292,9.61163792328502e-11,462,"",TRUE,0.818568581517501,"saddlepoint",FALSE
"C","gene0619",36.844253957148,TRUE,0.227705271655519,9.6124484348821e-11,336,"",TRUE,0.226336614643878,"saddlepoint",FALSE
"C","gene0620",49.2268831541603,TRUE,0.91483164644379,9.66739329105563e-11,471,"",TRUE,0.914676300619533,"saddlepoint",FALSE
"C","gene0621",47.899786355675,TRUE,0.0755774324457154,9.7795676992727e-11,338,"",TRUE,0.0749952092585113,"saddlepoint",FALSE
"C","gene0622",58.8960820552884,TRUE,0.712206714364509,9.87852721173223e-11,458,"",TRUE,0.711823041606744,"saddlepoint",FALSE
"C","gene0623",15.2063430580924,TRUE,0.974281046891754,9.50214867185238e-11,347,"",TRUE,0.974139976180323,"saddlepoint",FALSE
"C","gene0624",51.2377372873691,TRUE,0.855886084507234,9.80784072663818e-11,479,"",TRUE,0.855642831495056,"saddlepoint",FALSE
"C","gene0625",37.5591121315137,TRUE,0.295479922432296,9.61267366704141e-11,352,"",TRUE,0.294225923566644,"saddlepoint",FALSE
"C","gene0626",77.0059177159408,TRUE,0.244942211904345,9.39898374516419e-11,472,"",TRUE,0.244501498118569,"saddlepoint",FALSE
"C","gene0627",36.5938649748192,TRUE,0.354941818192233,9.83229271112919e-11,373,"",TRUE,0.353494514170695,"saddlepoint",FALSE
"C","gene0628",59.0005047129562,TRUE,0.635629819536543,9.74662369584468e-11,471,"",TRUE,0.63513785687384,"saddlepoint",FALSE
"C","gene0629",34.8099472346832,TRUE,0.446944905261972,9.66916073033217e-11,362,"",TRUE,0.44560975188087,"saddlepoint",FALSE
"C","gene0630",63.9115674336268,TRUE,0.482862926442931,9.3943462763698e-11,466,"",TRUE,0.482314804487666,"saddlepoint",FALSE
"C","gene0631",26.0307306034359,TRUE,0.797441538564282,9.75800730365975e-11,369,"",TRUE,0.796676847095308,"saddlepoint",FALSE
"C","gene0632",55.6210869723627,TRUE,0.674274312948018,9.37275068755433e-11,462,"",TRUE,0.673809237373948,"saddlepoint",FALSE
"C","gene0633",39.2280833587734,TRUE,0.371696953374633,9.57800255665768e-11,375,"",TRUE,0.370569574193903,"saddlepoint",FALSE
"C","gene0634",71.4841871407215,TRUE,0.266924353586265,9.63087538863837e-11,469,"",TRUE,0.26640552639992,"saddlepoint",FALSE
"C","gene0635",44.3913813564456,TRUE,0.262228071373589,9.42383793613513e-11,380,"",TRUE,0.261037196449619,"saddlepoint",FALSE
"C","gene0636",49.3741942401808,TRUE,0.782684875608931,9.88924318953352e-11,467,"",TRUE,0.782302707398684,"saddlepoint",FALSE
"C","gene0637",30.3131965190995,TRUE,0.740764975701478,9.57950932120588e-11,393,"",TRUE,0.739911437148907,"saddlepoint",FALSE
"C","gene0638",35.2777143743313,TRUE,0.976964504371527,9.75143882742807e-11,461,"",TRUE,0.976903505742171,"saddlepoint",FALSE
"C","gene0639",52.876298309842,TRUE,0.148376056607814,9.97740730638262e-11,400,"",TRUE,0.147651736916405,"saddlepoint",FALSE
"C","gene0640",88.2596117851274,TRUE,0.0506998713529433,9.66705335030647e-11,483,"",TRUE,0.0504813645583926,"saddlepoint",FALSE
"C","gene0641",42.5847767605749,TRUE,0.396383465675969,9.37925958145562e-11,401,"",TRUE,0.395376060981491,"saddlepoint",FALSE
"C","gene0642",72.0566708397983,TRUE,0.185173931536456,9.41632436629071e-11,472,"",TRUE,0.18466714337127,"saddlepoint",FALSE
"C","gene0643",35.845500827045,TRUE,0.647240795025754,9.33952878684648e-11,398,"",TRUE,0.646356168887576,"saddlepoint",FALSE
"C","gene0644",34.8301649525179,TRUE,0.96366849412869,9.72253064190388e-11,470,"",TRUE,0.96356988914789,"saddlepoint",FALSE
"C","gene0645",71.1694428305751,TRUE,0.0328787900376188,9.33890098499951e-11,416,"",TRUE,0.0326417158354786,"saddlepoint",FALSE
"C","gene0646",43.3339140554667,TRUE,0.816778886468042,9.3764660803481e-11,464,"",TRUE,0.816366616111323,"saddlepoint",FALSE
"C","gene0647",54.2658194741401,TRUE,0.199968993860783,9.95336210912572e-11,420,"",TRUE,0.199127894685735,"saddlepoint",FALSE
"C","gene0648",54.2322838786092,TRUE,0.499173488042183,9.78801831252873e-11,466,"",TRUE,0.498439729784281,"saddlepoint",FALSE
"C","gene0649",33.1318172151715,TRUE,0.811426593506052,9.36533070604144e-11,421,"",TRUE,0.810857253203048,"saddlepoint",FALSE
"C","gene0650",60.6112955939347,TRUE,0.314062093016974,9.46035932426238e-11,470,"",TRUE,0.313374446826529,"saddlepoint",FALSE
"C","gene0651",36.4816124168738,TRUE,0.739506284802007,9.47288137146361e-11,441,"",TRUE,0.738798226414141,"saddlepoint",FALSE
"C","gene0652",75.8898208859098,TRUE,0.0819110296047872,9.74186147332731e-11,463,"",TRUE,0.0815289198266897,"saddlepoint",FALSE
"C","gene0653",52.8784158480477,TRUE,0.294986212750886,9.41063626222309e-11,437,"",TRUE,0.294148678093767,"saddlepoint",FALSE
"C","gene0654",79.2828097530957,TRUE,0.0534760174558581,9.55406254327454e-11,468,"",TRUE,0.0532110999999931,"saddlepoint",FALSE
"C","gene0655",57.6780190103616,TRUE,0.220190558346373,9.85043083342671e-11,451,"",TRUE,0.219483722076261,"saddlepoint",FALSE
"C","gene0656",89.8658751383871,TRUE,0.0157394251548986,9.77977994268998e-11,457,"",TRUE,0.0156403510994342,"saddlepoint",FALSE
"C","gene0657",61.5794697783056,TRUE,0.17493904878699,9.91978517557446e-11,444,"",TRUE,0.174360761295483,"saddlepoint",FALSE
"C","gene0658",55.4769293068036,TRUE,0.334011954315252,9.53346046854084e-11,454,"",TRUE,0.333250971041092,"saddlepoint",FALSE
"C","gene0659",41.3039495596905,TRUE,0.703979382258445,9.94223857972779e-11,461,"",TRUE,0.703302169282243,"saddlepoint",FALSE
"C","gene0660",66.4655287843518,TRUE,0.127185802091327,9.71680765363137e-11,462,"",TRUE,0.126616779526755,"saddlepoint",FALSE
"C","gene0661",27.7779912530245,TRUE,0.976363772350922,9.50851522085044e-11,463,"",TRUE,0.976280198158509,"saddlepoint",FALSE
"C","gene0662",49.6095694232836,TRUE,0.430712185650323,9.58219270531975e-11,452,"",TRUE,0.429839868237147,"saddlepoint",FALSE
"C","gene0663",44.7354058243202,TRUE,0.65754060628432,9.60655850658007e-11,474,"",TRUE,0.656834909438629,"saddlepoint",FALSE
"C","gene0664",24.7747293210638,TRUE,0.981755495705207,9.96681174549562e-11,449,"",TRUE,0.981685269692724,"saddlepoint",FALSE
"C","gene0665",46.5511370705171,TRUE,0.631701630745557,9.40503798972647e-11,486,"",TRUE,0.630998179473602,"saddlepoint",FALSE
"C","gene0666",79.963943354646,TRUE,0.023567101017525,9.66823515235853e-11,449,"",TRUE,0.0234073495588153,"saddlepoint",FALSE
"C","gene0667",41.2263713910448,TRUE,0.800126623307794,9.47788691063253e-11,494,"",TRUE,0.799634810505238,"saddlepoint",FALSE
"C","gene0668",21.7502134508221,TRUE,0.98969853619137,9.74217488364931e-11,462,"",TRUE,0.989655553713435,"saddlepoint",FALSE
"C","gene0669",64.6380064034772,TRUE,0.236344319982973,9.92522706817073e-11,500,"",TRUE,0.23571878727588,"saddlepoint",FALSE
"C","gene0670",43.3088682859156,TRUE,0.495106455602294,9.82152854054133e-11,461,"",TRUE,0.494110589505855,"saddlepoint",FALSE
"C","gene0671",59.8536951756329,TRUE,0.355638075564338,9.61236533078558e-11,502,"",TRUE,0.354854293972686,"saddlepoint",FALSE
"C","gene0672",24.5276748546853,TRUE,0.958699860247766,9.91979908588833e-11,455,"",TRUE,0.95852671162375,"saddlepoint",FALSE
"C","gene0673",49.3310538240024,TRUE,0.657842970532775,9.71531600286145e-11,515,"",TRUE,0.657183439378817,"saddlepoint",FALSE
"C","gene0674",31.3878128446062,TRUE,0.807018218062687,9.98191160804518e-11,458,"",TRUE,0.806371770500178,"saddlepoint",FALSE
"C","gene0675",49.6679844320232,TRUE,0.673609394536284,9.4426857446487e-11,519,"",TRUE,0.672998658059801,"saddlepoint",FALSE
"C","gene0676",36.875686683109,TRUE,0.605857218038739,9.99050964569162e-11,456,"",TRUE,0.60482493393872,"saddlepoint",FALSE
"C","gene0677",52.1939305828995,TRUE,0.630923743111817,9.9654128211165e-11,521,"",TRUE,0.63027832571829,"saddlepoint",FALSE
"C","gene0678",41.3294671990703,TRUE,0.431878176680583,9.72187647768109e-11,465,"",TRUE,0.43066426369379,"saddlepoint",FALSE
"C","gene0679",70.485881510743,TRUE,0.231706030630944,9.48146524400867e-11,519,"",TRUE,0.231141787620917,"saddlepoint",FALSE
"C","gene0680",36.7067067699733,TRUE,0.547345814029917,9.511704493698e-11,445,"",TRUE,0.546173346808551,"saddlepoint",FALSE
"C","gene0681",70.6336251185633,TRUE,0.248197266457247,9.61720883593982e-11,537,"",TRUE,0.247624345009002,"saddlepoint",FALSE
"C","gene0682",30.2149662997001,TRUE,0.73370918471493,9.97080754549726e-11,458,"",TRUE,0.732742499659598,"saddlepoint",FALSE
"C","gene0683",54.1967795865857,TRUE,0.651340433614817,9.55021404298005e-11,550,"",TRUE,0.650721840303115,"saddlepoint",FALSE
"C","gene0684",69.4212319479628,TRUE,0.0208865553494125,9.72741109666816e-11,444,"",TRUE,0.0206017773767211,"saddlepoint",FALSE
"C","gene0685",43.944415675055,TRUE,0.894069274708228,9.85412042762979e-11,553,"",TRUE,0.893813396479276,"saddlepoint",FALSE
"C","gene0686",33.23783959892,TRUE,0.565096011354574,9.66555855535026e-11,445,"",TRUE,0.563739052331851,"saddlepoint",FALSE
"C","gene0687",69.9349039148679,TRUE,0.321188497797196,9.51335332125686e-11,549,"",TRUE,0.320584055581618,"saddlepoint",FALSE
"C","gene0688",39.2631823224535,TRUE,0.340231266635442,9.94473080815662e-11,447,"",TRUE,0.33880125215603,"saddlepoint",FALSE
"C","gene0689",51.4235282522476,TRUE,0.783252254685711,9.76108062108495e-11,583,"",TRUE,0.782814411020444,"saddlepoint",FALSE
"C","gene0690",31.3035152220845,TRUE,0.565428529698283,9.83753792945137e-11,445,"",TRUE,0.564047472172253,"saddlepoint",FALSE
"C","gene0691",52.7198146855401,TRUE,0.775414118514855,9.55218652115043e-11,583,"",TRUE,0.774996529370364,"saddlepoint",FALSE
"C","gene0692",58.0120982943705,TRUE,0.0426967444991367,9.85515131416044e-11,449,"",TRUE,0.0421612742491567,"saddlepoint",FALSE
"C","gene0693",61.8734338264939,TRUE,0.577019796204746,9.78178590644446e-11,579,"",TRUE,0.576412057155229,"saddlepoint",FALSE
"C","gene0694",29.1977764904238,TRUE,0.5703989977224,9.82370825311496e-11,446,"",TRUE,0.568852499457764,"saddlepoint",FALSE
"C","gene0695",68.4946284758103,TRUE,0.441927261176852,9.77004703810354e-11,581,"",TRUE,0.441308092991454,"saddlepoint",FALSE
"C","gene0696",45.7090232150547,TRUE,0.121915245626372,9.99692486994622e-11,442,"",TRUE,0.120804324733131,"saddlepoint",FALSE
"C","gene0697",76.6607890868961,TRUE,0.295684320819829,9.87344616872401e-11,603,"",TRUE,0.295113509457654,"saddlepoint",FALSE
"C","gene0698",31.7529606370235,TRUE,0.406647536857992,9.83292480641676e-11,451,"",TRUE,0.404630511292327,"saddlepoint",FALSE
"C","gene0699",90.8390709977116,TRUE,0.122044722860324,9.78822647934585e-11,616,"",TRUE,0.121687649694146,"saddlepoint",FALSE
"C","gene0700",32.2789016595682,TRUE,0.356200830884379,9.68350004674177e-11,447,"",TRUE,0.354139498453048,"saddlepoint",FALSE
"C","gene0701",55.9311594500459,TRUE,0.799539633358972,9.5417698102538e-11,614,"",TRUE,0.799171618469419,"saddlepoint",FALSE
"C","gene0702",37.0851341196759,TRUE,0.204240693140411,9.66126725604650e-11,436,"",TRUE,0.202470905177782,"saddlepoint",FALSE
"C","gene0703",48.9020400458207,TRUE,0.923640684346775,9.57050636657408e-11,623,"",TRUE,0.923467261077258,"saddlepoint",FALSE
"C","gene0704",14.7390605524611,TRUE,0.926458752686646,9.68389661537040e-11,437,"",TRUE,0.925932966906155,"saddlepoint",FALSE
"C","gene0705",72.0221870727373,TRUE,0.475965937793167,9.64583790987773e-11,645,"",TRUE,0.475385018440165,"saddlepoint",FALSE
"C","gene0706",20.4253390633189,TRUE,0.697335215002572,9.68665334034023e-11,449,"",TRUE,0.69556081272667,"saddlepoint",FALSE
"C","gene0707",86.3856535232972,TRUE,0.22669124625489,9.9983308633235e-11,628,"",TRUE,0.226209080509679,"saddlepoint",FALSE
"C","gene0708",18.7880977631664,TRUE,0.731285777582803,9.95645977773171e-11,428,"",TRUE,0.729658683035378,"saddlepoint",FALSE
"C","gene0709",76.0259573584926,TRUE,0.432869245254922,9.99589603255767e-11,654,"",TRUE,0.432314536289465,"saddlepoint",FALSE
"C","gene0710",36.4473772943847,TRUE,0.131490697453326,9.86239233184173e-11,439,"",TRUE,0.129791588695577,"saddlepoint",FALSE
"C","gene0711",97.095354748292,TRUE,0.129355557467841,9.91884568186593e-11,649,"",TRUE,0.129037406984535,"saddlepoint",FALSE
"C","gene0712",14.987855820316,TRUE,0.820940198677337,9.89839157362372e-11,429,"",TRUE,0.819559744309855,"saddlepoint",FALSE
"C","gene0713",69.5267742905623,TRUE,0.620846807707006,9.56707079551901e-11,685,"",TRUE,0.620345511348291,"saddlepoint",FALSE
"C","gene0714",11.7163795339775,TRUE,0.912061410613829,9.58292366900343e-11,424,"",TRUE,0.91129580621761,"saddlepoint",FALSE
"C","gene0715",75.7938008073389,TRUE,0.503050841727658,9.94519400100875e-11,670,"",TRUE,0.502518362780838,"saddlepoint",FALSE
"C","gene0716",19.0745334642985,TRUE,0.548262282559991,9.71631145766511e-11,427,"",TRUE,0.545368291956275,"saddlepoint",FALSE
"C","gene0717",122.34317175262,TRUE,0.024504029541817,9.7477989926837e-11,692,"",TRUE,0.0244059059420423,"saddlepoint",FALSE
"C","gene0718",8.95201017169373,TRUE,0.951658362995588,9.68823206880763e-11,417,"",TRUE,0.951179702258399,"saddlepoint",FALSE
"C","gene0719",12.8234276903469,TRUE,0.770605043185651,9.92677726585796e-11,426,"",TRUE,0.768435407237548,"saddlepoint",FALSE
"C","gene0720",70.18013553364,TRUE,0.668124702356607,9.77203568714932e-11,693,"",TRUE,0.66766071716096,"saddlepoint",FALSE
"C","gene0721",16.842782514664,TRUE,0.609789141760134,9.55859037754525e-11,431,"",TRUE,0.606958793268595,"saddlepoint",FALSE
"C","gene0722",86.8728110606029,TRUE,0.305327465977508,9.8615950637742e-11,680,"",TRUE,0.304848536236811,"saddlepoint",FALSE
"C","gene0723",20.6049151658676,TRUE,0.477378385205514,9.86224506466064e-11,437,"",TRUE,0.474081539356955,"saddlepoint",FALSE
"C","gene0724",68.7760413592925,TRUE,0.656762143041293,9.55501546482697e-11,695,"",TRUE,0.656286211651215,"saddlepoint",FALSE
"C","gene0725",19.1548522205935,TRUE,0.588267465897246,9.99669727964718e-11,452,"",TRUE,0.585473714799493,"saddlepoint",FALSE
"C","gene0726",54.824155184889,TRUE,0.897517575108163,9.6652036959792e-11,686,"",TRUE,0.897301963085277,"saddlepoint",FALSE
"C","gene0727",22.1144687345015,TRUE,0.497728121784806,9.99860326911933e-11,469,"",TRUE,0.494751174017898,"saddlepoint",FALSE
"C","gene0728",71.0479186129914,TRUE,0.562701579055591,9.91271652435455e-11,705,"",TRUE,0.562137513802106,"saddlepoint",FALSE
"C","gene0729",35.8923782590345,TRUE,0.142212381714876,9.54208994262927e-11,451,"",TRUE,0.140535866670716,"saddlepoint",FALSE
"C","gene0730",64.910353651709,TRUE,0.678143843081751,9.86895402638882e-11,688,"",TRUE,0.677652207942839,"saddlepoint",FALSE
"C","gene0731",24.8638436305214,TRUE,0.467718567181719,9.65368133739111e-11,469,"",TRUE,0.465255366002487,"saddlepoint",FALSE
"C","gene0732",66.7592504703257,TRUE,0.615092269986036,9.83255994528066e-11,705,"",TRUE,0.61451648969714,"saddlepoint",FALSE
"C","gene0733",23.479695409172,TRUE,0.561978428756802,9.94225489154947e-11,475,"",TRUE,0.559594443500308,"saddlepoint",FALSE
"C","gene0734",92.0897733348512,TRUE,0.147683791140701,9.78072912916593e-11,685,"",TRUE,0.147285022411391,"saddlepoint",FALSE
"C","gene0735",36.7602210657491,TRUE,0.191437265622298,9.79816707370046e-11,480,"",TRUE,0.189704827950567,"saddlepoint",FALSE
"C","gene0736",75.7989145601742,TRUE,0.374049713666536,9.97936777159293e-11,689,"",TRUE,0.373440540774014,"saddlepoint",FALSE
"C","gene0737",28.979776846556,TRUE,0.428140820508106,9.59596634466688e-11,500,"",TRUE,0.425911061025627,"saddlepoint",FALSE
"C","gene0738",44.7432239315906,TRUE,0.95208609959239,9.61759450291561e-11,696,"",TRUE,0.9519605299194,"saddlepoint",FALSE
"C","gene0739",22.4044120993385,TRUE,0.715294560364526,9.73347117965914e-11,509,"",TRUE,0.71364248880522,"saddlepoint",FALSE
"C","gene0740",99.0865876775841,TRUE,0.0694247602567234,9.6944627239054e-11,705,"",TRUE,0.0691369274536226,"saddlepoint",FALSE
"C","gene0741",22.0949288560151,TRUE,0.759379976290817,9.69905405989735e-11,515,"",TRUE,0.758053583154256,"saddlepoint",FALSE
"C","gene0742",61.9243656090936,TRUE,0.614944211125251,9.92738684226641e-11,687,"",TRUE,0.614304068794334,"saddlepoint",FALSE
"C","gene0743",35.7770731881018,TRUE,0.31844581984604,9.73363944783631e-11,524,"",TRUE,0.316363373813256,"saddlepoint",FALSE
"C","gene0744",56.74648501958,TRUE,0.713123783103995,9.61725734314502e-11,696,"",TRUE,0.712562725873223,"saddlepoint",FALSE
"C","gene0745",28.7904389305654,TRUE,0.576342163424068,9.77214932780003e-11,527,"",TRUE,0.574552010591303,"saddlepoint",FALSE
"C","gene0746",55.8784060160875,TRUE,0.71019483616789,9.93664362488982e-11,708,"",TRUE,0.709631915000769,"saddlepoint",FALSE
"C","gene0747",59.5999565384234,TRUE,0.0412535332375303,9.86308282767932e-11,527,"",TRUE,0.0407028016202099,"saddlepoint",FALSE
"C","gene0748",90.9938212175507,TRUE,0.0911593598770571,9.83771535371589e-11,700,"",TRUE,0.0908054140377453,"saddlepoint",FALSE
"C","gene0749",44.7799720965697,TRUE,0.197091006506381,9.93404252087882e-11,556,"",TRUE,0.195504626462959,"saddlepoint",FALSE
"C","gene0750",53.8324924096632,TRUE,0.712934625739816,9.88830348440557e-11,722,"",TRUE,0.712309533037076,"saddlepoint",FALSE
"C","gene0751",50.2622246570107,TRUE,0.133489355159114,9.96951926937086e-11,555,"",TRUE,0.132314712131481,"saddlepoint",FALSE
"C","gene0752",69.8242143210174,TRUE,0.327135354632721,9.84926690444747e-11,690,"",TRUE,0.326359305831484,"saddlepoint",FALSE
"C","gene0753",34.2454553618968,TRUE,0.520394636658475,9.85453775330901e-11,574,"",TRUE,0.518687357940641,"saddlepoint",FALSE
"C","gene0754",35.3546932065482,TRUE,0.974167261328397,9.85695388700837e-11,694,"",TRUE,0.974080924869589,"saddlepoint",FALSE
"C","gene0755",52.2410858995523,TRUE,0.139862194907876,9.60697081782425e-11,587,"",TRUE,0.138739039489856,"saddlepoint",FALSE
"C","gene0756",54.4560039956441,TRUE,0.630554354537778,9.85996860872716e-11,708,"",TRUE,0.62975714557576,"saddlepoint",FALSE
"C","gene0757",44.8677718805614,TRUE,0.28532482808959,9.96369251752942e-11,603,"",TRUE,0.283869378953765,"saddlepoint",FALSE
"C","gene0758",76.7207812543863,TRUE,0.171099289775136,9.67242727968956e-11,723,"",TRUE,0.170407898431312,"saddlepoint",FALSE
"C","gene0759",63.600508996588,TRUE,0.0627022880143496,9.66949310335016e-11,599,"",TRUE,0.0620976762038459,"saddlepoint",FALSE
"C","gene0760",74.1476738104657,TRUE,0.188198311411578,9.82105978573206e-11,702,"",TRUE,0.187466565237193,"saddlepoint",FALSE
"C","gene0761",32.4396290681736,TRUE,0.700251548048749,9.70546261088757e-11,588,"",TRUE,0.699130492467665,"saddlepoint",FALSE
"C","gene0762",60.751682216759,TRUE,0.406498727945244,9.72605455375197e-11,699,"",TRUE,0.405601618949722,"saddlepoint",FALSE
"C","gene0763",46.0025247022975,TRUE,0.334054352139221,9.81699892275804e-11,611,"",TRUE,0.332581888865236,"saddlepoint",FALSE
"C","gene0764",73.6787868191785,TRUE,0.166503673445583,9.84211518165710e-11,701,"",TRUE,0.165863472515846,"saddlepoint",FALSE
"C","gene0765",36.1325616420794,TRUE,0.64015319453573,9.99066027932045e-11,632,"",TRUE,0.638903244492048,"saddlepoint",FALSE
"C","gene0766",79.2500961413196,TRUE,0.100476054444522,9.77439612538308e-11,692,"",TRUE,0.100008204963396,"saddlepoint",FALSE
"C","gene0767",24.9713375409243,TRUE,0.937437247272756,9.80850772239368e-11,637,"",TRUE,0.937121646829992,"saddlepoint",FALSE
"C","gene0768",37.1006729502604,TRUE,0.892872357554335,9.61568954343552e-11,700,"",TRUE,0.892504690740558,"saddlepoint",FALSE
"C","gene0769",24.530765736018,TRUE,0.952031606340606,9.65123307878138e-11,654,"",TRUE,0.951787200411221,"saddlepoint",FALSE
"C","gene0770",56.0995293174847,TRUE,0.418460430718174,9.68942942916086e-11,680,"",TRUE,0.417438533063601,"saddlepoint",FALSE
"C","gene0771",62.593983928108,TRUE,0.134076994318166,9.7257303285133e-11,659,"",TRUE,0.133249112850408,"saddlepoint",FALSE
"C","gene0772",41.3455128082294,TRUE,0.769309546679425,9.77602837549073e-11,707,"",TRUE,0.768594403188241,"saddlepoint",FALSE
"C","gene0773",41.2721315129141,TRUE,0.597775028928205,9.63528287646793e-11,673,"",TRUE,0.596615943499432,"saddlepoint",FALSE
"C","gene0774",46.7350048011556,TRUE,0.605645170964971,9.85047386541094e-11,702,"",TRUE,0.604646951986117,"saddlepoint",FALSE
"C","gene0775",48.952407007544,TRUE,0.416155182170488,9.61050941519076e-11,694,"",TRUE,0.414905973657243,"saddlepoint",FALSE
"C","gene0776",85.913467158688,TRUE,0.0357598879727867,9.84803900754005e-11,717,"",TRUE,0.035464869938173,"saddlepoint",FALSE
"C","gene0777",47.1971768897074,TRUE,0.487173755651053,9.9697242540546e-11,693,"",TRUE,0.485903044586827,"saddlepoint",FALSE
"C","gene0778",21.0324496482823,TRUE,0.996021873305337,9.66015307568395e-11,722,"",TRUE,0.996001853774426,"saddlepoint",FALSE
"C","gene0779",50.6901636887892,TRUE,0.423905448394066,9.94609528201171e-11,700,"",TRUE,0.422717430521909,"saddlepoint",FALSE
"C","gene0780",66.2281749836923,TRUE,0.147233037583478,9.64004380878472e-11,697,"",TRUE,0.146322256280759,"saddlepoint",FALSE
"C","gene0781",39.7408450854479,TRUE,0.74038672726051,9.87064244901102e-11,716,"",TRUE,0.73953880909073,"saddlepoint",FALSE
"C","gene0782",32.7368216133723,TRUE,0.86464323053867,9.92959424536352e-11,708,"",TRUE,0.864089679685623,"saddlepoint",FALSE
"C","gene0783",36.1785647506055,TRUE,0.845373837092003,9.7091894094882e-11,706,"",TRUE,0.844804284267551,"saddlepoint",FALSE
"C","gene0784",28.954609294695,TRUE,0.919687091101077,9.77901404601231e-11,688,"",TRUE,0.919326727593067,"saddlepoint",FALSE
"C","gene0785",36.0904535915762,TRUE,0.862392274380644,9.82344727481002e-11,721,"",TRUE,0.861884657324141,"saddlepoint",FALSE
"C","gene0786",69.4663309131528,TRUE,0.0852688038186728,9.91884069453594e-11,701,"",TRUE,0.084723193534411,"saddlepoint",FALSE
"C","gene0787",39.5150717981072,TRUE,0.807383460046486,9.75566752489838e-11,741,"",TRUE,0.806711668609358,"saddlepoint",FALSE
"C","gene0788",29.1873311433161,TRUE,0.886596214977335,9.68670222159518e-11,701,"",TRUE,0.886067945299238,"saddlepoint",FALSE
"C","gene0789",59.9777515411799,TRUE,0.333908006800514,9.97598960362188e-11,747,"",TRUE,0.332769741856978,"saddlepoint",FALSE
"C","gene0790",64.5413660836909,TRUE,0.106161716406387,9.81278825014885e-11,690,"",TRUE,0.105406515093087,"saddlepoint",FALSE
"C","gene0791",66.4934377358813,TRUE,0.237753874904968,9.66761027785742e-11,770,"",TRUE,0.236827902763097,"saddlepoint",FALSE
"C","gene0792",40.4633120060083,TRUE,0.534451304528573,9.65734424395771e-11,702,"",TRUE,0.533033490640911,"saddlepoint",FALSE
"C","gene0793",47.978981878642,TRUE,0.66539431221175,9.97652122047311e-11,779,"",TRUE,0.664485484146065,"saddlepoint",FALSE
"C","gene0794",35.9217255929117,TRUE,0.640035970642748,9.98608902275273e-11,699,"",TRUE,0.638682673277439,"saddlepoint",FALSE
"C","gene0795",57.7582081462216,TRUE,0.44923212352827,9.81349318213837e-11,807,"",TRUE,0.448122346080307,"saddlepoint",FALSE
"C","gene0796",45.9906781983064,TRUE,0.335239781915769,9.89980871802035e-11,702,"",TRUE,0.33356171027572,"saddlepoint",FALSE
"C","gene0797",67.5939473790051,TRUE,0.274311351138463,9.94308338463958e-11,799,"",TRUE,0.273333386506294,"saddlepoint",FALSE
"C","gene0798",73.3656052636914,TRUE,0.0322948334030977,9.70855181187461e-11,710,"",TRUE,0.0318426983763311,"saddlepoint",FALSE
"C","gene0799",60.1798100244587,TRUE,0.440539323829057,9.9207779252937e-11,825,"",TRUE,0.439520327780613,"saddlepoint",FALSE
"C","gene0800",49.4008303242466,TRUE,0.222982405860284,9.75476776719948e-11,706,"",TRUE,0.221462996940093,"saddlepoint",FALSE
"C","gene0801",51.385405114967,TRUE,0.669590656286813,9.96948960559942e-11,848,"",TRUE,0.668665101801475,"saddlepoint",FALSE
"C","gene0802",25.99357110073,TRUE,0.825781601534507,9.76642572153227e-11,697,"",TRUE,0.824794219023866,"saddlepoint",FALSE
"C","gene0803",88.8173913327641,TRUE,0.0822898080689173,9.84796317844011e-11,831,"",TRUE,0.0818127842236665,"saddlepoint",FALSE
"C","gene0804",62.2413220501526,TRUE,0.0611402542318376,9.73849597425865e-11,698,"",TRUE,0.0604552095058863,"saddlepoint",FALSE
"C","gene0805",55.9161605880731,TRUE,0.607156359433743,9.81542735544599e-11,849,"",TRUE,0.606239244984267,"saddlepoint",FALSE
"C","gene0806",30.1196774049716,TRUE,0.644035311339059,9.89202024329408e-11,702,"",TRUE,0.64231093053329,"saddlepoint",FALSE
"C","gene0807",101.487601246913,TRUE,0.0393257407124656,9.83117310975577e-11,865,"",TRUE,0.0391086377094442,"saddlepoint",FALSE
"C","gene0808",28.9221623720044,TRUE,0.654075949567221,9.92660353330184e-11,701,"",TRUE,0.652306458675108,"saddlepoint",FALSE
"C","gene0809",59.0865098709892,TRUE,0.577464507869516,9.71650332892357e-11,877,"",TRUE,0.576579273462303,"saddlepoint",FALSE
"C","gene0810",34.6780779892433,TRUE,0.438265388662252,9.67004919064443e-11,677,"",TRUE,0.436201561450215,"saddlepoint",FALSE
"C","gene0811",77.9344742039343,TRUE,0.235665063582542,9.91613355013146e-11,893,"",TRUE,0.234917758374197,"saddlepoint",FALSE
"C","gene0812",42.8465622890211,TRUE,0.218014911976942,9.93677765396238e-11,686,"",TRUE,0.216370008197565,"saddlepoint",FALSE
"C","gene0813",57.0240728300682,TRUE,0.666944164359041,9.75040695427344e-11,888,"",TRUE,0.666179027222146,"saddlepoint",FALSE
"C","gene0814",43.0741522405184,TRUE,0.193594103999346,9.81683917098894e-11,689,"",TRUE,0.191731164526873,"saddlepoint",FALSE
"C","gene0815",99.8472656535218,TRUE,0.0654044558532623,9.8751949217761e-11,924,"",TRUE,0.0650621788890055,"saddlepoint",FALSE
"C","gene0816",27.4182499268572,TRUE,0.57625561786491,9.98669898947396e-11,702,"",TRUE,0.573844721495802,"saddlepoint",FALSE
"C","gene0817",71.0860267606229,TRUE,0.40542428754634,9.76979036408122e-11,916,"",TRUE,0.404592836374581,"saddlepoint",FALSE
"C","gene0818",29.2307455281855,TRUE,0.479461738632021,9.66981358267033e-11,703,"",TRUE,0.476974121684068,"saddlepoint",FALSE
"C","gene0819",54.3639589151139,TRUE,0.77875243338814,9.88345612491261e-11,937,"",TRUE,0.778187443477656,"saddlepoint",FALSE
"C","gene0820",24.9143893088669,TRUE,0.597234487532721,9.96669023895815e-11,698,"",TRUE,0.594841489526769,"saddlepoint",FALSE
"C","gene0821",86.5816057736769,TRUE,0.197941523938899,9.89581395885279e-11,957,"",TRUE,0.19728698251431,"saddlepoint",FALSE
"C","gene0822",35.6275189298392,TRUE,0.246200058317514,9.65978260380161e-11,700,"",TRUE,0.243546041694764,"saddlepoint",FALSE
"C","gene0823",71.8319023216567,TRUE,0.450686425200051,9.86661302790001e-11,965,"",TRUE,0.449779924906897,"saddlepoint",FALSE
"C","gene0824",25.9357086234161,TRUE,0.489327442390034,9.6832083584103e-11,698,"",TRUE,0.486323689758813,"saddlepoint",FALSE
"C","gene0825",78.5873039682815,TRUE,0.344919509444228,9.80455378885893e-11,988,"",TRUE,0.344073742857572,"saddlepoint",FALSE
"C","gene0826",16.9241660082167,TRUE,0.803052164733403,9.90491843817602e-11,677,"",TRUE,0.801326244891324,"saddlepoint",FALSE
"C","gene0827",52.8344220366419,TRUE,0.862759293397871,9.72226967444097e-11,984,"",TRUE,0.86237960225669,"saddlepoint",FALSE
"C","gene0828",51.6983578202793,TRUE,0.0373269076578796,9.90114345220984e-11,690,"",TRUE,0.0365180440212769,"saddlepoint",FALSE
"C","gene0829",65.3648336964161,TRUE,0.645176923781589,9.81130588014953e-11,991,"",TRUE,0.644454240796863,"saddlepoint",FALSE
"C","gene0830",17.6923502446183,TRUE,0.703578715509952,9.97072460403106e-11,690,"",TRUE,0.700831389516767,"saddlepoint",FALSE
"C","gene0831",106.800446041438,TRUE,0.0821458859787632,9.86216496922515e-11,1023,"",TRUE,0.0818276221396243,"saddlepoint",FALSE
"C","gene0832",22.2403964725467,TRUE,0.477671416844908,9.7573792090782e-11,679,"",TRUE,0.473925306520524,"saddlepoint",FALSE
"C","gene0833",68.1537191238329,TRUE,0.626503701077992,9.75288954414497e-11,1027,"",TRUE,0.625805505288364,"saddlepoint",FALSE
"C","gene0834",17.523157612063,TRUE,0.634244469470719,9.80994680562126e-11,678,"",TRUE,0.63063445219727,"saddlepoint",FALSE
"C","gene0835",74.6710928944473,TRUE,0.512471545465224,9.81876855754397e-11,1035,"",TRUE,0.511689299648156,"saddlepoint",FALSE
"C","gene0836",20.7370622181567,TRUE,0.457855672457173,9.98697598144499e-11,651,"",TRUE,0.453717151844139,"saddlepoint",FALSE
"C","gene0837",116.070681869955,TRUE,0.0578954774172693,9.77557422488472e-11,1071,"",TRUE,0.0576055288732428,"saddlepoint",FALSE
"C","gene0838",19.9925611419322,TRUE,0.446975862725177,9.91225641063659e-11,682,"",TRUE,0.442546956427325,"saddlepoint",FALSE
"C","gene0839",24.7145830842853,TRUE,0.256097422209138,9.9208197971816e-11,652,"",TRUE,0.252126130668528,"saddlepoint",FALSE
"C","gene0840",59.8605369267078,TRUE,0.829445874989724,9.96882824769521e-11,1055,"",TRUE,0.829030524647277,"saddlepoint",FALSE
"C","gene0841",9.5937876890481,TRUE,0.906958489253467,9.88040403074493e-11,672,"",TRUE,0.905763052565995,"saddlepoint",FALSE
"C","gene0842",62.1704760821236,TRUE,0.775423378839852,9.98967287471793e-11,1078,"",TRUE,0.774912737452984,"saddlepoint",FALSE
"C","gene0843",26.0287301047175,TRUE,0.282940653567282,9.95601612762374e-11,709,"",TRUE,0.278839975430713,"saddlepoint",FALSE
"C","gene0844",67.0502637948221,TRUE,0.663613209926475,9.86677495349447e-11,1084,"",TRUE,0.662938410007942,"saddlepoint",FALSE
"C","gene0845",16.9998656760572,TRUE,0.654690214948386,9.87151416382073e-11,704,"",TRUE,0.651293388821583,"saddlepoint",FALSE
"C","gene0846",57.154499977511,TRUE,0.828312668342996,9.80699500557555e-11,1085,"",TRUE,0.827855046703325,"saddlepoint",FALSE
"C","gene0847",14.5128749434743,TRUE,0.796533093413889,9.7012207566239e-11,735,"",TRUE,0.794314455401633,"saddlepoint",FALSE
"C","gene0848",62.5204776532575,TRUE,0.714901886220912,9.80755847086560e-11,1114,"",TRUE,0.71422204587545,"saddlepoint",FALSE
"C","gene0849",14.0621009829577,TRUE,0.842023677109964,9.88459860295186e-11,753,"",TRUE,0.840262537787786,"saddlepoint",FALSE
"C","gene0850",65.637306676338,TRUE,0.634618294454308,9.76313156838757e-11,1068,"",TRUE,0.633884423009284,"saddlepoint",FALSE
"C","gene0851",23.8734786422727,TRUE,0.488091239470444,9.9990855439297e-11,766,"",TRUE,0.484675461679607,"saddlepoint",FALSE
"C","gene0852",85.6201802246475,TRUE,0.256916206988753,9.84508133111857e-11,1102,"",TRUE,0.256157870816474,"saddlepoint",FALSE
"C","gene0853",21.0012375332726,TRUE,0.63145428245026,9.77357913025702e-11,778,"",TRUE,0.628374189262944,"saddlepoint",FALSE
"C","gene0854",51.4344272933713,TRUE,0.863379138898692,9.75081310724928e-11,1078,"",TRUE,0.862970214119336,"saddlepoint",FALSE
"C","gene0855",26.4617329282662,TRUE,0.467516718281534,9.92130107994697e-11,815,"",TRUE,0.464255768776807,"saddlepoint",FALSE
"C","gene0856",87.8166163278204,TRUE,0.202177155403026,9.72717339618387e-11,1069,"",TRUE,0.201487399333356,"saddlepoint",FALSE
"C","gene0857",30.3862915362809,TRUE,0.376815907875105,9.86684052604186e-11,817,"",TRUE,0.373704486192823,"saddlepoint",FALSE
"C","gene0858",49.455732085268,TRUE,0.866111764152221,9.83851019859157e-11,1090,"",TRUE,0.865683863192211,"saddlepoint",FALSE
"C","gene0859",26.5533271418932,TRUE,0.530443661122402,9.93092642083589e-11,816,"",TRUE,0.527555729581024,"saddlepoint",FALSE
"C","gene0860",88.8504975084641,TRUE,0.168356270739542,9.84619342981295e-11,1105,"",TRUE,0.167654952630952,"saddlepoint",FALSE
"C","gene0861",53.7519555578042,TRUE,0.0658405190805498,9.90430161929706e-11,865,"",TRUE,0.0646070926398579,"saddlepoint",FALSE
"C","gene0862",62.1778122324969,TRUE,0.583960206824439,9.87308248936829e-11,1090,"",TRUE,0.58302867987545,"saddlepoint",FALSE
"C","gene0863",50.3005454552591,TRUE,0.0990643367611424,9.9394451436724e-11,842,"",TRUE,0.0975835851035685,"saddlepoint",FALSE
"C","gene0864",51.8806173966986,TRUE,0.77688229406305,9.84619803225117e-11,1114,"",TRUE,0.776174037927236,"saddlepoint",FALSE
"C","gene0865",33.1083737177036,TRUE,0.418190969139888,9.9077392178102e-11,857,"",TRUE,0.415529398168842,"saddlepoint",FALSE
"C","gene0866",50.6167602392179,TRUE,0.78637697063877,9.97837064711793e-11,1077,"",TRUE,0.785714410802933,"saddlepoint",FALSE
"C","gene0867",39.9720922342565,TRUE,0.277871825703059,9.9931282053576e-11,868,"",TRUE,0.275351157537935,"saddlepoint",FALSE
"C","gene0868",41.6056584699137,TRUE,0.91518396235628,9.82489146462984e-11,1119,"",TRUE,0.914857440704461,"saddlepoint",FALSE
"C","gene0869",18.5875089517778,TRUE,0.911569834600062,9.92683800286366e-11,906,"",TRUE,0.910829695633083,"saddlepoint",FALSE
"C","gene0870",83.3535827627097,TRUE,0.167397032462703,9.85666319072188e-11,1130,"",TRUE,0.166416724496636,"saddlepoint",FALSE
"C","gene0871",20.4478172365719,TRUE,0.885494483763872,9.96168269401521e-11,939,"",TRUE,0.884585484079448,"saddlepoint",FALSE
"C","gene0872",39.3326566196455,TRUE,0.922557677629652,9.7653658271725e-11,1122,"",TRUE,0.922229769982553,"saddlepoint",FALSE
"C","gene0873",36.9406445994137,TRUE,0.426197988130653,9.9388943798108e-11,914,"",TRUE,0.423683981838292,"saddlepoint",FALSE
"C","gene0874",59.4279053828555,TRUE,0.515136856091719,9.76451002302967e-11,1109,"",TRUE,0.513939904118075,"saddlepoint",FALSE
"C","gene0875",26.4197012845846,TRUE,0.766128285196027,9.89996013769576e-11,940,"",TRUE,0.764586587302412,"saddlepoint",FALSE
"C","gene0876",59.7226813956064,TRUE,0.48650443566576,9.80239764684053e-11,1110,"",TRUE,0.485223014194736,"saddlepoint",FALSE
"C","gene0877",34.6246020957027,TRUE,0.546268614091113,9.8228207414796e-11,954,"",TRUE,0.544077715743653,"saddlepoint",FALSE
"C","gene0878",48.1054924320665,TRUE,0.72340765728332,9.88552508623432e-11,1125,"",TRUE,0.722452431994145,"saddlepoint",FALSE
"C","gene0879",33.7048565989746,TRUE,0.601160113728619,9.82161146574449e-11,973,"",TRUE,0.599088569845398,"saddlepoint",FALSE
"C","gene0880",97.8578686856692,TRUE,0.0440408767690751,9.91971065293813e-11,1112,"",TRUE,0.0436679298246499,"saddlepoint",FALSE
"C","gene0881",50.1316807572377,TRUE,0.23957512630353,9.98852455282896e-11,993,"",TRUE,0.237758950350716,"saddlepoint",FALSE
"C","gene0882",40.124982158356,TRUE,0.849155732842527,9.762034350368e-11,1145,"",TRUE,0.848514571216226,"saddlepoint",FALSE
"C","gene0883",51.6481506483533,TRUE,0.234149912883116,9.93923515539563e-11,1020,"",TRUE,0.232258292680446,"saddlepoint",FALSE
"C","gene0884",29.4339089586827,TRUE,0.972151748320914,9.96152058410638e-11,1165,"",TRUE,0.972004113606869,"saddlepoint",FALSE
"C","gene0885",25.7358754622627,TRUE,0.87900493100414,9.97393157647908e-11,1043,"",TRUE,0.878202896357019,"saddlepoint",FALSE
"C","gene0886",47.9412776163647,TRUE,0.640736446922534,9.99985677488206e-11,1123,"",TRUE,0.639529809466554,"saddlepoint",FALSE
"C","gene0887",28.5574978651974,TRUE,0.834550508132848,9.82249490077969e-11,1028,"",TRUE,0.83353980597625,"saddlepoint",FALSE
"C","gene0888",93.7944972998324,TRUE,0.0413349098848903,9.79926306115056e-11,1144,"",TRUE,0.0409310477006423,"saddlepoint",FALSE
"C","gene0889",59.8363232399709,TRUE,0.171605162395706,9.99656180316472e-11,1065,"",TRUE,0.169977362845976,"saddlepoint",FALSE
"C","gene0890",119.064675395418,TRUE,0.00622371131869269,9.83089945712744e-11,1151,"",TRUE,0.00610842548051748,"saddlepoint",FALSE
"C","gene0891",63.213043991394,TRUE,0.147690450586696,9.94453978257585e-11,1088,"",TRUE,0.146207734483218,"saddlepoint",FALSE
"C","gene0892",96.1786546648731,TRUE,0.0299160686086172,9.81765866520101e-11,1128,"",TRUE,0.0295860400812427,"saddlepoint",FALSE
"C","gene0893",37.6942897422876,TRUE,0.666124032239896,9.84251790313306e-11,1080,"",TRUE,0.66458604139659,"saddlepoint",FALSE
"C","gene0894",44.8541877621407,TRUE,0.623476423019032,9.9317857106887e-11,1168,"",TRUE,0.622037366365673,"saddlepoint",FALSE
"C","gene0895",35.6982235240573,TRUE,0.738419667969396,9.91129506483328e-11,1121,"",TRUE,0.737104186104501,"saddlepoint",FALSE
"C","gene0896",34.3233179763536,TRUE,0.84588780006852,9.87082782047746e-11,1133,"",TRUE,0.845089694407088,"saddlepoint",FALSE
"C","gene0897",58.5616040763093,TRUE,0.251867018073455,9.83653940093455e-11,1132,"",TRUE,0.250093583294161,"saddlepoint",FALSE
"C","gene0898",53.5466596792514,TRUE,0.379297270326247,9.84600817218774e-11,1172,"",TRUE,0.377561316114896,"saddlepoint",FALSE
"C","gene0899",31.182270829222,TRUE,0.872494411174576,9.91736429306958e-11,1183,"",TRUE,0.871749365880157,"saddlepoint",FALSE
"C","gene0900",80.568929258323,TRUE,0.0634955224807148,9.80135741448715e-11,1142,"",TRUE,0.0627114026780637,"saddlepoint",FALSE
"C","gene0901",52.9117362695403,TRUE,0.391933289086498,9.81213289330367e-11,1158,"",TRUE,0.390172745174761,"saddlepoint",FALSE
"C","gene0902",71.0926950717566,TRUE,0.114029402358413,9.79445641344917e-11,1177,"",TRUE,0.112944294817397,"saddlepoint",FALSE
"C","gene0903",89.711022834287,TRUE,0.0416924880626149,9.82941489161872e-11,1226,"",TRUE,0.0410829624918293,"saddlepoint",FALSE
"C","gene0904",72.5904403970834,TRUE,0.0939522511828729,9.9957909462621e-11,1160,"",TRUE,0.0929692069352429,"saddlepoint",FALSE
"C","gene0905",47.7812846595106,TRUE,0.549063367373575,9.83314938263376e-11,1242,"",TRUE,0.54739456889162,"saddlepoint",FALSE
"C","gene0906",48.855434908455,TRUE,0.388858686634261,9.98059682317566e-11,1182,"",TRUE,0.386819629024302,"saddlepoint",FALSE
"C","gene0907",50.6598865715504,TRUE,0.50617091419365,9.86479922271757e-11,1216,"",TRUE,0.504527710929571,"saddlepoint",FALSE
"C","gene0908",23.7124707690981,TRUE,0.94369728918409,9.82138648837269e-11,1160,"",TRUE,0.943292143541503,"saddlepoint",FALSE
"C","gene0909",89.2126341115503,TRUE,0.0574259519392204,9.89468154763071e-11,1264,"",TRUE,0.0567953615645157,"saddlepoint",FALSE
"C","gene0910",43.6408498399512,TRUE,0.459544235366668,9.82567717510222e-11,1167,"",TRUE,0.457458322741147,"saddlepoint",FALSE
"C","gene0911",81.5750473218436,TRUE,0.102370737223003,9.95330518851166e-11,1298,"",TRUE,0.101397487560856,"saddlepoint",FALSE
"C","gene0912",26.9080727197204,TRUE,0.861532388684635,9.85677327518947e-11,1178,"",TRUE,0.860596551248063,"saddlepoint",FALSE
"C","gene0913",95.7654949309797,TRUE,0.0442887571931567,9.96360560246226e-11,1294,"",TRUE,0.0437919091017654,"saddlepoint",FALSE
"C","gene0914",15.2525957756586,TRUE,0.993644976094028,9.84752226052162e-11,1185,"",TRUE,0.993592017740508,"saddlepoint",FALSE
"C","gene0915",55.0309185423434,TRUE,0.495609675061548,9.96828168511703e-11,1330,"",TRUE,0.493993961664834,"saddlepoint",FALSE
"C","gene0916",23.9277736417297,TRUE,0.890901820361274,9.87891273776173e-11,1203,"",TRUE,0.890069960942915,"saddlepoint",FALSE
"C","gene0917",62.1778725959305,TRUE,0.375437031413798,9.95108382089056e-11,1312,"",TRUE,0.373985399074008,"saddlepoint",FALSE
"C","gene0918",40.6822409770331,TRUE,0.43193126394305,9.82910091751159e-11,1151,"",TRUE,0.429564943494671,"saddlepoint",FALSE
"C","gene0919",44.2357440562783,TRUE,0.771461799204751,9.91116035813436e-11,1338,"",TRUE,0.770501825687059,"saddlepoint",FALSE
"C","gene0920",35.7613422631702,TRUE,0.531606610083079,9.8404985223767e-11,1195,"",TRUE,0.528981983022911,"saddlepoint",FALSE
"C","gene0921",26.769481360059,TRUE,0.989574640648097,9.91137369659584e-11,1356,"",TRUE,0.98951237501601,"saddlepoint",FALSE
"C","gene0922",24.3090217884434,TRUE,0.827731114902513,9.82782643243682e-11,1191,"",TRUE,0.826405876801427,"saddlepoint",FALSE
"C","gene0923",90.0267448332797,TRUE,0.098072950389233,9.8040265142374e-11,1370,"",TRUE,0.0973712260643863,"saddlepoint",FALSE
"C","gene0924",17.4851469727938,TRUE,0.950929160675157,9.99469021000648e-11,1188,"",TRUE,0.950475802619938,"saddlepoint",FALSE
"C","gene0925",49.4071754801375,TRUE,0.716843798625483,9.84535804119703e-11,1411,"",TRUE,0.715795243218344,"saddlepoint",FALSE
"C","gene0926",15.2012569633082,TRUE,0.971267658809843,9.8906858126812e-11,1158,"",TRUE,0.970980989405446,"saddlepoint",FALSE
"C","gene0927",80.3071009088892,TRUE,0.197786410400372,9.92554080917439e-11,1443,"",TRUE,0.196718916925216,"saddlepoint",FALSE
"C","gene0928",22.758525105705,TRUE,0.804597862843723,9.80231487342567e-11,1180,"",TRUE,0.802939840603128,"saddlepoint",FALSE
"C","gene0929",64.9208740825611,TRUE,0.438338442282968,9.89472038375253e-11,1469,"",TRUE,0.43685318763936,"saddlepoint",FALSE
"C","gene0930",54.6905796660353,TRUE,0.107560730053302,9.84797228573836e-11,1194,"",TRUE,0.105401443092349,"saddlepoint",FALSE
"C","gene0931",42.3098053887225,TRUE,0.884622357079022,9.91883875923506e-11,1533,"",TRUE,0.884079839185072,"saddlepoint",FALSE
"C","gene0932",27.5917934112691,TRUE,0.601872178468096,9.8495497348472e-11,1177,"",TRUE,0.598969918428283,"saddlepoint",FALSE
"C","gene0933",50.2491482874174,TRUE,0.766590020503564,9.94204296255081e-11,1482,"",TRUE,0.765694387717126,"saddlepoint",FALSE
"C","gene0934",37.383000562938,TRUE,0.311172819458847,9.80625042431259e-11,1184,"",TRUE,0.307850943302446,"saddlepoint",FALSE
"C","gene0935",48.7084079680943,TRUE,0.808652949821376,9.97099184360355e-11,1520,"",TRUE,0.807846766388825,"saddlepoint",FALSE
"C","gene0936",44.3343777374519,TRUE,0.174995809691226,9.86646493130426e-11,1179,"",TRUE,0.172293498052743,"saddlepoint",FALSE
"C","gene0937",61.0317180221724,TRUE,0.587734115534333,9.8409541149716e-11,1578,"",TRUE,0.586414096880983,"saddlepoint",FALSE
"C","gene0938",30.4517614575703,TRUE,0.426861141068058,9.99918059051315e-11,1207,"",TRUE,0.423065587621792,"saddlepoint",FALSE
"C","gene0939",52.9248810467616,TRUE,0.762434129860271,9.91550930988863e-11,1585,"",TRUE,0.761541965184966,"saddlepoint",FALSE
"C","gene0940",47.4791684668379,TRUE,0.114362350413353,9.81718026641341e-11,1197,"",TRUE,0.112495501332961,"saddlepoint",FALSE
"C","gene0941",98.5026892719318,TRUE,0.117795066616928,9.99147962716523e-11,1629,"",TRUE,0.117064290673651,"saddlepoint",FALSE
"C","gene0942",41.8875487184067,TRUE,0.159360318434386,9.90498642307325e-11,1173,"",TRUE,0.156281859043607,"saddlepoint",FALSE
"C","gene0943",78.6867009178903,TRUE,0.332344495329067,9.99223941978468e-11,1639,"",TRUE,0.330988877361117,"saddlepoint",FALSE
"C","gene0944",45.9678474822178,TRUE,0.105404334735973,9.91697678837111e-11,1200,"",TRUE,0.103156256160644,"saddlepoint",FALSE
"C","gene0945",90.5191615446741,TRUE,0.202219172240163,9.85097537396784e-11,1673,"",TRUE,0.201163227056606,"saddlepoint",FALSE
"C","gene0946",29.2389303738098,TRUE,0.345895473524721,9.97000913359643e-11,1207,"",TRUE,0.341252296912419,"saddlepoint",FALSE
"C","gene0947",50.505787190548,TRUE,0.855021302141283,9.9622823120267e-11,1653,"",TRUE,0.854431260220782,"saddlepoint",FALSE
"C","gene0948",45.2507925633155,TRUE,0.0890952634151529,9.86326204629843e-11,1155,"",TRUE,0.0869914818291572,"saddlepoint",FALSE
"C","gene0949",119.484420864867,TRUE,0.0497447806770403,9.97613060411441e-11,1699,"",TRUE,0.049309107480255,"saddlepoint",FALSE
"C","gene0950",20.8827994097267,TRUE,0.538084196802441,9.85948507624228e-11,1198,"",TRUE,0.533254994536064,"saddlepoint",FALSE
"C","gene0951",96.6749012012767,TRUE,0.178819942546558,9.95210986645852e-11,1768,"",TRUE,0.177759642259006,"saddlepoint",FALSE
"C","gene0952",28.3959636081538,TRUE,0.284708029152742,9.85046751198621e-11,1204,"",TRUE,0.279641501711016,"saddlepoint",FALSE
"C","gene0953",61.697957765361,TRUE,0.711399941238508,9.8884119425699e-11,1746,"",TRUE,0.710460374628223,"saddlepoint",FALSE
"C","gene0954",25.8794059681922,TRUE,0.317757410115255,9.82776730547134e-11,1168,"",TRUE,0.312365466520453,"saddlepoint",FALSE
"C","gene0955",109.058179022429,TRUE,0.110376393954615,9.95089308804438e-11,1815,"",TRUE,0.109581743977326,"saddlepoint",FALSE
"C","gene0956",17.8989201023975,TRUE,0.542590548160486,9.9282459206998e-11,1180,"",TRUE,0.536567547279341,"saddlepoint",FALSE
"C","gene0957",47.8425789163365,TRUE,0.927551220783428,9.90234133840112e-11,1843,"",TRUE,0.927225846724555,"saddlepoint",FALSE
"C","gene0958",13.522539852129,TRUE,0.695141771601256,9.90527046777941e-11,1155,"",TRUE,0.690528441352966,"saddlepoint",FALSE
"C","gene0959",53.1050430038909,TRUE,0.0219850752894596,9.8392064027536e-11,1191,"",TRUE,0.0216428918011364,"saddlepoint",FALSE
"C","gene0960",76.8254584491135,TRUE,0.491792847669462,9.89623820174187e-11,1827,"",TRUE,0.490567969495482,"saddlepoint",FALSE
"C","gene0961",7.78499061414402,TRUE,0.930342019254353,9.93523163045351e-11,1221,"",TRUE,0.929109983784403,"saddlepoint",FALSE
"C","gene0962",78.7915684453843,TRUE,0.442678296439275,9.89935540225001e-11,1887,"",TRUE,0.441341341428662,"saddlepoint",FALSE
"C","gene0963",36.3850978972633,TRUE,0.119340488849743,9.86634959387715e-11,1211,"",TRUE,0.115990122561109,"saddlepoint",FALSE
"C","gene0964",86.2428721792311,TRUE,0.318579878016862,9.98325237039875e-11,1897,"",TRUE,0.31729821227528,"saddlepoint",FALSE
"C","gene0965",21.413911565265,TRUE,0.446928807077333,9.98032684599269e-11,1280,"",TRUE,0.440722852212771,"saddlepoint",FALSE
"C","gene0966",97.3007820408594,TRUE,0.186202757207614,9.99196252539185e-11,1861,"",TRUE,0.185184555035204,"saddlepoint",FALSE
"C","gene0967",11.2627976822172,TRUE,0.875428285462024,9.95450296086171e-11,1286,"",TRUE,0.873489886418238,"saddlepoint",FALSE
"C","gene0968",102.291049741564,TRUE,0.138372424313084,9.87015072537872e-11,1857,"",TRUE,0.137513413981066,"saddlepoint",FALSE
"C","gene0969",27.0965059372309,TRUE,0.342183313154017,9.94807153862666e-11,1309,"",TRUE,0.336265120113706,"saddlepoint",FALSE
"C","gene0970",42.3420972379033,TRUE,0.946825057394282,9.9955070804493e-11,1879,"",TRUE,0.946558905835257,"saddlepoint",FALSE
"C","gene0971",38.1921846448024,TRUE,0.161857131290858,9.84804092115689e-11,1343,"",TRUE,0.15868891457904,"saddlepoint",FALSE
"C","gene0972",79.0323646370726,TRUE,0.359597974636615,9.97992882995416e-11,1905,"",TRUE,0.358265205709806,"saddlepoint",FALSE
"C","gene0973",22.1645174518849,TRUE,0.553071386865858,9.96181954743443e-11,1377,"",TRUE,0.548581267711527,"saddlepoint",FALSE
"C","gene0974",59.430094299812,TRUE,0.678009408059005,9.89505356992215e-11,1927,"",TRUE,0.676905436816688,"saddlepoint",FALSE
"C","gene0975",35.7530496293344,TRUE,0.234398191087447,9.96067207122316e-11,1368,"",TRUE,0.230580890258531,"saddlepoint",FALSE
"C","gene0976",58.8505571353673,TRUE,0.671254533559241,9.95885917677054e-11,1913,"",TRUE,0.670096506638672,"saddlepoint",FALSE
"C","gene0977",31.0211828908519,TRUE,0.35469685750322,9.9742175998542e-11,1365,"",TRUE,0.35028362541918,"saddlepoint",FALSE
"C","gene0978",119.75643361233,TRUE,0.041654330656512,9.86480244821904e-11,1967,"",TRUE,0.0411752090441745,"saddlepoint",FALSE
"C","gene0979",28.1102893054108,TRUE,0.456689962016773,9.89443851287172e-11,1460,"",TRUE,0.452250931870679,"saddlepoint",FALSE
"C","gene0980",99.0408878209876,TRUE,0.116060891462535,9.9190151968756e-11,1925,"",TRUE,0.115015257680005,"saddlepoint",FALSE
"C","gene0981",27.2257013421931,TRUE,0.50956558402679,9.89867684889935e-11,1539,"",TRUE,0.505049056920161,"saddlepoint",FALSE
"C","gene0982",72.8292085610158,TRUE,0.37318400884487,9.9429747530029e-11,1949,"",TRUE,0.37165174297614,"saddlepoint",FALSE
"C","gene0983",40.8098359758044,TRUE,0.231894926673811,9.87590808828112e-11,1544,"",TRUE,0.228126309123003,"saddlepoint",FALSE
"C","gene0984",91.6727486581139,TRUE,0.149966995725137,9.96726609125802e-11,2033,"",TRUE,0.14879635651901,"saddlepoint",FALSE
"C","gene0985",45.1167585003011,TRUE,0.188780182276303,9.93635711362371e-11,1594,"",TRUE,0.185442799971385,"saddlepoint",FALSE
"C","gene0986",80.579432670965,TRUE,0.242580371210138,9.99235509873547e-11,1987,"",TRUE,0.240998730601402,"saddlepoint",FALSE
"C","gene0987",37.2007119348747,TRUE,0.337581690337399,9.94707170906724e-11,1607,"",TRUE,0.333135678788401,"saddlepoint",FALSE
"C","gene0988",99.234873403809,TRUE,0.0906595802014842,9.99236298088527e-11,1981,"",TRUE,0.0897183511705523,"saddlepoint",FALSE
"C","gene0989",34.3274440266261,TRUE,0.426095756645234,9.87024686158536e-11,1650,"",TRUE,0.422128197426479,"saddlepoint",FALSE
"C","gene0990",53.8801713518708,TRUE,0.638043365551776,9.91914112153693e-11,1992,"",TRUE,0.636448184358807,"saddlepoint",FALSE
"C","gene0991",20.0334875002161,TRUE,0.84893748551552,9.96709759539839e-11,1690,"",TRUE,0.847320827103197,"saddlepoint",FALSE
"C","gene0992",48.7820001730093,TRUE,0.718567531545948,9.88581264917653e-11,1969,"",TRUE,0.717216068272259,"saddlepoint",FALSE
"C","gene0993",45.777900622772,TRUE,0.247284615530193,9.86626336185736e-11,1722,"",TRUE,0.244090156049012,"saddlepoint",FALSE
"C","gene0994",52.8169701959569,TRUE,0.622970102524043,9.88608194873314e-11,2032,"",TRUE,0.621372835108612,"saddlepoint",FALSE
"C","gene0995",41.0319831521337,TRUE,0.34911403116754,9.86847860373619e-11,1705,"",TRUE,0.345685179696322,"saddlepoint",FALSE
"C","gene0996",48.5058856656636,TRUE,0.687759303675885,9.87508085828655e-11,2020,"",TRUE,0.686199950074832,"saddlepoint",FALSE
"C","gene0997",35.3429916470998,TRUE,0.497799758330999,9.96126531412588e-11,1765,"",TRUE,0.494222591323453,"saddlepoint",FALSE
"C","gene0998",51.117447356594,TRUE,0.614791091641896,9.90210130688216e-11,2091,"",TRUE,0.612909663871205,"saddlepoint",FALSE
"C","gene0999",131.418183474474,TRUE,0.00137455764729372,9.91668112101766e-11,1904,"",TRUE,0.00134535192991359,"saddlepoint",FALSE
"C","gene1000",60.663332737297,TRUE,0.416044158205417,9.99216813891285e-11,2064,"",TRUE,0.413923813342773,"saddlepoint",FALSE
