"replicate","seed","analysis","scope","component","region","quantity","trait1","trait2","estimate","truth","lower","upper","interval_kind","uncertainty_reason"
1,20262100,"ldsc_h2","reference","all",NA,"h2","A",NA,0.280350764019712,0.303963790428954,0.113207914254674,0.44749361378475,"normal_approximation:block_jackknife",""
1,20262100,"ldsc_h2","reference","all",NA,"h2","B",NA,0.37634827602862,0.402838601029903,0.188805548400455,0.563891003656786,"normal_approximation:block_jackknife",""
1,20262100,"ldsc_h2","reference","all",NA,"h2","C",NA,0.324196980995461,0.349342700568826,0.126880165192961,0.521513796797962,"normal_approximation:block_jackknife",""
1,20262100,"ldsc_rg","reference","all",NA,"rg","A","B",0.739887335014155,0.551562936457882,0.299713931184275,1.18006073884403,"normal_approximation:block_jackknife",""
1,20262100,"ldsc_rg","reference","all",NA,"rg","A","C",0.394626780058396,0.569370866679062,-0.0267276253495795,0.815981185466371,"normal_approximation:block_jackknife",""
1,20262100,"ldsc_rg","reference","all",NA,"rg","B","C",0.674582922408312,0.729509414554371,0.303590283306478,1.04557556151015,"normal_approximation:block_jackknife",""
1,20262100,"gnova_h2","reference","all",NA,"h2","A",NA,0.272774544205653,0.303963790428954,0.107697869832916,0.437851218578391,"normal_approximation:block_jackknife",""
1,20262100,"gnova_h2","reference","all",NA,"h2","B",NA,0.364576116810342,0.402838601029903,0.18265484209602,0.546497391524663,"normal_approximation:block_jackknife",""
1,20262100,"gnova_h2","reference","all",NA,"h2","C",NA,0.316596394593819,0.349342700568826,0.124932165864968,0.508260623322671,"normal_approximation:block_jackknife",""
1,20262100,"gnova_rg","reference","all",NA,"rg","A","B",0.752407049055186,0.551562936457882,0.299397981436827,1.20541611667355,"normal_approximation:block_jackknife",""
1,20262100,"gnova_rg","reference","all",NA,"rg","A","C",0.39598405030828,0.569370866679062,-0.0324872416490082,0.824455342265568,"normal_approximation:block_jackknife",""
1,20262100,"gnova_rg","reference","all",NA,"rg","B","C",0.675485214613239,0.729509414554371,0.296435065324621,1.05453536390186,"normal_approximation:block_jackknife",""
1,20262100,"sumher_h2","reference","all",NA,"h2","A",NA,0.28035089441809,0.303963790428954,0.113208027305012,0.447493761531168,"normal_approximation:fixed_weight_block_jackknife",""
1,20262100,"sumher_h2","reference","all",NA,"h2","B",NA,0.376348591905176,0.402838601029903,0.188805749385622,0.563891434424729,"normal_approximation:fixed_weight_block_jackknife",""
1,20262100,"sumher_h2","reference","all",NA,"h2","C",NA,0.324197069131882,0.349342700568826,0.12688019524936,0.521513943014404,"normal_approximation:fixed_weight_block_jackknife",""
1,20262100,"sumher_rg","reference","all",NA,"rg","A","B",0.73988685847712,0.551562936457882,0.299713791873724,1.18005992508051,"normal_approximation:fixed_weight_block_jackknife",""
1,20262100,"sumher_rg","reference","all",NA,"rg","A","C",0.394626637640216,0.569370866679062,-0.0267276026605998,0.815980877941032,"normal_approximation:fixed_weight_block_jackknife",""
1,20262100,"sumher_rg","reference","all",NA,"rg","B","C",0.674582557389248,0.729509414554371,0.303590194605185,1.04557492017331,"normal_approximation:fixed_weight_block_jackknife",""
1,20262100,"hess_cov","region","region","region001","cov","A","B",0.0433871908368432,0.0504840578428677,0.0308433451726171,0.0559310365010694,"normal_approximation:conditional_gaussian_plugin_delta",""
1,20262100,"hess_cov","region","region","region002","cov","A","B",0.00156977660601284,7.6703046729164e-37,-0.0117437270637405,0.0148832802757662,"normal_approximation:conditional_gaussian_plugin_delta",""
1,20262100,"hess_cov","region","region","region003","cov","A","B",0.00135339370414794,0.00117488722613871,NA,NA,"unavailable","HESS joint uncertainty requires positive semidefinite plug-in genetic and residual matrices"
1,20262100,"hess_cov","region","region","region004","cov","A","B",0.00161349065602912,0.000612572941461436,NA,NA,"unavailable","HESS joint uncertainty requires positive semidefinite plug-in genetic and residual matrices"
1,20262100,"hess_cov","region","region","region005","cov","A","B",-0.000959772451318094,-3.43602702246827e-05,-0.00815394035315663,0.00623439545052044,"normal_approximation:conditional_gaussian_plugin_delta",""
1,20262100,"hess_cov","region","region","region006","cov","A","B",0.000335316159757133,0.00162341640283126,NA,NA,"unavailable","HESS joint uncertainty requires positive semidefinite plug-in genetic and residual matrices"
1,20262100,"hess_cov","region","region","region007","cov","A","B",-0.00294289754289252,0.00101815507201352,NA,NA,"unavailable","HESS joint uncertainty requires positive semidefinite plug-in genetic and residual matrices"
1,20262100,"hess_cov","region","region","region008","cov","A","B",0.0014326627320339,0.00160273734300592,NA,NA,"unavailable","HESS joint uncertainty requires positive semidefinite plug-in genetic and residual matrices"
1,20262100,"hess_cov","region","region","region009","cov","A","B",0.00437645022588885,0.00135397965067856,NA,NA,"unavailable","HESS joint uncertainty requires positive semidefinite plug-in genetic and residual matrices"
1,20262100,"hess_cov","region","region","region010","cov","A","B",-0.00325718640056883,0.00193526695654322,-0.0106760301657503,0.00416165736461263,"normal_approximation:conditional_gaussian_plugin_delta",""
1,20262100,"hess_cov","region","region","region011","cov","A","B",0.00123410212912162,0.000547114655890686,NA,NA,"unavailable","HESS joint uncertainty requires positive semidefinite plug-in genetic and residual matrices"
1,20262100,"hess_cov","region","region","region012","cov","A","B",0.00385288362183328,0.00100276273500749,-0.00393194795007749,0.011637715193744,"normal_approximation:conditional_gaussian_plugin_delta",""
1,20262100,"hess_cov","region","region","region013","cov","A","B",0.00130760386453492,0.00215265200830744,NA,NA,"unavailable","HESS joint uncertainty requires positive semidefinite plug-in genetic and residual matrices"
1,20262100,"hess_cov","region","region","region014","cov","A","B",-0.0049145052588928,0.00150906103805055,NA,NA,"unavailable","HESS joint uncertainty requires positive semidefinite plug-in genetic and residual matrices"
1,20262100,"hess_cov","region","region","region015","cov","A","B",0.00194851909570677,0.00069017307046547,NA,NA,"unavailable","HESS joint uncertainty requires positive semidefinite plug-in genetic and residual matrices"
1,20262100,"hess_cov","region","region","region016","cov","A","B",0.0048307482657824,0.00117798988648479,NA,NA,"unavailable","HESS joint uncertainty requires positive semidefinite plug-in genetic and residual matrices"
1,20262100,"hess_cov","region","region","region017","cov","A","B",0.00288427261799047,0.000594683389003593,-0.0043152980503549,0.0100838432863358,"normal_approximation:conditional_gaussian_plugin_delta",""
1,20262100,"hess_cov","region","region","region018","cov","A","B",0.00173129553527203,0.000591156111490459,NA,NA,"unavailable","HESS joint uncertainty requires positive semidefinite plug-in genetic and residual matrices"
1,20262100,"hess_cov","region","region","region019","cov","A","B",-0.00132985677941621,0.00308845123450694,NA,NA,"unavailable","HESS joint uncertainty requires positive semidefinite plug-in genetic and residual matrices"
1,20262100,"hess_cov","region","region","region020","cov","A","B",0.00573563365355396,0.000977580740083551,-0.00215464062881779,0.0136259079359257,"normal_approximation:conditional_gaussian_plugin_delta",""
1,20262100,"hess_cov","region","region","region001","cov","A","C",0.0564680230274257,0.0477974492135915,0.0422924235639207,0.0706436224909308,"normal_approximation:conditional_gaussian_plugin_delta",""
1,20262100,"hess_cov","region","region","region002","cov","A","C",-0.00140053619218797,7.26211429353813e-37,-0.0145604914449503,0.0117594190605744,"normal_approximation:conditional_gaussian_plugin_delta",""
1,20262100,"hess_cov","region","region","region003","cov","A","C",0.00314232756611408,0.000694971283884177,NA,NA,"unavailable","HESS joint uncertainty requires positive semidefinite plug-in genetic and residual matrices"
1,20262100,"hess_cov","region","region","region004","cov","A","C",-6.38408557474542e-05,0.000898771768379528,NA,NA,"unavailable","HESS joint uncertainty requires positive semidefinite plug-in genetic and residual matrices"
1,20262100,"hess_cov","region","region","region005","cov","A","C",0.000447705573561769,0.000312125337728423,NA,NA,"unavailable","HESS joint uncertainty requires positive semidefinite plug-in genetic and residual matrices"
1,20262100,"hess_cov","region","region","region006","cov","A","C",0.00223136050132619,0.000802563643911432,NA,NA,"unavailable","HESS joint uncertainty requires positive semidefinite plug-in genetic and residual matrices"
1,20262100,"hess_cov","region","region","region007","cov","A","C",0.00149397890217609,0.00084317174340799,NA,NA,"unavailable","HESS joint uncertainty requires positive semidefinite plug-in genetic and residual matrices"
1,20262100,"hess_cov","region","region","region008","cov","A","C",0.00192435978818007,0.00171814416569841,NA,NA,"unavailable","HESS joint uncertainty requires positive semidefinite plug-in genetic and residual matrices"
1,20262100,"hess_cov","region","region","region009","cov","A","C",-0.00317333970430068,0.00167193661004652,NA,NA,"unavailable","HESS joint uncertainty requires positive semidefinite plug-in genetic and residual matrices"
1,20262100,"hess_cov","region","region","region010","cov","A","C",-0.000798544339377766,0.00122650226781495,-0.00830836576857849,0.00671127708982296,"normal_approximation:conditional_gaussian_plugin_delta",""
1,20262100,"hess_cov","region","region","region011","cov","A","C",0.00440799239061895,0.000423399163687787,NA,NA,"unavailable","HESS joint uncertainty requires positive semidefinite plug-in genetic and residual matrices"
1,20262100,"hess_cov","region","region","region012","cov","A","C",-0.00356407454572211,9.1527675672446e-06,NA,NA,"unavailable","HESS joint uncertainty requires positive semidefinite plug-in genetic and residual matrices"
1,20262100,"hess_cov","region","region","region013","cov","A","C",-0.000463043757444105,0.00147684231166309,NA,NA,"unavailable","HESS joint uncertainty requires positive semidefinite plug-in genetic and residual matrices"
1,20262100,"hess_cov","region","region","region014","cov","A","C",0.000899350185383854,0.000839638321870034,NA,NA,"unavailable","HESS joint uncertainty requires positive semidefinite plug-in genetic and residual matrices"
1,20262100,"hess_cov","region","region","region015","cov","A","C",0.000141979972717851,0.000864628471639405,-0.00671426494730416,0.00699822489273986,"normal_approximation:conditional_gaussian_plugin_delta",""
1,20262100,"hess_cov","region","region","region016","cov","A","C",0.00218767298220588,0.0010870741089378,NA,NA,"unavailable","HESS joint uncertainty requires positive semidefinite plug-in genetic and residual matrices"
1,20262100,"hess_cov","region","region","region017","cov","A","C",-0.000358281701546534,0.000250831940101815,NA,NA,"unavailable","HESS joint uncertainty requires positive semidefinite plug-in genetic and residual matrices"
1,20262100,"hess_cov","region","region","region018","cov","A","C",-0.00052823035867864,0.000417865695149249,NA,NA,"unavailable","HESS joint uncertainty requires positive semidefinite plug-in genetic and residual matrices"
1,20262100,"hess_cov","region","region","region019","cov","A","C",0.00619621104406593,0.00241227489394846,NA,NA,"unavailable","HESS joint uncertainty requires positive semidefinite plug-in genetic and residual matrices"
1,20262100,"hess_cov","region","region","region020","cov","A","C",-0.00152895833299326,0.00234964963602357,NA,NA,"unavailable","HESS joint uncertainty requires positive semidefinite plug-in genetic and residual matrices"
1,20262100,"hess_cov","region","region","region001","cov","B","C",0.0674986623215589,0.0563987240377949,0.0528603689740226,0.0821369556690952,"normal_approximation:conditional_gaussian_plugin_delta",""
1,20262100,"hess_cov","region","region","region002","cov","B","C",0.0665147905939309,0.0563987240377949,0.0517991792399228,0.081230401947939,"normal_approximation:conditional_gaussian_plugin_delta",""
1,20262100,"hess_cov","region","region","region003","cov","B","C",0.000626624754432107,0.00133094707033114,-0.00687678419813635,0.00813003370700057,"normal_approximation:conditional_gaussian_plugin_delta",""
1,20262100,"hess_cov","region","region","region004","cov","B","C",-0.00350421152410094,0.000825280193558399,NA,NA,"unavailable","HESS joint uncertainty requires positive semidefinite plug-in genetic and residual matrices"
1,20262100,"hess_cov","region","region","region005","cov","B","C",-0.00199356236921082,9.42556825634601e-05,NA,NA,"unavailable","HESS joint uncertainty requires positive semidefinite plug-in genetic and residual matrices"
1,20262100,"hess_cov","region","region","region006","cov","B","C",0.0111315213309073,0.00122306080951545,NA,NA,"unavailable","HESS joint uncertainty requires positive semidefinite plug-in genetic and residual matrices"
1,20262100,"hess_cov","region","region","region007","cov","B","C",0.00241443952381284,0.00141160545586773,NA,NA,"unavailable","HESS joint uncertainty requires positive semidefinite plug-in genetic and residual matrices"
1,20262100,"hess_cov","region","region","region008","cov","B","C",0.00850458382381068,0.00279674391465783,NA,NA,"unavailable","HESS joint uncertainty requires positive semidefinite plug-in genetic and residual matrices"
1,20262100,"hess_cov","region","region","region009","cov","B","C",0.00479988152575165,0.00121096492719578,NA,NA,"unavailable","HESS joint uncertainty requires positive semidefinite plug-in genetic and residual matrices"
1,20262100,"hess_cov","region","region","region010","cov","B","C",0.00501603135912962,0.000807797630681983,NA,NA,"unavailable","HESS joint uncertainty requires positive semidefinite plug-in genetic and residual matrices"
1,20262100,"hess_cov","region","region","region011","cov","B","C",0.00308441480821043,0.00128549203628513,NA,NA,"unavailable","HESS joint uncertainty requires positive semidefinite plug-in genetic and residual matrices"
1,20262100,"hess_cov","region","region","region012","cov","B","C",0.00170056858570159,0.000737841834853846,NA,NA,"unavailable","HESS joint uncertainty requires positive semidefinite plug-in genetic and residual matrices"
1,20262100,"hess_cov","region","region","region013","cov","B","C",-0.00266816465813099,0.00211362149082815,-0.0102001957202032,0.00486386640394127,"normal_approximation:conditional_gaussian_plugin_delta",""
1,20262100,"hess_cov","region","region","region014","cov","B","C",0.00157466944005813,0.00130879245234824,NA,NA,"unavailable","HESS joint uncertainty requires positive semidefinite plug-in genetic and residual matrices"
1,20262100,"hess_cov","region","region","region015","cov","B","C",0.0036504685091269,0.00153158114744177,NA,NA,"unavailable","HESS joint uncertainty requires positive semidefinite plug-in genetic and residual matrices"
1,20262100,"hess_cov","region","region","region016","cov","B","C",-0.0025076222490606,0.00120225240569305,NA,NA,"unavailable","HESS joint uncertainty requires positive semidefinite plug-in genetic and residual matrices"
1,20262100,"hess_cov","region","region","region017","cov","B","C",-0.00212235927531402,0.000206231953304836,NA,NA,"unavailable","HESS joint uncertainty requires positive semidefinite plug-in genetic and residual matrices"
1,20262100,"hess_cov","region","region","region018","cov","B","C",-0.00125271817625096,0.00032418037033233,NA,NA,"unavailable","HESS joint uncertainty requires positive semidefinite plug-in genetic and residual matrices"
1,20262100,"hess_cov","region","region","region019","cov","B","C",0.00144550035908409,0.00245148137831321,NA,NA,"unavailable","HESS joint uncertainty requires positive semidefinite plug-in genetic and residual matrices"
1,20262100,"hess_cov","region","region","region020","cov","B","C",-0.000254777210302312,0.00167864885238255,NA,NA,"unavailable","HESS joint uncertainty requires positive semidefinite plug-in genetic and residual matrices"
1,20262100,"supergnova_cov","region","region","region001","cov","A","B",0.0400748166850658,0.0504840578428677,0.0238030660997718,0.0563465672703599,"normal_approximation:spectral_wls",""
1,20262100,"supergnova_cov","region","region","region002","cov","A","B",0.00132113234651777,7.6703046729164e-37,-0.0130151054984852,0.0156573701915208,"normal_approximation:spectral_wls",""
1,20262100,"supergnova_cov","region","region","region003","cov","A","B",0.00183892064795305,0.00117488722613871,-0.0038181030774559,0.00749594437336201,"normal_approximation:spectral_wls",""
1,20262100,"supergnova_cov","region","region","region004","cov","A","B",0.00300321612104274,0.000612572941461436,-0.00251915105125619,0.00852558329334167,"normal_approximation:spectral_wls",""
1,20262100,"supergnova_cov","region","region","region005","cov","A","B",-0.00053949720568237,-3.43602702246827e-05,-0.00805720730066236,0.00697821288929762,"normal_approximation:spectral_wls",""
1,20262100,"supergnova_cov","region","region","region006","cov","A","B",0.000414144306191167,0.00162341640283126,-0.00663070101660038,0.00745898962898272,"normal_approximation:spectral_wls",""
1,20262100,"supergnova_cov","region","region","region007","cov","A","B",-0.00153376248729631,0.00101815507201352,-0.00715455914685467,0.00408703417226205,"normal_approximation:spectral_wls",""
1,20262100,"supergnova_cov","region","region","region008","cov","A","B",0.000685989598159859,0.00160273734300592,-0.0057089095599407,0.00708088875626042,"normal_approximation:spectral_wls",""
1,20262100,"supergnova_cov","region","region","region009","cov","A","B",0.00404543397627694,0.00135397965067856,-0.00082532635310821,0.00891619430566208,"normal_approximation:spectral_wls",""
1,20262100,"supergnova_cov","region","region","region010","cov","A","B",-0.00233122774532438,0.00193526695654322,-0.00862434717973397,0.0039618916890852,"normal_approximation:spectral_wls",""
1,20262100,"supergnova_cov","region","region","region011","cov","A","B",-0.000443247804748269,0.000547114655890686,-0.00612719986261029,0.00524070425311375,"normal_approximation:spectral_wls",""
1,20262100,"supergnova_cov","region","region","region012","cov","A","B",0.00299782482086182,0.00100276273500749,-0.00533712474882912,0.0113327743905528,"normal_approximation:spectral_wls",""
1,20262100,"supergnova_cov","region","region","region013","cov","A","B",0.00275373931135082,0.00215265200830744,-0.00501162498716905,0.0105191036098707,"normal_approximation:spectral_wls",""
1,20262100,"supergnova_cov","region","region","region014","cov","A","B",-0.00296108524593926,0.00150906103805055,-0.0111638059872617,0.0052416354953832,"normal_approximation:spectral_wls",""
1,20262100,"supergnova_cov","region","region","region015","cov","A","B",0.00178140735159615,0.00069017307046547,-0.00457853354905488,0.00814134825224718,"normal_approximation:spectral_wls",""
1,20262100,"supergnova_cov","region","region","region016","cov","A","B",0.00188090553577941,0.00117798988648479,-0.00451421959056011,0.00827603066211893,"normal_approximation:spectral_wls",""
1,20262100,"supergnova_cov","region","region","region017","cov","A","B",0.0019449320777594,0.000594683389003593,-0.00559762319883367,0.00948748735435247,"normal_approximation:spectral_wls",""
1,20262100,"supergnova_cov","region","region","region018","cov","A","B",0.00416991381274505,0.000591156111490459,-0.00246733429994923,0.0108071619254393,"normal_approximation:spectral_wls",""
1,20262100,"supergnova_cov","region","region","region019","cov","A","B",0.000501218431842843,0.00308845123450694,-0.00575465833051265,0.00675709519419833,"normal_approximation:spectral_wls",""
1,20262100,"supergnova_cov","region","region","region020","cov","A","B",0.00756665421464139,0.000977580740083551,-0.000170758100167837,0.0153040665294506,"normal_approximation:spectral_wls",""
1,20262100,"supergnova_cov","region","region","region001","cov","A","C",0.0522168047352619,0.0477974492135915,0.032819280507232,0.0716143289632918,"normal_approximation:spectral_wls",""
1,20262100,"supergnova_cov","region","region","region002","cov","A","C",-0.00167118727751327,7.26211429353813e-37,-0.0183825733993584,0.0150401988443319,"normal_approximation:spectral_wls",""
1,20262100,"supergnova_cov","region","region","region003","cov","A","C",0.00243626417136984,0.000694971283884177,-0.00378783692258641,0.0086603652653261,"normal_approximation:spectral_wls",""
1,20262100,"supergnova_cov","region","region","region004","cov","A","C",0.000380727726876219,0.000898771768379528,-0.00644331267009752,0.00720476812384995,"normal_approximation:spectral_wls",""
1,20262100,"supergnova_cov","region","region","region005","cov","A","C",0.00255633125296733,0.000312125337728423,-0.00371112710130371,0.00882378960723837,"normal_approximation:spectral_wls",""
1,20262100,"supergnova_cov","region","region","region006","cov","A","C",0.00152203561352035,0.000802563643911432,-0.00361988049479584,0.00666395172183654,"normal_approximation:spectral_wls",""
1,20262100,"supergnova_cov","region","region","region007","cov","A","C",0.00500550896109642,0.00084317174340799,-0.00154563855013139,0.0115566564723242,"normal_approximation:spectral_wls",""
1,20262100,"supergnova_cov","region","region","region008","cov","A","C",0.00208030695247861,0.00171814416569841,-0.00329003202554603,0.00745064593050325,"normal_approximation:spectral_wls",""
1,20262100,"supergnova_cov","region","region","region009","cov","A","C",-0.00283020677280347,0.00167193661004652,-0.00806515506604626,0.00240474152043932,"normal_approximation:spectral_wls",""
1,20262100,"supergnova_cov","region","region","region010","cov","A","C",-0.00016972066216702,0.00122650226781495,-0.00698913786443643,0.00664969654010239,"normal_approximation:spectral_wls",""
1,20262100,"supergnova_cov","region","region","region011","cov","A","C",0.0032015092717438,0.000423399163687787,-0.00266394789695344,0.00906696644044105,"normal_approximation:spectral_wls",""
1,20262100,"supergnova_cov","region","region","region012","cov","A","C",-0.00443833615780236,9.1527675672446e-06,-0.0112075985364879,0.00233092622088322,"normal_approximation:spectral_wls",""
1,20262100,"supergnova_cov","region","region","region013","cov","A","C",-0.00199719957475219,0.00147684231166309,-0.0081628576732328,0.00416845852372841,"normal_approximation:spectral_wls",""
1,20262100,"supergnova_cov","region","region","region014","cov","A","C",0.00219696756424863,0.000839638321870034,-0.00315564347651996,0.00754957860501722,"normal_approximation:spectral_wls",""
1,20262100,"supergnova_cov","region","region","region015","cov","A","C",3.12504614848123e-06,0.000864628471639405,-0.00593783063386593,0.00594408072616289,"normal_approximation:spectral_wls",""
1,20262100,"supergnova_cov","region","region","region016","cov","A","C",0.00256691259164166,0.0010870741089378,-0.00235647469919381,0.00749029988247714,"normal_approximation:spectral_wls",""
1,20262100,"supergnova_cov","region","region","region017","cov","A","C",-0.00112577815487115,0.000250831940101815,-0.00666388271375563,0.00441232640401333,"normal_approximation:spectral_wls",""
1,20262100,"supergnova_cov","region","region","region018","cov","A","C",-0.00170040971210554,0.000417865695149249,-0.00676013075663249,0.00335931133242141,"normal_approximation:spectral_wls",""
1,20262100,"supergnova_cov","region","region","region019","cov","A","C",-0.000283740798301175,0.00241227489394846,-0.00647139199138326,0.00590391039478091,"normal_approximation:spectral_wls",""
1,20262100,"supergnova_cov","region","region","region020","cov","A","C",-0.000191791809859574,0.00234964963602357,-0.00689473706928042,0.00651115344956127,"normal_approximation:spectral_wls",""
1,20262100,"supergnova_cov","region","region","region001","cov","B","C",0.0680241190887896,0.0563987240377949,0.045990056150746,0.0900581820268331,"normal_approximation:spectral_wls",""
1,20262100,"supergnova_cov","region","region","region002","cov","B","C",0.0650012275839072,0.0563987240377949,0.0428032364916166,0.0871992186761978,"normal_approximation:spectral_wls",""
1,20262100,"supergnova_cov","region","region","region003","cov","B","C",-0.00128122774257785,0.00133094707033114,-0.00802148528436431,0.0054590297992086,"normal_approximation:spectral_wls",""
1,20262100,"supergnova_cov","region","region","region004","cov","B","C",-0.00294937061568093,0.000825280193558399,-0.00824435888438164,0.00234561765301977,"normal_approximation:spectral_wls",""
1,20262100,"supergnova_cov","region","region","region005","cov","B","C",-0.000795936873981539,9.42556825634601e-05,-0.00810852197500491,0.00651664822704184,"normal_approximation:spectral_wls",""
1,20262100,"supergnova_cov","region","region","region006","cov","B","C",0.0102733886071972,0.00122306080951545,0.0034325333390643,0.01711424387533,"normal_approximation:spectral_wls",""
1,20262100,"supergnova_cov","region","region","region007","cov","B","C",0.0024752309442121,0.00141160545586773,-0.00356411335388171,0.00851457524230592,"normal_approximation:spectral_wls",""
1,20262100,"supergnova_cov","region","region","region008","cov","B","C",0.00924070493192569,0.00279674391465783,0.00255057395174543,0.015930835912106,"normal_approximation:spectral_wls",""
1,20262100,"supergnova_cov","region","region","region009","cov","B","C",0.00287809038075991,0.00121096492719578,-0.00245740819785295,0.00821358895937276,"normal_approximation:spectral_wls",""
1,20262100,"supergnova_cov","region","region","region010","cov","B","C",0.00391030795823513,0.000807797630681983,-0.00267466034070047,0.0104952762571707,"normal_approximation:spectral_wls",""
1,20262100,"supergnova_cov","region","region","region011","cov","B","C",0.0033032306692152,0.00128549203628513,-0.00311111108307211,0.00971757242150251,"normal_approximation:spectral_wls",""
1,20262100,"supergnova_cov","region","region","region012","cov","B","C",0.00116129878444942,0.000737841834853846,-0.00482781164581031,0.00715040921470915,"normal_approximation:spectral_wls",""
1,20262100,"supergnova_cov","region","region","region013","cov","B","C",-0.00322174673562632,0.00211362149082815,-0.0109755617081495,0.00453206823689689,"normal_approximation:spectral_wls",""
1,20262100,"supergnova_cov","region","region","region014","cov","B","C",0.00221406348979113,0.00130879245234824,-0.00515590244180168,0.00958402942138394,"normal_approximation:spectral_wls",""
1,20262100,"supergnova_cov","region","region","region015","cov","B","C",0.00322388246196209,0.00153158114744177,-0.00315918140779868,0.00960694633172286,"normal_approximation:spectral_wls",""
1,20262100,"supergnova_cov","region","region","region016","cov","B","C",-0.00161408175589977,0.00120225240569305,-0.00762903446188776,0.00440087095008821,"normal_approximation:spectral_wls",""
1,20262100,"supergnova_cov","region","region","region017","cov","B","C",-0.000865720677912613,0.000206231953304836,-0.00845841142156399,0.00672697006573877,"normal_approximation:spectral_wls",""
1,20262100,"supergnova_cov","region","region","region018","cov","B","C",-0.0026875914649586,0.00032418037033233,-0.00770589654487846,0.00233071361496125,"normal_approximation:spectral_wls",""
1,20262100,"supergnova_cov","region","region","region019","cov","B","C",0.00145438129572305,0.00245148137831321,-0.00492737344274124,0.00783613603418735,"normal_approximation:spectral_wls",""
1,20262100,"supergnova_cov","region","region","region020","cov","B","C",0.000241505119141407,0.00167864885238255,-0.00636112812327557,0.00684413836155839,"normal_approximation:spectral_wls",""
1,20262100,"lava_cov","region","region","region001","cov","A","B",0.0411285279664608,0.0504840578428677,NA,NA,"unavailable","LAVA estimator uncertainty is not implemented; see separate trait-specific univariate test"
1,20262100,"lava_cov","region","region","region001","cov","A","C",0.0531600412907156,0.0477974492135915,NA,NA,"unavailable","LAVA estimator uncertainty is not implemented; see separate trait-specific univariate test"
1,20262100,"lava_cov","region","region","region001","cov","B","C",0.0631868787616123,0.0563987240377949,NA,NA,"unavailable","LAVA estimator uncertainty is not implemented; see separate trait-specific univariate test"
1,20262100,"lava_cov","region","region","region002","cov","A","B",0.00172879767008221,7.6703046729164e-37,NA,NA,"unavailable","LAVA estimator uncertainty is not implemented; see separate trait-specific univariate test"
1,20262100,"lava_cov","region","region","region002","cov","A","C",-0.00125510039641906,7.26211429353813e-37,NA,NA,"unavailable","LAVA estimator uncertainty is not implemented; see separate trait-specific univariate test"
1,20262100,"lava_cov","region","region","region002","cov","B","C",0.0620942411803266,0.0563987240377949,NA,NA,"unavailable","LAVA estimator uncertainty is not implemented; see separate trait-specific univariate test"
1,20262100,"lava_cov","region","region","region003","cov","A","B",0.00135441154152209,0.00117488722613871,NA,NA,"unavailable","LAVA estimator uncertainty is not implemented; see separate trait-specific univariate test"
1,20262100,"lava_cov","region","region","region003","cov","A","C",0.00314081236660338,0.000694971283884177,NA,NA,"unavailable","LAVA estimator uncertainty is not implemented; see separate trait-specific univariate test"
1,20262100,"lava_cov","region","region","region003","cov","B","C",0.000629702073622436,0.00133094707033114,NA,NA,"unavailable","LAVA estimator uncertainty is not implemented; see separate trait-specific univariate test"
1,20262100,"lava_cov","region","region","region004","cov","A","B",0.00161607865069412,0.000612572941461436,NA,NA,"unavailable","LAVA estimator uncertainty is not implemented; see separate trait-specific univariate test"
1,20262100,"lava_cov","region","region","region004","cov","A","C",-6.31319594130393e-05,0.000898771768379528,NA,NA,"unavailable","LAVA estimator uncertainty is not implemented; see separate trait-specific univariate test"
1,20262100,"lava_cov","region","region","region004","cov","B","C",-0.00350243678313621,0.000825280193558399,NA,NA,"unavailable","LAVA estimator uncertainty is not implemented; see separate trait-specific univariate test"
1,20262100,"lava_cov","region","region","region005","cov","A","B",-0.000961118345745542,-3.43602702246827e-05,NA,NA,"unavailable","LAVA estimator uncertainty is not implemented; see separate trait-specific univariate test"
1,20262100,"lava_cov","region","region","region005","cov","A","C",0.000448428949688355,0.000312125337728423,NA,NA,"unavailable","LAVA estimator uncertainty is not implemented; see separate trait-specific univariate test"
1,20262100,"lava_cov","region","region","region005","cov","B","C",-0.00199646606661662,9.42556825634601e-05,NA,NA,"unavailable","LAVA estimator uncertainty is not implemented; see separate trait-specific univariate test"
1,20262100,"lava_cov","region","region","region006","cov","A","B",0.00033800498939162,0.00162341640283126,NA,NA,"unavailable","LAVA estimator uncertainty is not implemented; see separate trait-specific univariate test"
1,20262100,"lava_cov","region","region","region006","cov","A","C",0.00223101325279655,0.000802563643911432,NA,NA,"unavailable","LAVA estimator uncertainty is not implemented; see separate trait-specific univariate test"
1,20262100,"lava_cov","region","region","region006","cov","B","C",0.0111249740748679,0.00122306080951545,NA,NA,"unavailable","LAVA estimator uncertainty is not implemented; see separate trait-specific univariate test"
1,20262100,"lava_cov","region","region","region007","cov","A","B",-0.00294260696355121,0.00101815507201352,NA,NA,"unavailable","LAVA estimator uncertainty is not implemented; see separate trait-specific univariate test"
1,20262100,"lava_cov","region","region","region007","cov","A","C",0.00149013501895376,0.00084317174340799,NA,NA,"unavailable","LAVA estimator uncertainty is not implemented; see separate trait-specific univariate test"
1,20262100,"lava_cov","region","region","region007","cov","B","C",0.00241339571002772,0.00141160545586773,NA,NA,"unavailable","LAVA estimator uncertainty is not implemented; see separate trait-specific univariate test"
1,20262100,"lava_cov","region","region","region008","cov","A","B",0.00142996939434995,0.00160273734300592,NA,NA,"unavailable","LAVA estimator uncertainty is not implemented; see separate trait-specific univariate test"
1,20262100,"lava_cov","region","region","region008","cov","A","C",0.00191961828882406,0.00171814416569841,NA,NA,"unavailable","LAVA estimator uncertainty is not implemented; see separate trait-specific univariate test"
1,20262100,"lava_cov","region","region","region008","cov","B","C",0.00849889671613339,0.00279674391465783,NA,NA,"unavailable","LAVA estimator uncertainty is not implemented; see separate trait-specific univariate test"
1,20262100,"lava_cov","region","region","region009","cov","A","B",0.00437255866069024,0.00135397965067856,NA,NA,"unavailable","LAVA estimator uncertainty is not implemented; see separate trait-specific univariate test"
1,20262100,"lava_cov","region","region","region009","cov","A","C",-0.00317202479589008,0.00167193661004652,NA,NA,"unavailable","LAVA estimator uncertainty is not implemented; see separate trait-specific univariate test"
1,20262100,"lava_cov","region","region","region009","cov","B","C",0.00479950524193284,0.00121096492719578,NA,NA,"unavailable","LAVA estimator uncertainty is not implemented; see separate trait-specific univariate test"
1,20262100,"lava_cov","region","region","region010","cov","A","B",-0.00325879431859689,0.00193526695654322,NA,NA,"unavailable","LAVA estimator uncertainty is not implemented; see separate trait-specific univariate test"
1,20262100,"lava_cov","region","region","region010","cov","A","C",-0.000798647190949334,0.00122650226781495,NA,NA,"unavailable","LAVA estimator uncertainty is not implemented; see separate trait-specific univariate test"
1,20262100,"lava_cov","region","region","region010","cov","B","C",0.00501537474060269,0.000807797630681983,NA,NA,"unavailable","LAVA estimator uncertainty is not implemented; see separate trait-specific univariate test"
1,20262100,"lava_cov","region","region","region011","cov","A","B",0.0012311942257955,0.000547114655890686,NA,NA,"unavailable","LAVA estimator uncertainty is not implemented; see separate trait-specific univariate test"
1,20262100,"lava_cov","region","region","region011","cov","A","C",0.00440314312114592,0.000423399163687787,NA,NA,"unavailable","LAVA estimator uncertainty is not implemented; see separate trait-specific univariate test"
1,20262100,"lava_cov","region","region","region011","cov","B","C",0.00308394335623325,0.00128549203628513,NA,NA,"unavailable","LAVA estimator uncertainty is not implemented; see separate trait-specific univariate test"
1,20262100,"lava_cov","region","region","region012","cov","A","B",0.00384925354700661,0.00100276273500749,NA,NA,"unavailable","LAVA estimator uncertainty is not implemented; see separate trait-specific univariate test"
1,20262100,"lava_cov","region","region","region012","cov","A","C",-0.00356332107997787,9.1527675672446e-06,NA,NA,"unavailable","LAVA estimator uncertainty is not implemented; see separate trait-specific univariate test"
1,20262100,"lava_cov","region","region","region012","cov","B","C",0.00170088208080806,0.000737841834853846,NA,NA,"unavailable","LAVA estimator uncertainty is not implemented; see separate trait-specific univariate test"
1,20262100,"lava_cov","region","region","region013","cov","A","B",0.00130823608676137,0.00215265200830744,NA,NA,"unavailable","LAVA estimator uncertainty is not implemented; see separate trait-specific univariate test"
1,20262100,"lava_cov","region","region","region013","cov","A","C",-0.000464912107407874,0.00147684231166309,NA,NA,"unavailable","LAVA estimator uncertainty is not implemented; see separate trait-specific univariate test"
1,20262100,"lava_cov","region","region","region013","cov","B","C",-0.00266949293442843,0.00211362149082815,NA,NA,"unavailable","LAVA estimator uncertainty is not implemented; see separate trait-specific univariate test"
1,20262100,"lava_cov","region","region","region014","cov","A","B",-0.00491337815494285,0.00150906103805055,NA,NA,"unavailable","LAVA estimator uncertainty is not implemented; see separate trait-specific univariate test"
1,20262100,"lava_cov","region","region","region014","cov","A","C",0.000897956998796109,0.000839638321870034,NA,NA,"unavailable","LAVA estimator uncertainty is not implemented; see separate trait-specific univariate test"
1,20262100,"lava_cov","region","region","region014","cov","B","C",0.00157356465062518,0.00130879245234824,NA,NA,"unavailable","LAVA estimator uncertainty is not implemented; see separate trait-specific univariate test"
1,20262100,"lava_cov","region","region","region015","cov","A","B",0.00194756361870191,0.00069017307046547,NA,NA,"unavailable","LAVA estimator uncertainty is not implemented; see separate trait-specific univariate test"
1,20262100,"lava_cov","region","region","region015","cov","A","C",0.000143253490742103,0.000864628471639405,NA,NA,"unavailable","LAVA estimator uncertainty is not implemented; see separate trait-specific univariate test"
1,20262100,"lava_cov","region","region","region015","cov","B","C",0.00365116191023795,0.00153158114744177,NA,NA,"unavailable","LAVA estimator uncertainty is not implemented; see separate trait-specific univariate test"
1,20262100,"lava_cov","region","region","region016","cov","A","B",0.00482771404076789,0.00117798988648479,NA,NA,"unavailable","LAVA estimator uncertainty is not implemented; see separate trait-specific univariate test"
1,20262100,"lava_cov","region","region","region016","cov","A","C",0.00218565902323737,0.0010870741089378,NA,NA,"unavailable","LAVA estimator uncertainty is not implemented; see separate trait-specific univariate test"
1,20262100,"lava_cov","region","region","region016","cov","B","C",-0.00250729754694301,0.00120225240569305,NA,NA,"unavailable","LAVA estimator uncertainty is not implemented; see separate trait-specific univariate test"
1,20262100,"lava_cov","region","region","region017","cov","A","B",0.00288674343520142,0.000594683389003593,NA,NA,"unavailable","LAVA estimator uncertainty is not implemented; see separate trait-specific univariate test"
1,20262100,"lava_cov","region","region","region017","cov","A","C",-0.0003566894034554,0.000250831940101815,NA,NA,"unavailable","LAVA estimator uncertainty is not implemented; see separate trait-specific univariate test"
1,20262100,"lava_cov","region","region","region017","cov","B","C",-0.0021244869397792,0.000206231953304836,NA,NA,"unavailable","LAVA estimator uncertainty is not implemented; see separate trait-specific univariate test"
1,20262100,"lava_cov","region","region","region018","cov","A","B",0.00173216073431468,0.000591156111490459,NA,NA,"unavailable","LAVA estimator uncertainty is not implemented; see separate trait-specific univariate test"
1,20262100,"lava_cov","region","region","region018","cov","A","C",-0.000530274484607855,0.000417865695149249,NA,NA,"unavailable","LAVA estimator uncertainty is not implemented; see separate trait-specific univariate test"
1,20262100,"lava_cov","region","region","region018","cov","B","C",-0.00125126507251646,0.00032418037033233,NA,NA,"unavailable","LAVA estimator uncertainty is not implemented; see separate trait-specific univariate test"
1,20262100,"lava_cov","region","region","region019","cov","A","B",-0.00132765465629408,0.00308845123450694,NA,NA,"unavailable","LAVA estimator uncertainty is not implemented; see separate trait-specific univariate test"
1,20262100,"lava_cov","region","region","region019","cov","A","C",0.00619553165863499,0.00241227489394846,NA,NA,"unavailable","LAVA estimator uncertainty is not implemented; see separate trait-specific univariate test"
1,20262100,"lava_cov","region","region","region019","cov","B","C",0.0014468387030215,0.00245148137831321,NA,NA,"unavailable","LAVA estimator uncertainty is not implemented; see separate trait-specific univariate test"
1,20262100,"lava_cov","region","region","region020","cov","A","B",0.00573313297329954,0.000977580740083551,NA,NA,"unavailable","LAVA estimator uncertainty is not implemented; see separate trait-specific univariate test"
1,20262100,"lava_cov","region","region","region020","cov","A","C",-0.00153032683219503,0.00234964963602357,NA,NA,"unavailable","LAVA estimator uncertainty is not implemented; see separate trait-specific univariate test"
1,20262100,"lava_cov","region","region","region020","cov","B","C",-0.000254772277291609,0.00167864885238255,NA,NA,"unavailable","LAVA estimator uncertainty is not implemented; see separate trait-specific univariate test"
1,20262100,"ldsc_annotation_h2","reference","all",NA,"h2","A",NA,0.345984544301286,0.303963790428954,0.162114354118893,0.52985473448368,"normal_approximation:block_jackknife",""
1,20262100,"ldsc_annotation_h2","annotation_category","enriched",NA,"h2","A",NA,0.195722923752796,0.23184491380098,0.0749881559815756,0.316457691524017,"normal_approximation:block_jackknife",""
1,20262100,"ldsc_annotation_h2","annotation_category","background",NA,"h2","A",NA,0.15026162054849,0.0721188766279745,0.0115844317032111,0.288938809393769,"normal_approximation:block_jackknife",""
1,20262100,"ldsc_annotation_h2","reference","all",NA,"h2","B",NA,0.493366044828297,0.402838601029903,0.258022524327348,0.728709565329247,"normal_approximation:block_jackknife",""
1,20262100,"ldsc_annotation_h2","annotation_category","enriched",NA,"h2","B",NA,0.330663502802443,0.303785531347991,0.135297170026357,0.526029835578529,"normal_approximation:block_jackknife",""
1,20262100,"ldsc_annotation_h2","annotation_category","background",NA,"h2","B",NA,0.162702542025854,0.099053069681912,0.0314829981737438,0.293922085877965,"normal_approximation:block_jackknife",""
1,20262100,"ldsc_annotation_h2","reference","all",NA,"h2","C",NA,0.412935325123084,0.349342700568826,0.14721541129628,0.678655238949888,"normal_approximation:block_jackknife",""
1,20262100,"ldsc_annotation_h2","annotation_category","enriched",NA,"h2","C",NA,0.253948939497148,0.267627041900062,0.0209098402515337,0.486988038742763,"normal_approximation:block_jackknife",""
1,20262100,"ldsc_annotation_h2","annotation_category","background",NA,"h2","C",NA,0.158986385625936,0.0817156586687637,0.0313155163838379,0.286657254868033,"normal_approximation:block_jackknife",""
1,20262100,"ldsc_annotation_rg","reference","all",NA,"rg","A","B",0.6565930413862,0.551562936457882,0.288812655919696,1.0243734268527,"normal_approximation:block_jackknife",""
1,20262100,"ldsc_annotation_rg","annotation_category","enriched",NA,"rg","A","B",0.431388198143536,0.559697024986997,0.0673829438156545,0.795393452471418,"normal_approximation:block_jackknife",""
1,20262100,"ldsc_annotation_rg","annotation_category","background",NA,"rg","A","B",1.03307730332859,0.526138178682352,0.151319831921018,1.91483477473617,"normal_approximation:block_jackknife",""
1,20262100,"ldsc_annotation_rg","reference","all",NA,"rg","A","C",0.406021446453339,0.569370866679062,0.0191658036860529,0.792877089220625,"normal_approximation:block_jackknife",""
1,20262100,"ldsc_annotation_rg","annotation_category","enriched",NA,"rg","A","C",0.4367402614454,0.587652119019831,-0.0583206386565829,0.931801161547384,"normal_approximation:block_jackknife",""
1,20262100,"ldsc_annotation_rg","annotation_category","background",NA,"rg","A","C",0.362959746355378,0.510070846019547,-0.307508219938416,1.03342771264917,"normal_approximation:block_jackknife",""
1,20262100,"ldsc_annotation_rg","reference","all",NA,"rg","B","C",0.737263179652716,0.729509414554371,0.428727627105246,1.04579873220019,"normal_approximation:block_jackknife",""
1,20262100,"ldsc_annotation_rg","annotation_category","enriched",NA,"rg","B","C",0.889739059247057,0.780914067253498,0.629217615093393,1.15026050340072,"normal_approximation:block_jackknife",""
1,20262100,"ldsc_annotation_rg","annotation_category","background",NA,"rg","B","C",0.465982669863933,0.566892242621689,-0.161677007919606,1.09364234764747,"normal_approximation:block_jackknife",""
1,20262100,"bayesc","reference","all",NA,"h2","A",NA,0.313493827548513,0.303963790428954,0.28424548165132,0.344394012797304,"conditional_equal_tailed_posterior",""
1,20262100,"bayesr","reference","all",NA,"h2","A",NA,0.306985303311493,0.303963790428954,0.265251224475558,0.350277448655825,"conditional_equal_tailed_posterior",""
2,20262200,"ldsc_h2","reference","all",NA,"h2","A",NA,0.267301612897325,0.304745793592502,0.106332987905005,0.428270237889645,"normal_approximation:block_jackknife",""
2,20262200,"ldsc_h2","reference","all",NA,"h2","B",NA,0.233721845485371,0.401859780767008,0.0592037225040073,0.408239968466735,"normal_approximation:block_jackknife",""
2,20262200,"ldsc_h2","reference","all",NA,"h2","C",NA,0.366161874680895,0.348056354247866,0.194748839713123,0.537574909648668,"normal_approximation:block_jackknife",""
2,20262200,"ldsc_rg","reference","all",NA,"rg","A","B",0.196981353770501,0.565159438488549,-0.270797254877348,0.664759962418349,"normal_approximation:block_jackknife",""
2,20262200,"ldsc_rg","reference","all",NA,"rg","A","C",0.499541237927392,0.579669988714734,0.0995977876771224,0.899484688177662,"normal_approximation:block_jackknife",""
2,20262200,"ldsc_rg","reference","all",NA,"rg","B","C",0.658540690234061,0.719189912874623,0.228277477606695,1.08880390286143,"normal_approximation:block_jackknife",""
2,20262200,"gnova_h2","reference","all",NA,"h2","A",NA,0.262390130102754,0.304745793592502,0.103716020239573,0.421064239965936,"normal_approximation:block_jackknife",""
2,20262200,"gnova_h2","reference","all",NA,"h2","B",NA,0.225858598292413,0.401859780767008,0.0543292115024561,0.39738798508237,"normal_approximation:block_jackknife",""
2,20262200,"gnova_h2","reference","all",NA,"h2","C",NA,0.358129804598129,0.348056354247866,0.189504243994525,0.526755365201732,"normal_approximation:block_jackknife",""
2,20262200,"gnova_rg","reference","all",NA,"rg","A","B",0.194955511456476,0.565159438488549,-0.283011679176768,0.672922702089721,"normal_approximation:block_jackknife",""
2,20262200,"gnova_rg","reference","all",NA,"rg","A","C",0.485033717231061,0.579669988714734,0.0808260623242322,0.889241372137891,"normal_approximation:block_jackknife",""
2,20262200,"gnova_rg","reference","all",NA,"rg","B","C",0.662215035818059,0.719189912874623,0.220971425210835,1.10345864642528,"normal_approximation:block_jackknife",""
2,20262200,"sumher_h2","reference","all",NA,"h2","A",NA,0.267301641347429,0.304745793592502,0.106333006359282,0.428270276335577,"normal_approximation:fixed_weight_block_jackknife",""
2,20262200,"sumher_h2","reference","all",NA,"h2","B",NA,0.233722115912722,0.401859780767008,0.0592039303611684,0.408240301464275,"normal_approximation:fixed_weight_block_jackknife",""
2,20262200,"sumher_h2","reference","all",NA,"h2","C",NA,0.366161954920905,0.348056354247866,0.194748901141589,0.537575008700222,"normal_approximation:fixed_weight_block_jackknife",""
2,20262200,"sumher_rg","reference","all",NA,"rg","A","B",0.196981233448353,0.565159438488549,-0.270797075166812,0.664759542063517,"normal_approximation:fixed_weight_block_jackknife",""
2,20262200,"sumher_rg","reference","all",NA,"rg","A","C",0.499541160558711,0.579669988714734,0.099597786682544,0.899484534434879,"normal_approximation:fixed_weight_block_jackknife",""
2,20262200,"sumher_rg","reference","all",NA,"rg","B","C",0.658540245453316,0.719189912874623,0.22827743269135,1.08880305821528,"normal_approximation:fixed_weight_block_jackknife",""
2,20262200,"hess_cov","region","region","region001","cov","A","B",0.0436672423773907,0.051419837040208,0.0309325353389666,0.0564019494158149,"normal_approximation:conditional_gaussian_plugin_delta",""
2,20262200,"hess_cov","region","region","region002","cov","A","B",0.00453845660690844,7.81248245847632e-37,-0.00820377783195058,0.0172806910457675,"normal_approximation:conditional_gaussian_plugin_delta",""
2,20262200,"hess_cov","region","region","region003","cov","A","B",0.0005936087666504,0.00154517616301795,NA,NA,"unavailable","HESS joint uncertainty requires positive semidefinite plug-in genetic and residual matrices"
2,20262200,"hess_cov","region","region","region004","cov","A","B",0.00392304423579682,0.000521276920459244,NA,NA,"unavailable","HESS joint uncertainty requires positive semidefinite plug-in genetic and residual matrices"
2,20262200,"hess_cov","region","region","region005","cov","A","B",0.013124164632484,0.00248225940830532,NA,NA,"unavailable","HESS joint uncertainty requires positive semidefinite plug-in genetic and residual matrices"
2,20262200,"hess_cov","region","region","region006","cov","A","B",-0.00353455409201705,0.00280635711817679,NA,NA,"unavailable","HESS joint uncertainty requires positive semidefinite plug-in genetic and residual matrices"
2,20262200,"hess_cov","region","region","region007","cov","A","B",0.00408133457696729,0.00235457019023576,-0.00343549717804739,0.011598166331982,"normal_approximation:conditional_gaussian_plugin_delta",""
2,20262200,"hess_cov","region","region","region008","cov","A","B",-0.00566214597221138,0.00148836213412695,NA,NA,"unavailable","HESS joint uncertainty requires positive semidefinite plug-in genetic and residual matrices"
2,20262200,"hess_cov","region","region","region009","cov","A","B",0.000145226103674757,0.00101518580499163,-0.00684829481947064,0.00713874702682016,"normal_approximation:conditional_gaussian_plugin_delta",""
2,20262200,"hess_cov","region","region","region010","cov","A","B",-0.00104270177714548,0.000271240612772111,-0.00827847909332304,0.00619307553903207,"normal_approximation:conditional_gaussian_plugin_delta",""
2,20262200,"hess_cov","region","region","region011","cov","A","B",0.00585309422981972,0.00127805005773573,NA,NA,"unavailable","HESS joint uncertainty requires positive semidefinite plug-in genetic and residual matrices"
2,20262200,"hess_cov","region","region","region012","cov","A","B",0.00811079206932254,0.00115544002156963,NA,NA,"unavailable","HESS joint uncertainty requires positive semidefinite plug-in genetic and residual matrices"
2,20262200,"hess_cov","region","region","region013","cov","A","B",-0.000592281903451926,0.000217910321471684,NA,NA,"unavailable","HESS joint uncertainty requires positive semidefinite plug-in genetic and residual matrices"
2,20262200,"hess_cov","region","region","region014","cov","A","B",0.0011798581508877,0.00132783694320226,-0.00666727635399011,0.00902699265576551,"normal_approximation:conditional_gaussian_plugin_delta",""
2,20262200,"hess_cov","region","region","region015","cov","A","B",0.00460168801451415,0.00307458234066991,-0.00310568429984249,0.0123090603288708,"normal_approximation:conditional_gaussian_plugin_delta",""
2,20262200,"hess_cov","region","region","region016","cov","A","B",-0.00299825032299469,0.000515679756939893,NA,NA,"unavailable","HESS joint uncertainty requires positive semidefinite plug-in genetic and residual matrices"
2,20262200,"hess_cov","region","region","region017","cov","A","B",0.00803306151330777,0.00160512908374374,NA,NA,"unavailable","HESS joint uncertainty requires positive semidefinite plug-in genetic and residual matrices"
2,20262200,"hess_cov","region","region","region018","cov","A","B",0.00032839034628262,0.00179273170466778,-0.00709365055660985,0.00775043124917509,"normal_approximation:conditional_gaussian_plugin_delta",""
2,20262200,"hess_cov","region","region","region019","cov","A","B",-0.00448735919580927,0.00125440492867662,NA,NA,"unavailable","HESS joint uncertainty requires positive semidefinite plug-in genetic and residual matrices"
2,20262200,"hess_cov","region","region","region020","cov","A","B",-0.00319966470846685,0.000795306557739579,NA,NA,"unavailable","HESS joint uncertainty requires positive semidefinite plug-in genetic and residual matrices"
2,20262200,"hess_cov","region","region","region001","cov","A","C",0.0470463861029927,0.0487589926365473,NA,NA,"unavailable","HESS joint uncertainty requires positive semidefinite plug-in genetic and residual matrices"
2,20262200,"hess_cov","region","region","region002","cov","A","C",0.00726878314531363,7.40820657148587e-37,-0.00536695606006573,0.019904522350693,"normal_approximation:conditional_gaussian_plugin_delta",""
2,20262200,"hess_cov","region","region","region003","cov","A","C",-0.000178147019375349,0.00116100053144186,NA,NA,"unavailable","HESS joint uncertainty requires positive semidefinite plug-in genetic and residual matrices"
2,20262200,"hess_cov","region","region","region004","cov","A","C",-0.00297689630291806,-7.36813647482231e-05,NA,NA,"unavailable","HESS joint uncertainty requires positive semidefinite plug-in genetic and residual matrices"
2,20262200,"hess_cov","region","region","region005","cov","A","C",0.00808708774889533,0.00229297468953305,-0.000233662849548231,0.0164078383473389,"normal_approximation:conditional_gaussian_plugin_delta",""
2,20262200,"hess_cov","region","region","region006","cov","A","C",0.00150688028040708,0.00228213766065619,-0.00598919189200712,0.00900295245282127,"normal_approximation:conditional_gaussian_plugin_delta",""
2,20262200,"hess_cov","region","region","region007","cov","A","C",-0.000250377136688801,0.00118262378088733,-0.00757667074945695,0.00707591647607934,"normal_approximation:conditional_gaussian_plugin_delta",""
2,20262200,"hess_cov","region","region","region008","cov","A","C",0.00216163642749846,0.00164464325356684,NA,NA,"unavailable","HESS joint uncertainty requires positive semidefinite plug-in genetic and residual matrices"
2,20262200,"hess_cov","region","region","region009","cov","A","C",0.00101563138759476,0.000406514331354413,NA,NA,"unavailable","HESS joint uncertainty requires positive semidefinite plug-in genetic and residual matrices"
2,20262200,"hess_cov","region","region","region010","cov","A","C",-0.00583904878164165,9.4110002888442e-05,NA,NA,"unavailable","HESS joint uncertainty requires positive semidefinite plug-in genetic and residual matrices"
2,20262200,"hess_cov","region","region","region011","cov","A","C",0.00552579343708502,0.000636312627284668,-0.00260419880369619,0.0136557856778662,"normal_approximation:conditional_gaussian_plugin_delta",""
2,20262200,"hess_cov","region","region","region012","cov","A","C",0.00306223138239035,0.000830477823880497,NA,NA,"unavailable","HESS joint uncertainty requires positive semidefinite plug-in genetic and residual matrices"
2,20262200,"hess_cov","region","region","region013","cov","A","C",-0.00240377899277758,0.000180828496511407,NA,NA,"unavailable","HESS joint uncertainty requires positive semidefinite plug-in genetic and residual matrices"
2,20262200,"hess_cov","region","region","region014","cov","A","C",-0.00198089145515892,0.000749650456056481,NA,NA,"unavailable","HESS joint uncertainty requires positive semidefinite plug-in genetic and residual matrices"
2,20262200,"hess_cov","region","region","region015","cov","A","C",0.00910047455437556,0.00268473244953526,NA,NA,"unavailable","HESS joint uncertainty requires positive semidefinite plug-in genetic and residual matrices"
2,20262200,"hess_cov","region","region","region016","cov","A","C",-0.000594364518042549,9.49834677997445e-05,-0.00780617077126361,0.00661744173517852,"normal_approximation:conditional_gaussian_plugin_delta",""
2,20262200,"hess_cov","region","region","region017","cov","A","C",0.00336221578306714,0.00246525308028943,NA,NA,"unavailable","HESS joint uncertainty requires positive semidefinite plug-in genetic and residual matrices"
2,20262200,"hess_cov","region","region","region018","cov","A","C",0.00388164479318345,0.00293465057399785,-0.00347743931672681,0.0112407289030937,"normal_approximation:conditional_gaussian_plugin_delta",""
2,20262200,"hess_cov","region","region","region019","cov","A","C",0.00309566896606549,0.00229428006323147,-0.00432448987514064,0.0105158278072716,"normal_approximation:conditional_gaussian_plugin_delta",""
2,20262200,"hess_cov","region","region","region020","cov","A","C",-0.0023403915512959,0.00122935281995912,-0.0102699801025205,0.00558919699992874,"normal_approximation:conditional_gaussian_plugin_delta",""
2,20262200,"hess_cov","region","region","region001","cov","B","C",0.0546286016866925,0.0549380777928958,0.0411422168762879,0.0681149864970971,"normal_approximation:conditional_gaussian_plugin_delta",""
2,20262200,"hess_cov","region","region","region002","cov","B","C",0.0604577611709449,0.0549380777928958,NA,NA,"unavailable","HESS joint uncertainty requires positive semidefinite plug-in genetic and residual matrices"
2,20262200,"hess_cov","region","region","region003","cov","B","C",-0.000294901771252733,0.00158662466744872,NA,NA,"unavailable","HESS joint uncertainty requires positive semidefinite plug-in genetic and residual matrices"
2,20262200,"hess_cov","region","region","region004","cov","B","C",0.000782292936024287,0.000243068360030537,NA,NA,"unavailable","HESS joint uncertainty requires positive semidefinite plug-in genetic and residual matrices"
2,20262200,"hess_cov","region","region","region005","cov","B","C",0.00136849806820823,0.00254144930250245,-0.00718140492113337,0.00991840105754983,"normal_approximation:conditional_gaussian_plugin_delta",""
2,20262200,"hess_cov","region","region","region006","cov","B","C",-5.43290762672679e-05,0.00240255388173436,NA,NA,"unavailable","HESS joint uncertainty requires positive semidefinite plug-in genetic and residual matrices"
2,20262200,"hess_cov","region","region","region007","cov","B","C",-0.00186124154094041,0.00150396351970997,-0.00956379829251359,0.00584131521063277,"normal_approximation:conditional_gaussian_plugin_delta",""
2,20262200,"hess_cov","region","region","region008","cov","B","C",0.00142193932695292,0.00161650545968881,NA,NA,"unavailable","HESS joint uncertainty requires positive semidefinite plug-in genetic and residual matrices"
2,20262200,"hess_cov","region","region","region009","cov","B","C",0.00567885248868341,0.000824177971559666,NA,NA,"unavailable","HESS joint uncertainty requires positive semidefinite plug-in genetic and residual matrices"
2,20262200,"hess_cov","region","region","region010","cov","B","C",-0.00721483094197004,1.81890933458106e-05,NA,NA,"unavailable","HESS joint uncertainty requires positive semidefinite plug-in genetic and residual matrices"
2,20262200,"hess_cov","region","region","region011","cov","B","C",-0.000572142262826121,0.00166021995157285,NA,NA,"unavailable","HESS joint uncertainty requires positive semidefinite plug-in genetic and residual matrices"
2,20262200,"hess_cov","region","region","region012","cov","B","C",0.00392055529193232,0.00164207523399983,NA,NA,"unavailable","HESS joint uncertainty requires positive semidefinite plug-in genetic and residual matrices"
2,20262200,"hess_cov","region","region","region013","cov","B","C",-7.69422335927886e-05,7.69277011542409e-05,NA,NA,"unavailable","HESS joint uncertainty requires positive semidefinite plug-in genetic and residual matrices"
2,20262200,"hess_cov","region","region","region014","cov","B","C",-0.00110819860594591,0.00134167975330074,NA,NA,"unavailable","HESS joint uncertainty requires positive semidefinite plug-in genetic and residual matrices"
2,20262200,"hess_cov","region","region","region015","cov","B","C",0.00667565174921024,0.0030100948118549,-0.00150008650824803,0.0148513900066685,"normal_approximation:conditional_gaussian_plugin_delta",""
2,20262200,"hess_cov","region","region","region016","cov","B","C",0.00340532045959992,0.000689654486385236,NA,NA,"unavailable","HESS joint uncertainty requires positive semidefinite plug-in genetic and residual matrices"
2,20262200,"hess_cov","region","region","region017","cov","B","C",-0.000967433422217534,0.000742601298016265,NA,NA,"unavailable","HESS joint uncertainty requires positive semidefinite plug-in genetic and residual matrices"
2,20262200,"hess_cov","region","region","region018","cov","B","C",-0.0021026402865686,0.00229653014762229,-0.00922350641202462,0.00501822583888741,"normal_approximation:conditional_gaussian_plugin_delta",""
2,20262200,"hess_cov","region","region","region019","cov","B","C",0.00772445791470042,0.00137552514314618,NA,NA,"unavailable","HESS joint uncertainty requires positive semidefinite plug-in genetic and residual matrices"
2,20262200,"hess_cov","region","region","region020","cov","B","C",-0.00239621945690931,0.00168927112210012,NA,NA,"unavailable","HESS joint uncertainty requires positive semidefinite plug-in genetic and residual matrices"
2,20262200,"supergnova_cov","region","region","region001","cov","A","B",0.0436980101102208,0.051419837040208,0.0281534728583401,0.0592425473621015,"normal_approximation:spectral_wls",""
2,20262200,"supergnova_cov","region","region","region002","cov","A","B",0.00395390854205612,7.81248245847632e-37,-0.0108284931820409,0.0187363102661531,"normal_approximation:spectral_wls",""
2,20262200,"supergnova_cov","region","region","region003","cov","A","B",0.000763012004031667,0.00154517616301795,-0.00434250148598063,0.00586852549404397,"normal_approximation:spectral_wls",""
2,20262200,"supergnova_cov","region","region","region004","cov","A","B",0.0049036110546075,0.000521276920459244,-0.000401724599275403,0.0102089467084904,"normal_approximation:spectral_wls",""
2,20262200,"supergnova_cov","region","region","region005","cov","A","B",0.0131137113928209,0.00248225940830532,0.00494852776858237,0.0212788950170594,"normal_approximation:spectral_wls",""
2,20262200,"supergnova_cov","region","region","region006","cov","A","B",-0.00323391412799652,0.00280635711817679,-0.00950229927002293,0.00303447101402989,"normal_approximation:spectral_wls",""
2,20262200,"supergnova_cov","region","region","region007","cov","A","B",0.00512988684210514,0.00235457019023576,-0.0021915668508133,0.0124513405350236,"normal_approximation:spectral_wls",""
2,20262200,"supergnova_cov","region","region","region008","cov","A","B",-0.00376584237748228,0.00148836213412695,-0.00935377195468726,0.00182208719972269,"normal_approximation:spectral_wls",""
2,20262200,"supergnova_cov","region","region","region009","cov","A","B",0.00111414875855321,0.00101518580499163,-0.0049899293565126,0.00721822687361902,"normal_approximation:spectral_wls",""
2,20262200,"supergnova_cov","region","region","region010","cov","A","B",-0.0011819093015781,0.000271240612772111,-0.00813349147490086,0.00576967287174465,"normal_approximation:spectral_wls",""
2,20262200,"supergnova_cov","region","region","region011","cov","A","B",0.00481315927072282,0.00127805005773573,-0.00149511165935448,0.0111214302008001,"normal_approximation:spectral_wls",""
2,20262200,"supergnova_cov","region","region","region012","cov","A","B",0.00771928157668583,0.00115544002156963,0.00107399946685896,0.0143645636865127,"normal_approximation:spectral_wls",""
2,20262200,"supergnova_cov","region","region","region013","cov","A","B",0.000165788135675929,0.000217910321471684,-0.00567528889756151,0.00600686516891337,"normal_approximation:spectral_wls",""
2,20262200,"supergnova_cov","region","region","region014","cov","A","B",-0.00223917079036266,0.00132783694320226,-0.00940107108635765,0.00492272950563233,"normal_approximation:spectral_wls",""
2,20262200,"supergnova_cov","region","region","region015","cov","A","B",0.0046849237655539,0.00307458234066991,-0.00278124852014916,0.012151096051257,"normal_approximation:spectral_wls",""
2,20262200,"supergnova_cov","region","region","region016","cov","A","B",0.000729113893358756,0.000515679756939893,-0.00576732497758039,0.0072255527642979,"normal_approximation:spectral_wls",""
2,20262200,"supergnova_cov","region","region","region017","cov","A","B",0.00820415352596245,0.00160512908374374,0.00152221083514367,0.0148860962167812,"normal_approximation:spectral_wls",""
2,20262200,"supergnova_cov","region","region","region018","cov","A","B",0.00038335481891969,0.00179273170466778,-0.00609592134194814,0.00686263097978752,"normal_approximation:spectral_wls",""
2,20262200,"supergnova_cov","region","region","region019","cov","A","B",-0.00560662208241459,0.00125440492867662,-0.013215583965461,0.00200233980063182,"normal_approximation:spectral_wls",""
2,20262200,"supergnova_cov","region","region","region020","cov","A","B",-0.000574635458524582,0.000795306557739579,-0.00702785241889135,0.00587858150184219,"normal_approximation:spectral_wls",""
2,20262200,"supergnova_cov","region","region","region001","cov","A","C",0.0470056477549218,0.0487589926365473,0.0333121615544727,0.0606991339553708,"normal_approximation:spectral_wls",""
2,20262200,"supergnova_cov","region","region","region002","cov","A","C",0.00706580770058205,7.40820657148587e-37,-0.00732926078430041,0.0214608761854645,"normal_approximation:spectral_wls",""
2,20262200,"supergnova_cov","region","region","region003","cov","A","C",-0.00132347337603177,0.00116100053144186,-0.00877979636786612,0.00613284961580257,"normal_approximation:spectral_wls",""
2,20262200,"supergnova_cov","region","region","region004","cov","A","C",-0.00329639893419062,-7.36813647482231e-05,-0.00939446708064019,0.00280166921225896,"normal_approximation:spectral_wls",""
2,20262200,"supergnova_cov","region","region","region005","cov","A","C",0.00856748095981046,0.00229297468953305,-0.000623142925873432,0.0177581048454944,"normal_approximation:spectral_wls",""
2,20262200,"supergnova_cov","region","region","region006","cov","A","C",0.00112757435064787,0.00228213766065619,-0.00662459294548393,0.00887974164677967,"normal_approximation:spectral_wls",""
2,20262200,"supergnova_cov","region","region","region007","cov","A","C",-0.000483655471396637,0.00118262378088733,-0.00731876998155113,0.00635145903875786,"normal_approximation:spectral_wls",""
2,20262200,"supergnova_cov","region","region","region008","cov","A","C",0.00302505521998874,0.00164464325356684,-0.0026180819598744,0.00866819239985188,"normal_approximation:spectral_wls",""
2,20262200,"supergnova_cov","region","region","region009","cov","A","C",0.000631742232055021,0.000406514331354413,-0.00596253120123772,0.00722601566534776,"normal_approximation:spectral_wls",""
2,20262200,"supergnova_cov","region","region","region010","cov","A","C",-0.00349403552651108,9.4110002888442e-05,-0.0105240321048799,0.00353596105185777,"normal_approximation:spectral_wls",""
2,20262200,"supergnova_cov","region","region","region011","cov","A","C",0.00586341367499056,0.000636312627284668,-0.000642144697012535,0.0123689720469937,"normal_approximation:spectral_wls",""
2,20262200,"supergnova_cov","region","region","region012","cov","A","C",0.00332657879580467,0.000830477823880497,-0.00308733105689668,0.00974048864850601,"normal_approximation:spectral_wls",""
2,20262200,"supergnova_cov","region","region","region013","cov","A","C",-0.00386807335608919,0.000180828496511407,-0.00928490767898638,0.00154876096680799,"normal_approximation:spectral_wls",""
2,20262200,"supergnova_cov","region","region","region014","cov","A","C",-0.00198622061840554,0.000749650456056481,-0.008000426758219,0.00402798552140792,"normal_approximation:spectral_wls",""
2,20262200,"supergnova_cov","region","region","region015","cov","A","C",0.00806364110018557,0.00268473244953526,0.000771195345375562,0.0153560868549956,"normal_approximation:spectral_wls",""
2,20262200,"supergnova_cov","region","region","region016","cov","A","C",0.00122402504907845,9.49834677997445e-05,-0.00567865857112033,0.00812670866927722,"normal_approximation:spectral_wls",""
2,20262200,"supergnova_cov","region","region","region017","cov","A","C",0.00368771994979793,0.00246525308028943,-0.00205222529499085,0.00942766519458671,"normal_approximation:spectral_wls",""
2,20262200,"supergnova_cov","region","region","region018","cov","A","C",0.00442017790931848,0.00293465057399785,-0.00190651024716202,0.010746866065799,"normal_approximation:spectral_wls",""
2,20262200,"supergnova_cov","region","region","region019","cov","A","C",0.0028323943012111,0.00229428006323147,-0.00422276644007604,0.00988755504249825,"normal_approximation:spectral_wls",""
2,20262200,"supergnova_cov","region","region","region020","cov","A","C",0.00136302281051168,0.00122935281995912,-0.00713682124510854,0.00986286686613191,"normal_approximation:spectral_wls",""
2,20262200,"supergnova_cov","region","region","region001","cov","B","C",0.0539285779646415,0.0549380777928958,0.0367733674293738,0.0710837884999093,"normal_approximation:spectral_wls",""
2,20262200,"supergnova_cov","region","region","region002","cov","B","C",0.0538579018852767,0.0549380777928958,0.0346674462758876,0.0730483574946657,"normal_approximation:spectral_wls",""
2,20262200,"supergnova_cov","region","region","region003","cov","B","C",-0.00040082016725877,0.00158662466744872,-0.0067355838762029,0.00593394354168536,"normal_approximation:spectral_wls",""
2,20262200,"supergnova_cov","region","region","region004","cov","B","C",0.0011392394416026,0.000243068360030537,-0.00484069251941566,0.00711917140262087,"normal_approximation:spectral_wls",""
2,20262200,"supergnova_cov","region","region","region005","cov","B","C",0.00242593313484099,0.00254144930250245,-0.00629707665031347,0.0111489429199955,"normal_approximation:spectral_wls",""
2,20262200,"supergnova_cov","region","region","region006","cov","B","C",-0.00191527563121189,0.00240255388173436,-0.00879686696978432,0.00496631570736054,"normal_approximation:spectral_wls",""
2,20262200,"supergnova_cov","region","region","region007","cov","B","C",-0.000372515903973258,0.00150396351970997,-0.00768857538648478,0.00694354357853826,"normal_approximation:spectral_wls",""
2,20262200,"supergnova_cov","region","region","region008","cov","B","C",0.00179443892675563,0.00161650545968881,-0.00725403367510004,0.0108429115286113,"normal_approximation:spectral_wls",""
2,20262200,"supergnova_cov","region","region","region009","cov","B","C",0.0056127509027403,0.000824177971559666,-0.000149909172476327,0.0113754109779569,"normal_approximation:spectral_wls",""
2,20262200,"supergnova_cov","region","region","region010","cov","B","C",0.00239233204921789,1.81890933458106e-05,-0.00356586249945249,0.00835052659788826,"normal_approximation:spectral_wls",""
2,20262200,"supergnova_cov","region","region","region011","cov","B","C",-4.93844008191283e-05,0.00166021995157285,-0.00603991333657169,0.00594114453493343,"normal_approximation:spectral_wls",""
2,20262200,"supergnova_cov","region","region","region012","cov","B","C",0.00260279982899006,0.00164207523399983,-0.0026526670430305,0.00785826670101062,"normal_approximation:spectral_wls",""
2,20262200,"supergnova_cov","region","region","region013","cov","B","C",-0.00147034931279934,7.69277011542409e-05,-0.0065546191676297,0.00361392054203103,"normal_approximation:spectral_wls",""
2,20262200,"supergnova_cov","region","region","region014","cov","B","C",-0.00165192788354165,0.00134167975330074,-0.0077867375075745,0.0044828817404912,"normal_approximation:spectral_wls",""
2,20262200,"supergnova_cov","region","region","region015","cov","B","C",0.00610298532084412,0.0030100948118549,-0.00117175030761449,0.0133777209493027,"normal_approximation:spectral_wls",""
2,20262200,"supergnova_cov","region","region","region016","cov","B","C",0.00181719105863297,0.000689654486385236,-0.00499410723217946,0.0086284893494454,"normal_approximation:spectral_wls",""
2,20262200,"supergnova_cov","region","region","region017","cov","B","C",0.00160006843528196,0.000742601298016265,-0.00496280880895837,0.0081629456795223,"normal_approximation:spectral_wls",""
2,20262200,"supergnova_cov","region","region","region018","cov","B","C",-0.00204527859058631,0.00229653014762229,-0.00899633758813494,0.00490578040696232,"normal_approximation:spectral_wls",""
2,20262200,"supergnova_cov","region","region","region019","cov","B","C",0.00691014598272977,0.00137552514314618,-0.000358250832705922,0.0141785427981655,"normal_approximation:spectral_wls",""
2,20262200,"supergnova_cov","region","region","region020","cov","B","C",-0.00336617006591454,0.00168927112210012,-0.0103519124751368,0.00361957234330775,"normal_approximation:spectral_wls",""
2,20262200,"lava_cov","region","region","region001","cov","A","B",0.0415239982064588,0.051419837040208,NA,NA,"unavailable","LAVA estimator uncertainty is not implemented; see separate trait-specific univariate test"
2,20262200,"lava_cov","region","region","region001","cov","A","C",0.0448881035609801,0.0487589926365473,NA,NA,"unavailable","LAVA estimator uncertainty is not implemented; see separate trait-specific univariate test"
2,20262200,"lava_cov","region","region","region001","cov","B","C",0.0515640976715833,0.0549380777928958,NA,NA,"unavailable","LAVA estimator uncertainty is not implemented; see separate trait-specific univariate test"
2,20262200,"lava_cov","region","region","region002","cov","A","B",0.00445254056252074,7.81248245847632e-37,NA,NA,"unavailable","LAVA estimator uncertainty is not implemented; see separate trait-specific univariate test"
2,20262200,"lava_cov","region","region","region002","cov","A","C",0.00705763003013863,7.40820657148587e-37,NA,NA,"unavailable","LAVA estimator uncertainty is not implemented; see separate trait-specific univariate test"
2,20262200,"lava_cov","region","region","region002","cov","B","C",0.0573720630177363,0.0549380777928958,NA,NA,"unavailable","LAVA estimator uncertainty is not implemented; see separate trait-specific univariate test"
2,20262200,"lava_cov","region","region","region003","cov","A","B",0.000592843614928365,0.00154517616301795,NA,NA,"unavailable","LAVA estimator uncertainty is not implemented; see separate trait-specific univariate test"
2,20262200,"lava_cov","region","region","region003","cov","A","C",-0.000178259540373819,0.00116100053144186,NA,NA,"unavailable","LAVA estimator uncertainty is not implemented; see separate trait-specific univariate test"
2,20262200,"lava_cov","region","region","region003","cov","B","C",-0.000296440727081129,0.00158662466744872,NA,NA,"unavailable","LAVA estimator uncertainty is not implemented; see separate trait-specific univariate test"
2,20262200,"lava_cov","region","region","region004","cov","A","B",0.00392270317148564,0.000521276920459244,NA,NA,"unavailable","LAVA estimator uncertainty is not implemented; see separate trait-specific univariate test"
2,20262200,"lava_cov","region","region","region004","cov","A","C",-0.00297630076843328,-7.36813647482231e-05,NA,NA,"unavailable","LAVA estimator uncertainty is not implemented; see separate trait-specific univariate test"
2,20262200,"lava_cov","region","region","region004","cov","B","C",0.000784601737799339,0.000243068360030537,NA,NA,"unavailable","LAVA estimator uncertainty is not implemented; see separate trait-specific univariate test"
2,20262200,"lava_cov","region","region","region005","cov","A","B",0.0131196366660072,0.00248225940830532,NA,NA,"unavailable","LAVA estimator uncertainty is not implemented; see separate trait-specific univariate test"
2,20262200,"lava_cov","region","region","region005","cov","A","C",0.0080774227689428,0.00229297468953305,NA,NA,"unavailable","LAVA estimator uncertainty is not implemented; see separate trait-specific univariate test"
2,20262200,"lava_cov","region","region","region005","cov","B","C",0.00136751811695961,0.00254144930250245,NA,NA,"unavailable","LAVA estimator uncertainty is not implemented; see separate trait-specific univariate test"
2,20262200,"lava_cov","region","region","region006","cov","A","B",-0.00353399117277977,0.00280635711817679,NA,NA,"unavailable","LAVA estimator uncertainty is not implemented; see separate trait-specific univariate test"
2,20262200,"lava_cov","region","region","region006","cov","A","C",0.00150880366684866,0.00228213766065619,NA,NA,"unavailable","LAVA estimator uncertainty is not implemented; see separate trait-specific univariate test"
2,20262200,"lava_cov","region","region","region006","cov","B","C",-5.43133453871474e-05,0.00240255388173436,NA,NA,"unavailable","LAVA estimator uncertainty is not implemented; see separate trait-specific univariate test"
2,20262200,"lava_cov","region","region","region007","cov","A","B",0.004078288090749,0.00235457019023576,NA,NA,"unavailable","LAVA estimator uncertainty is not implemented; see separate trait-specific univariate test"
2,20262200,"lava_cov","region","region","region007","cov","A","C",-0.000249623045947184,0.00118262378088733,NA,NA,"unavailable","LAVA estimator uncertainty is not implemented; see separate trait-specific univariate test"
2,20262200,"lava_cov","region","region","region007","cov","B","C",-0.00186649889403458,0.00150396351970997,NA,NA,"unavailable","LAVA estimator uncertainty is not implemented; see separate trait-specific univariate test"
2,20262200,"lava_cov","region","region","region008","cov","A","B",-0.00566142500445535,0.00148836213412695,NA,NA,"unavailable","LAVA estimator uncertainty is not implemented; see separate trait-specific univariate test"
2,20262200,"lava_cov","region","region","region008","cov","A","C",0.0021599979015991,0.00164464325356684,NA,NA,"unavailable","LAVA estimator uncertainty is not implemented; see separate trait-specific univariate test"
2,20262200,"lava_cov","region","region","region008","cov","B","C",0.00141819151085066,0.00161650545968881,NA,NA,"unavailable","LAVA estimator uncertainty is not implemented; see separate trait-specific univariate test"
2,20262200,"lava_cov","region","region","region009","cov","A","B",0.000145669904945066,0.00101518580499163,NA,NA,"unavailable","LAVA estimator uncertainty is not implemented; see separate trait-specific univariate test"
2,20262200,"lava_cov","region","region","region009","cov","A","C",0.00102005268344047,0.000406514331354413,NA,NA,"unavailable","LAVA estimator uncertainty is not implemented; see separate trait-specific univariate test"
2,20262200,"lava_cov","region","region","region009","cov","B","C",0.00567592279607798,0.000824177971559666,NA,NA,"unavailable","LAVA estimator uncertainty is not implemented; see separate trait-specific univariate test"
2,20262200,"lava_cov","region","region","region010","cov","A","B",-0.00104273884261702,0.000271240612772111,NA,NA,"unavailable","LAVA estimator uncertainty is not implemented; see separate trait-specific univariate test"
2,20262200,"lava_cov","region","region","region010","cov","A","C",-0.00583386977956665,9.4110002888442e-05,NA,NA,"unavailable","LAVA estimator uncertainty is not implemented; see separate trait-specific univariate test"
2,20262200,"lava_cov","region","region","region010","cov","B","C",-0.00721136716742661,1.81890933458106e-05,NA,NA,"unavailable","LAVA estimator uncertainty is not implemented; see separate trait-specific univariate test"
2,20262200,"lava_cov","region","region","region011","cov","A","B",0.0058479730415471,0.00127805005773573,NA,NA,"unavailable","LAVA estimator uncertainty is not implemented; see separate trait-specific univariate test"
2,20262200,"lava_cov","region","region","region011","cov","A","C",0.00552238757153703,0.000636312627284668,NA,NA,"unavailable","LAVA estimator uncertainty is not implemented; see separate trait-specific univariate test"
2,20262200,"lava_cov","region","region","region011","cov","B","C",-0.000571543229197139,0.00166021995157285,NA,NA,"unavailable","LAVA estimator uncertainty is not implemented; see separate trait-specific univariate test"
2,20262200,"lava_cov","region","region","region012","cov","A","B",0.00810676792010016,0.00115544002156963,NA,NA,"unavailable","LAVA estimator uncertainty is not implemented; see separate trait-specific univariate test"
2,20262200,"lava_cov","region","region","region012","cov","A","C",0.00306108954742371,0.000830477823880497,NA,NA,"unavailable","LAVA estimator uncertainty is not implemented; see separate trait-specific univariate test"
2,20262200,"lava_cov","region","region","region012","cov","B","C",0.00391752453895029,0.00164207523399983,NA,NA,"unavailable","LAVA estimator uncertainty is not implemented; see separate trait-specific univariate test"
2,20262200,"lava_cov","region","region","region013","cov","A","B",-0.000589749961010491,0.000217910321471684,NA,NA,"unavailable","LAVA estimator uncertainty is not implemented; see separate trait-specific univariate test"
2,20262200,"lava_cov","region","region","region013","cov","A","C",-0.00240294721624685,0.000180828496511407,NA,NA,"unavailable","LAVA estimator uncertainty is not implemented; see separate trait-specific univariate test"
2,20262200,"lava_cov","region","region","region013","cov","B","C",-7.705402026479e-05,7.69277011542409e-05,NA,NA,"unavailable","LAVA estimator uncertainty is not implemented; see separate trait-specific univariate test"
2,20262200,"lava_cov","region","region","region014","cov","A","B",0.00116801219190416,0.00132783694320226,NA,NA,"unavailable","LAVA estimator uncertainty is not implemented; see separate trait-specific univariate test"
2,20262200,"lava_cov","region","region","region014","cov","A","C",-0.00198007204237674,0.000749650456056481,NA,NA,"unavailable","LAVA estimator uncertainty is not implemented; see separate trait-specific univariate test"
2,20262200,"lava_cov","region","region","region014","cov","B","C",-0.00110932792012445,0.00134167975330074,NA,NA,"unavailable","LAVA estimator uncertainty is not implemented; see separate trait-specific univariate test"
2,20262200,"lava_cov","region","region","region015","cov","A","B",0.00460045451557083,0.00307458234066991,NA,NA,"unavailable","LAVA estimator uncertainty is not implemented; see separate trait-specific univariate test"
2,20262200,"lava_cov","region","region","region015","cov","A","C",0.00909273362695514,0.00268473244953526,NA,NA,"unavailable","LAVA estimator uncertainty is not implemented; see separate trait-specific univariate test"
2,20262200,"lava_cov","region","region","region015","cov","B","C",0.00667194451712996,0.0030100948118549,NA,NA,"unavailable","LAVA estimator uncertainty is not implemented; see separate trait-specific univariate test"
2,20262200,"lava_cov","region","region","region016","cov","A","B",-0.00299662123752208,0.000515679756939893,NA,NA,"unavailable","LAVA estimator uncertainty is not implemented; see separate trait-specific univariate test"
2,20262200,"lava_cov","region","region","region016","cov","A","C",-0.000593743993511649,9.49834677997445e-05,NA,NA,"unavailable","LAVA estimator uncertainty is not implemented; see separate trait-specific univariate test"
2,20262200,"lava_cov","region","region","region016","cov","B","C",0.00340270754372001,0.000689654486385236,NA,NA,"unavailable","LAVA estimator uncertainty is not implemented; see separate trait-specific univariate test"
2,20262200,"lava_cov","region","region","region017","cov","A","B",0.00803048390859052,0.00160512908374374,NA,NA,"unavailable","LAVA estimator uncertainty is not implemented; see separate trait-specific univariate test"
2,20262200,"lava_cov","region","region","region017","cov","A","C",0.00336232786035561,0.00246525308028943,NA,NA,"unavailable","LAVA estimator uncertainty is not implemented; see separate trait-specific univariate test"
2,20262200,"lava_cov","region","region","region017","cov","B","C",-0.000967464537956692,0.000742601298016265,NA,NA,"unavailable","LAVA estimator uncertainty is not implemented; see separate trait-specific univariate test"
2,20262200,"lava_cov","region","region","region018","cov","A","B",0.000328944533269325,0.00179273170466778,NA,NA,"unavailable","LAVA estimator uncertainty is not implemented; see separate trait-specific univariate test"
2,20262200,"lava_cov","region","region","region018","cov","A","C",0.00387829695262097,0.00293465057399785,NA,NA,"unavailable","LAVA estimator uncertainty is not implemented; see separate trait-specific univariate test"
2,20262200,"lava_cov","region","region","region018","cov","B","C",-0.00210778782456438,0.00229653014762229,NA,NA,"unavailable","LAVA estimator uncertainty is not implemented; see separate trait-specific univariate test"
2,20262200,"lava_cov","region","region","region019","cov","A","B",-0.00448305429037827,0.00125440492867662,NA,NA,"unavailable","LAVA estimator uncertainty is not implemented; see separate trait-specific univariate test"
2,20262200,"lava_cov","region","region","region019","cov","A","C",0.0030907693484653,0.00229428006323147,NA,NA,"unavailable","LAVA estimator uncertainty is not implemented; see separate trait-specific univariate test"
2,20262200,"lava_cov","region","region","region019","cov","B","C",0.00771457102963926,0.00137552514314618,NA,NA,"unavailable","LAVA estimator uncertainty is not implemented; see separate trait-specific univariate test"
2,20262200,"lava_cov","region","region","region020","cov","A","B",-0.00320065363871965,0.000795306557739579,NA,NA,"unavailable","LAVA estimator uncertainty is not implemented; see separate trait-specific univariate test"
2,20262200,"lava_cov","region","region","region020","cov","A","C",-0.00234509752315276,0.00122935281995912,NA,NA,"unavailable","LAVA estimator uncertainty is not implemented; see separate trait-specific univariate test"
2,20262200,"lava_cov","region","region","region020","cov","B","C",-0.00239242663375692,0.00168927112210012,NA,NA,"unavailable","LAVA estimator uncertainty is not implemented; see separate trait-specific univariate test"
2,20262200,"ldsc_annotation_h2","reference","all",NA,"h2","A",NA,0.365570919991163,0.304745793592502,0.185280251002938,0.545861588979388,"normal_approximation:block_jackknife",""
2,20262200,"ldsc_annotation_h2","annotation_category","enriched",NA,"h2","A",NA,0.262909950851127,0.221779219739347,0.137201728023377,0.388618173678876,"normal_approximation:block_jackknife",""
2,20262200,"ldsc_annotation_h2","annotation_category","background",NA,"h2","A",NA,0.102660969140036,0.0829665738531548,-0.0265758987513803,0.231897837031453,"normal_approximation:block_jackknife",""
2,20262200,"ldsc_annotation_h2","reference","all",NA,"h2","B",NA,0.353700832440041,0.401859780767008,0.141325271122661,0.566076393757422,"normal_approximation:block_jackknife",""
2,20262200,"ldsc_annotation_h2","annotation_category","enriched",NA,"h2","B",NA,0.308234532834154,0.286093750127889,0.138968916908337,0.47750014875997,"normal_approximation:block_jackknife",""
2,20262200,"ldsc_annotation_h2","annotation_category","background",NA,"h2","B",NA,0.0454662996058878,0.115766030639119,-0.0828011177516137,0.173733716963389,"normal_approximation:block_jackknife",""
2,20262200,"ldsc_annotation_h2","reference","all",NA,"h2","C",NA,0.456787162885882,0.348056354247866,0.254602922581687,0.658971403190078,"normal_approximation:block_jackknife",""
2,20262200,"ldsc_annotation_h2","annotation_category","enriched",NA,"h2","C",NA,0.2660049493664,0.251018367258083,0.11298201674285,0.419027881989951,"normal_approximation:block_jackknife",""
2,20262200,"ldsc_annotation_h2","annotation_category","background",NA,"h2","C",NA,0.190782213519482,0.0970379869897836,0.0586366530437646,0.322927773995199,"normal_approximation:block_jackknife",""
2,20262200,"ldsc_annotation_rg","reference","all",NA,"rg","A","B",0.255223034875185,0.565159438488549,-0.119730719763074,0.630176789513445,"normal_approximation:block_jackknife",""
2,20262200,"ldsc_annotation_rg","annotation_category","enriched",NA,"rg","A","B",0.357467122079438,0.555265010215639,0.0293967079965329,0.685537536162342,"normal_approximation:block_jackknife",""
2,20262200,"ldsc_annotation_rg","annotation_category","background",NA,"rg","A","B",-0.146163495497229,0.590903806150449,-1.58065129827574,1.28832430728128,"normal_approximation:block_jackknife",""
2,20262200,"ldsc_annotation_rg","reference","all",NA,"rg","A","C",0.55245930296903,0.579669988714734,0.213160628035827,0.891757977902234,"normal_approximation:block_jackknife",""
2,20262200,"ldsc_annotation_rg","annotation_category","enriched",NA,"rg","A","C",0.700891886586852,0.560389629665267,0.349770025216238,1.05201374795747,"normal_approximation:block_jackknife",""
2,20262200,"ldsc_annotation_rg","annotation_category","background",NA,"rg","A","C",0.288711423998365,0.630426289195145,-0.42183281766148,0.999255665658209,"normal_approximation:block_jackknife",""
2,20262200,"ldsc_annotation_rg","reference","all",NA,"rg","B","C",0.65569213231545,0.719189912874623,0.3139602891874,0.997423975443499,"normal_approximation:block_jackknife",""
2,20262200,"ldsc_annotation_rg","annotation_category","enriched",NA,"rg","B","C",0.66365326898246,0.767383332887332,0.348389056366515,0.978917481598405,"normal_approximation:block_jackknife",""
2,20262200,"ldsc_annotation_rg","annotation_category","background",NA,"rg","B","C",0.789446533735037,0.597472152951479,-0.695967341485777,2.27486040895585,"normal_approximation:block_jackknife",""
2,20262200,"bayesc","reference","all",NA,"h2","A",NA,0.308136227498094,0.304745793592502,0.277696427842494,0.340876316794256,"conditional_equal_tailed_posterior",""
2,20262200,"bayesr","reference","all",NA,"h2","A",NA,0.293764604264134,0.304745793592502,0.253900926565607,0.33514965633041,"conditional_equal_tailed_posterior",""
3,20262300,"ldsc_h2","reference","all",NA,"h2","A",NA,0.301029118809386,0.302591432584273,0.131762317800734,0.470295919818038,"normal_approximation:block_jackknife",""
3,20262300,"ldsc_h2","reference","all",NA,"h2","B",NA,0.216226350118593,0.401110823381045,0.0347521283465495,0.397700571890636,"normal_approximation:block_jackknife",""
3,20262300,"ldsc_h2","reference","all",NA,"h2","C",NA,0.310817190597165,0.347729348137622,0.121069016993961,0.500565364200369,"normal_approximation:block_jackknife",""
3,20262300,"ldsc_rg","reference","all",NA,"rg","A","B",0.445026975644173,0.54889546289288,-0.072465826465796,0.962519777754143,"normal_approximation:block_jackknife",""
3,20262300,"ldsc_rg","reference","all",NA,"rg","A","C",0.543241662608765,0.545677807991679,0.139490006694236,0.946993318523295,"normal_approximation:block_jackknife",""
3,20262300,"ldsc_rg","reference","all",NA,"rg","B","C",0.744900825616821,0.70250890788769,0.21015868915692,1.27964296207672,"normal_approximation:block_jackknife",""
3,20262300,"gnova_h2","reference","all",NA,"h2","A",NA,0.294466403295099,0.302591432584273,0.126743159935371,0.462189646654828,"normal_approximation:block_jackknife",""
3,20262300,"gnova_h2","reference","all",NA,"h2","B",NA,0.212424972607024,0.401110823381045,0.0331964477315764,0.391653497482471,"normal_approximation:block_jackknife",""
3,20262300,"gnova_h2","reference","all",NA,"h2","C",NA,0.308749574130698,0.347729348137622,0.119871079774622,0.497628068486774,"normal_approximation:block_jackknife",""
3,20262300,"gnova_rg","reference","all",NA,"rg","A","B",0.43708396626252,0.54889546289288,-0.0907500479654484,0.964917980490488,"normal_approximation:block_jackknife",""
3,20262300,"gnova_rg","reference","all",NA,"rg","A","C",0.531091045360891,0.545677807991679,0.123859522785268,0.938322567936514,"normal_approximation:block_jackknife",""
3,20262300,"gnova_rg","reference","all",NA,"rg","B","C",0.72163633347355,0.70250890788769,0.182104414504448,1.26116825244265,"normal_approximation:block_jackknife",""
3,20262300,"sumher_h2","reference","all",NA,"h2","A",NA,0.301029179734754,0.302591432584273,0.131762371497706,0.470295987971802,"normal_approximation:fixed_weight_block_jackknife",""
3,20262300,"sumher_h2","reference","all",NA,"h2","B",NA,0.216226369879792,0.401110823381045,0.0347521390704873,0.397700600689097,"normal_approximation:fixed_weight_block_jackknife",""
3,20262300,"sumher_h2","reference","all",NA,"h2","C",NA,0.310817191358188,0.347729348137622,0.121069017384515,0.500565365331862,"normal_approximation:fixed_weight_block_jackknife",""
3,20262300,"sumher_rg","reference","all",NA,"rg","A","B",0.44502691274553,0.54889546289288,-0.0724657935065637,0.962519618997624,"normal_approximation:fixed_weight_block_jackknife",""
3,20262300,"sumher_rg","reference","all",NA,"rg","A","C",0.543241608848831,0.545677807991679,0.139490006565706,0.946993211131956,"normal_approximation:fixed_weight_block_jackknife",""
3,20262300,"sumher_rg","reference","all",NA,"rg","B","C",0.744900791977788,0.70250890788769,0.210158691218851,1.27964289273673,"normal_approximation:fixed_weight_block_jackknife",""
3,20262300,"hess_cov","region","region","region001","cov","A","B",0.0572804689576503,0.0528631427468897,0.0435509924618816,0.071009945453419,"normal_approximation:conditional_gaussian_plugin_delta",""
3,20262300,"hess_cov","region","region","region002","cov","A","B",0.0053908099477597,8.03177137817578e-37,-0.00674682443741145,0.0175284443329308,"normal_approximation:conditional_gaussian_plugin_delta",""
3,20262300,"hess_cov","region","region","region003","cov","A","B",-0.00529175222533655,0.000238763743477165,NA,NA,"unavailable","HESS joint uncertainty requires positive semidefinite plug-in genetic and residual matrices"
3,20262300,"hess_cov","region","region","region004","cov","A","B",0.00298526803241058,0.000750333163686077,-0.00463236024880878,0.01060289631363,"normal_approximation:conditional_gaussian_plugin_delta",""
3,20262300,"hess_cov","region","region","region005","cov","A","B",-0.000950600525647362,0.000746034508347322,-0.00792949599031074,0.00602829493901601,"normal_approximation:conditional_gaussian_plugin_delta",""
3,20262300,"hess_cov","region","region","region006","cov","A","B",0.00116796856325197,0.000641815772019641,NA,NA,"unavailable","HESS joint uncertainty requires positive semidefinite plug-in genetic and residual matrices"
3,20262300,"hess_cov","region","region","region007","cov","A","B",-0.0044176120859924,-0.000177173200542735,NA,NA,"unavailable","HESS joint uncertainty requires positive semidefinite plug-in genetic and residual matrices"
3,20262300,"hess_cov","region","region","region008","cov","A","B",-0.000193032750378387,0.000764231686107907,-0.00734331227721544,0.00695724677645867,"normal_approximation:conditional_gaussian_plugin_delta",""
3,20262300,"hess_cov","region","region","region009","cov","A","B",-0.00381546295463232,0.000774647384819462,NA,NA,"unavailable","HESS joint uncertainty requires positive semidefinite plug-in genetic and residual matrices"
3,20262300,"hess_cov","region","region","region010","cov","A","B",0.00165459246714016,0.000630926110885053,NA,NA,"unavailable","HESS joint uncertainty requires positive semidefinite plug-in genetic and residual matrices"
3,20262300,"hess_cov","region","region","region011","cov","A","B",0.004090061258554,0.00136818826012979,-0.00373523144424074,0.0119153539613487,"normal_approximation:conditional_gaussian_plugin_delta",""
3,20262300,"hess_cov","region","region","region012","cov","A","B",0.00281550927493616,0.00221752740887048,NA,NA,"unavailable","HESS joint uncertainty requires positive semidefinite plug-in genetic and residual matrices"
3,20262300,"hess_cov","region","region","region013","cov","A","B",0.0016546932112308,0.000719865217124332,NA,NA,"unavailable","HESS joint uncertainty requires positive semidefinite plug-in genetic and residual matrices"
3,20262300,"hess_cov","region","region","region014","cov","A","B",0.0056799694004122,0.00318618565414442,NA,NA,"unavailable","HESS joint uncertainty requires positive semidefinite plug-in genetic and residual matrices"
3,20262300,"hess_cov","region","region","region015","cov","A","B",0.00313137490348082,0.00326356872082937,NA,NA,"unavailable","HESS joint uncertainty requires positive semidefinite plug-in genetic and residual matrices"
3,20262300,"hess_cov","region","region","region016","cov","A","B",0.000833817529520168,0.00304479980611383,-0.00717096951041881,0.00883860456945914,"normal_approximation:conditional_gaussian_plugin_delta",""
3,20262300,"hess_cov","region","region","region017","cov","A","B",0.00490541127360616,0.0031727006873043,NA,NA,"unavailable","HESS joint uncertainty requires positive semidefinite plug-in genetic and residual matrices"
3,20262300,"hess_cov","region","region","region018","cov","A","B",-0.00476407220261343,0.0013414002696845,NA,NA,"unavailable","HESS joint uncertainty requires positive semidefinite plug-in genetic and residual matrices"
3,20262300,"hess_cov","region","region","region019","cov","A","B",-0.00114838791417377,0.00168688406673522,-0.00846833994648296,0.00617156411813541,"normal_approximation:conditional_gaussian_plugin_delta",""
3,20262300,"hess_cov","region","region","region020","cov","A","B",-0.00489932163571886,0.000736612221373847,NA,NA,"unavailable","HESS joint uncertainty requires positive semidefinite plug-in genetic and residual matrices"
3,20262300,"hess_cov","region","region","region001","cov","A","C",0.0533775972031327,0.0501174259499284,0.0401965696265658,0.0665586247796997,"normal_approximation:conditional_gaussian_plugin_delta",""
3,20262300,"hess_cov","region","region","region002","cov","A","C",0.00226473565278234,7.6146003883994e-37,-0.0102282779686865,0.0147577492742512,"normal_approximation:conditional_gaussian_plugin_delta",""
3,20262300,"hess_cov","region","region","region003","cov","A","C",-0.000972324998831174,0.00089693087953955,-0.00836597736552538,0.00642132736786303,"normal_approximation:conditional_gaussian_plugin_delta",""
3,20262300,"hess_cov","region","region","region004","cov","A","C",0.00176589260452084,0.00026778935289528,-0.00527346743015812,0.00880525263919979,"normal_approximation:conditional_gaussian_plugin_delta",""
3,20262300,"hess_cov","region","region","region005","cov","A","C",-0.00465333138457739,0.000773133942134038,NA,NA,"unavailable","HESS joint uncertainty requires positive semidefinite plug-in genetic and residual matrices"
3,20262300,"hess_cov","region","region","region006","cov","A","C",0.00122889573640442,0.000250659286471654,NA,NA,"unavailable","HESS joint uncertainty requires positive semidefinite plug-in genetic and residual matrices"
3,20262300,"hess_cov","region","region","region007","cov","A","C",0.00137650131017046,0.000269479581567507,NA,NA,"unavailable","HESS joint uncertainty requires positive semidefinite plug-in genetic and residual matrices"
3,20262300,"hess_cov","region","region","region008","cov","A","C",0.000450261837507461,0.000271153258908913,NA,NA,"unavailable","HESS joint uncertainty requires positive semidefinite plug-in genetic and residual matrices"
3,20262300,"hess_cov","region","region","region009","cov","A","C",0.000460051916246053,0.00138491069746004,NA,NA,"unavailable","HESS joint uncertainty requires positive semidefinite plug-in genetic and residual matrices"
3,20262300,"hess_cov","region","region","region010","cov","A","C",-0.00338283904776238,0.000287893775244718,NA,NA,"unavailable","HESS joint uncertainty requires positive semidefinite plug-in genetic and residual matrices"
3,20262300,"hess_cov","region","region","region011","cov","A","C",0.000152187818163431,0.00155140974218132,-0.00753980290945694,0.00784417854578381,"normal_approximation:conditional_gaussian_plugin_delta",""
3,20262300,"hess_cov","region","region","region012","cov","A","C",-0.000343482084264293,0.00269643781790634,-0.00808690116040984,0.00739993699188126,"normal_approximation:conditional_gaussian_plugin_delta",""
3,20262300,"hess_cov","region","region","region013","cov","A","C",-0.00171191675302028,0.00058424951962893,NA,NA,"unavailable","HESS joint uncertainty requires positive semidefinite plug-in genetic and residual matrices"
3,20262300,"hess_cov","region","region","region014","cov","A","C",0.00309420630010255,0.00259425303712154,NA,NA,"unavailable","HESS joint uncertainty requires positive semidefinite plug-in genetic and residual matrices"
3,20262300,"hess_cov","region","region","region015","cov","A","C",0.00277886184808206,0.00194746396260211,NA,NA,"unavailable","HESS joint uncertainty requires positive semidefinite plug-in genetic and residual matrices"
3,20262300,"hess_cov","region","region","region016","cov","A","C",-0.00140106859328114,0.00126618554158124,-0.00969494326325279,0.00689280607669051,"normal_approximation:conditional_gaussian_plugin_delta",""
3,20262300,"hess_cov","region","region","region017","cov","A","C",0.00204780673910685,0.00211743709200934,NA,NA,"unavailable","HESS joint uncertainty requires positive semidefinite plug-in genetic and residual matrices"
3,20262300,"hess_cov","region","region","region018","cov","A","C",0.00174258450152393,0.00182072807154431,NA,NA,"unavailable","HESS joint uncertainty requires positive semidefinite plug-in genetic and residual matrices"
3,20262300,"hess_cov","region","region","region019","cov","A","C",0.00441248243867929,0.000795067070741658,NA,NA,"unavailable","HESS joint uncertainty requires positive semidefinite plug-in genetic and residual matrices"
3,20262300,"hess_cov","region","region","region020","cov","A","C",0.00453039984838554,0.000837248935237556,NA,NA,"unavailable","HESS joint uncertainty requires positive semidefinite plug-in genetic and residual matrices"
3,20262300,"hess_cov","region","region","region001","cov","B","C",0.0669764324978454,0.0578857081337826,0.0525158832529988,0.081436981742692,"normal_approximation:conditional_gaussian_plugin_delta",""
3,20262300,"hess_cov","region","region","region002","cov","B","C",0.0625843970521375,0.0578857081337826,NA,NA,"unavailable","HESS joint uncertainty requires positive semidefinite plug-in genetic and residual matrices"
3,20262300,"hess_cov","region","region","region003","cov","B","C",0.00458740804161413,0.000468524901896637,NA,NA,"unavailable","HESS joint uncertainty requires positive semidefinite plug-in genetic and residual matrices"
3,20262300,"hess_cov","region","region","region004","cov","B","C",0.00177535308844399,0.00027566094599781,-0.00614802956353871,0.0096987357404267,"normal_approximation:conditional_gaussian_plugin_delta",""
3,20262300,"hess_cov","region","region","region005","cov","B","C",-0.00258702325608331,0.00125951745664627,NA,NA,"unavailable","HESS joint uncertainty requires positive semidefinite plug-in genetic and residual matrices"
3,20262300,"hess_cov","region","region","region006","cov","B","C",-0.000400682731065373,-0.000486160044237462,NA,NA,"unavailable","HESS joint uncertainty requires positive semidefinite plug-in genetic and residual matrices"
3,20262300,"hess_cov","region","region","region007","cov","B","C",0.00320117046211974,-0.000604904527299322,NA,NA,"unavailable","HESS joint uncertainty requires positive semidefinite plug-in genetic and residual matrices"
3,20262300,"hess_cov","region","region","region008","cov","B","C",0.000618040176360186,0.000684818264519853,NA,NA,"unavailable","HESS joint uncertainty requires positive semidefinite plug-in genetic and residual matrices"
3,20262300,"hess_cov","region","region","region009","cov","B","C",0.00786318026652196,0.00178434750150543,NA,NA,"unavailable","HESS joint uncertainty requires positive semidefinite plug-in genetic and residual matrices"
3,20262300,"hess_cov","region","region","region010","cov","B","C",0.00570490709895361,0.000240953757436935,NA,NA,"unavailable","HESS joint uncertainty requires positive semidefinite plug-in genetic and residual matrices"
3,20262300,"hess_cov","region","region","region011","cov","B","C",0.00452682416570857,0.000940450843008791,-0.00312004209308856,0.0121736904245057,"normal_approximation:conditional_gaussian_plugin_delta",""
3,20262300,"hess_cov","region","region","region012","cov","B","C",-0.00129426884591541,0.00143919287977964,NA,NA,"unavailable","HESS joint uncertainty requires positive semidefinite plug-in genetic and residual matrices"
3,20262300,"hess_cov","region","region","region013","cov","B","C",0.002458693892864,-1.2433844731192e-05,NA,NA,"unavailable","HESS joint uncertainty requires positive semidefinite plug-in genetic and residual matrices"
3,20262300,"hess_cov","region","region","region014","cov","B","C",-0.00724969704215211,0.00262290374069276,NA,NA,"unavailable","HESS joint uncertainty requires positive semidefinite plug-in genetic and residual matrices"
3,20262300,"hess_cov","region","region","region015","cov","B","C",0.00698519736075321,0.001708895163753,NA,NA,"unavailable","HESS joint uncertainty requires positive semidefinite plug-in genetic and residual matrices"
3,20262300,"hess_cov","region","region","region016","cov","B","C",0.000728976643856916,0.00303646836753075,-0.00664463775214913,0.00810259103986297,"normal_approximation:conditional_gaussian_plugin_delta",""
3,20262300,"hess_cov","region","region","region017","cov","B","C",0.00412419262580995,0.0038559749547108,NA,NA,"unavailable","HESS joint uncertainty requires positive semidefinite plug-in genetic and residual matrices"
3,20262300,"hess_cov","region","region","region018","cov","B","C",0.000735629942552926,0.00193416513320632,NA,NA,"unavailable","HESS joint uncertainty requires positive semidefinite plug-in genetic and residual matrices"
3,20262300,"hess_cov","region","region","region019","cov","B","C",0.0024360379598057,0.000579208626003901,NA,NA,"unavailable","HESS joint uncertainty requires positive semidefinite plug-in genetic and residual matrices"
3,20262300,"hess_cov","region","region","region020","cov","B","C",0.00261003509716579,0.00135740207409098,-0.00541721590582079,0.0106372861001524,"normal_approximation:conditional_gaussian_plugin_delta",""
3,20262300,"supergnova_cov","region","region","region001","cov","A","B",0.056893484023364,0.0528631427468897,0.0311675717686324,0.0826193962780956,"normal_approximation:spectral_wls",""
3,20262300,"supergnova_cov","region","region","region002","cov","A","B",0.00496507795059074,8.03177137817578e-37,-0.00955102356981018,0.0194811794709917,"normal_approximation:spectral_wls",""
3,20262300,"supergnova_cov","region","region","region003","cov","A","B",-0.00478445687430165,0.000238763743477165,-0.0107041249634815,0.00113521121487823,"normal_approximation:spectral_wls",""
3,20262300,"supergnova_cov","region","region","region004","cov","A","B",0.00251057216279989,0.000750333163686077,-0.00418732783116953,0.0092084721567693,"normal_approximation:spectral_wls",""
3,20262300,"supergnova_cov","region","region","region005","cov","A","B",-0.000787955518403066,0.000746034508347322,-0.00807441270084077,0.00649850166403464,"normal_approximation:spectral_wls",""
3,20262300,"supergnova_cov","region","region","region006","cov","A","B",0.00218657922897128,0.000641815772019641,-0.00547272080526731,0.00984587926320986,"normal_approximation:spectral_wls",""
3,20262300,"supergnova_cov","region","region","region007","cov","A","B",-0.00456753446647561,-0.000177173200542735,-0.0102776513187592,0.00114258238580802,"normal_approximation:spectral_wls",""
3,20262300,"supergnova_cov","region","region","region008","cov","A","B",-0.000130220784469412,0.000764231686107907,-0.00652553575719652,0.0062650941882577,"normal_approximation:spectral_wls",""
3,20262300,"supergnova_cov","region","region","region009","cov","A","B",-0.00255858220158377,0.000774647384819462,-0.00768894395967047,0.00257177955650294,"normal_approximation:spectral_wls",""
3,20262300,"supergnova_cov","region","region","region010","cov","A","B",0.00166436309902795,0.000630926110885053,-0.00468991488730517,0.00801864108536107,"normal_approximation:spectral_wls",""
3,20262300,"supergnova_cov","region","region","region011","cov","A","B",0.003208951412156,0.00136818826012979,-0.00336873862698367,0.00978664145129567,"normal_approximation:spectral_wls",""
3,20262300,"supergnova_cov","region","region","region012","cov","A","B",0.00180274700850192,0.00221752740887048,-0.00444325701425536,0.0080487510312592,"normal_approximation:spectral_wls",""
3,20262300,"supergnova_cov","region","region","region013","cov","A","B",0.00185039898328635,0.000719865217124332,-0.0039803579402599,0.0076811559068326,"normal_approximation:spectral_wls",""
3,20262300,"supergnova_cov","region","region","region014","cov","A","B",0.00556603677897637,0.00318618565414442,-0.000220151030575011,0.0113522245885278,"normal_approximation:spectral_wls",""
3,20262300,"supergnova_cov","region","region","region015","cov","A","B",0.00191422354298153,0.00326356872082937,-0.00409538942935462,0.00792383651531767,"normal_approximation:spectral_wls",""
3,20262300,"supergnova_cov","region","region","region016","cov","A","B",0.00095140619190231,0.00304479980611383,-0.00741679189753991,0.00931960428134453,"normal_approximation:spectral_wls",""
3,20262300,"supergnova_cov","region","region","region017","cov","A","B",0.00539469759843437,0.0031727006873043,-0.000101445538917695,0.0108908407357864,"normal_approximation:spectral_wls",""
3,20262300,"supergnova_cov","region","region","region018","cov","A","B",-0.00354895818627056,0.0013414002696845,-0.00983801818125375,0.00274010180871263,"normal_approximation:spectral_wls",""
3,20262300,"supergnova_cov","region","region","region019","cov","A","B",-0.00213296507574399,0.00168688406673522,-0.00823564785100063,0.00396971769951265,"normal_approximation:spectral_wls",""
3,20262300,"supergnova_cov","region","region","region020","cov","A","B",-0.0032047233409036,0.000736612221373847,-0.0105063606163885,0.00409691393458132,"normal_approximation:spectral_wls",""
3,20262300,"supergnova_cov","region","region","region001","cov","A","C",0.0529014188835651,0.0501174259499284,0.035399803888337,0.0704030338787931,"normal_approximation:spectral_wls",""
3,20262300,"supergnova_cov","region","region","region002","cov","A","C",0.00172082551025008,7.6146003883994e-37,-0.0123304753878258,0.0157721264083259,"normal_approximation:spectral_wls",""
3,20262300,"supergnova_cov","region","region","region003","cov","A","C",-0.0004490744927606,0.00089693087953955,-0.0073970323897246,0.0064988834042034,"normal_approximation:spectral_wls",""
3,20262300,"supergnova_cov","region","region","region004","cov","A","C",0.00129400650578409,0.00026778935289528,-0.00477353028630559,0.00736154329787377,"normal_approximation:spectral_wls",""
3,20262300,"supergnova_cov","region","region","region005","cov","A","C",-0.00580966113608063,0.000773133942134038,-0.0116747358565122,5.54135843509303e-05,"normal_approximation:spectral_wls",""
3,20262300,"supergnova_cov","region","region","region006","cov","A","C",0.00103952834390369,0.000250659286471654,-0.00436744150508875,0.00644649819289613,"normal_approximation:spectral_wls",""
3,20262300,"supergnova_cov","region","region","region007","cov","A","C",9.6266384674275e-05,0.000269479581567507,-0.0062323603689712,0.00642489313831975,"normal_approximation:spectral_wls",""
3,20262300,"supergnova_cov","region","region","region008","cov","A","C",-0.000312863265438103,0.000271153258908913,-0.00688108531127834,0.00625535878040213,"normal_approximation:spectral_wls",""
3,20262300,"supergnova_cov","region","region","region009","cov","A","C",0.000144539195095712,0.00138491069746004,-0.0055085470799998,0.00579762547019122,"normal_approximation:spectral_wls",""
3,20262300,"supergnova_cov","region","region","region010","cov","A","C",-0.00242508948931285,0.000287893775244718,-0.00925385603764182,0.00440367705901612,"normal_approximation:spectral_wls",""
3,20262300,"supergnova_cov","region","region","region011","cov","A","C",0.000353220222216253,0.00155140974218132,-0.00591033716981589,0.0066167776142484,"normal_approximation:spectral_wls",""
3,20262300,"supergnova_cov","region","region","region012","cov","A","C",0.000910189387678615,0.00269643781790634,-0.00674302908761286,0.00856340786297009,"normal_approximation:spectral_wls",""
3,20262300,"supergnova_cov","region","region","region013","cov","A","C",-0.00170308283804346,0.00058424951962893,-0.00725511584189624,0.00384895016580933,"normal_approximation:spectral_wls",""
3,20262300,"supergnova_cov","region","region","region014","cov","A","C",0.00240402984550272,0.00259425303712154,-0.00426595418986299,0.00907401388086843,"normal_approximation:spectral_wls",""
3,20262300,"supergnova_cov","region","region","region015","cov","A","C",0.00494640767882337,0.00194746396260211,-0.00167621398151925,0.011569029339166,"normal_approximation:spectral_wls",""
3,20262300,"supergnova_cov","region","region","region016","cov","A","C",-0.000476766485253336,0.00126618554158124,-0.0091836083100731,0.00823007533956643,"normal_approximation:spectral_wls",""
3,20262300,"supergnova_cov","region","region","region017","cov","A","C",0.00232310734960015,0.00211743709200934,-0.00357257791203555,0.00821879261123585,"normal_approximation:spectral_wls",""
3,20262300,"supergnova_cov","region","region","region018","cov","A","C",0.0029477239743959,0.00182072807154431,-0.00415040586985206,0.0100458538186439,"normal_approximation:spectral_wls",""
3,20262300,"supergnova_cov","region","region","region019","cov","A","C",0.0033844375467297,0.000795067070741658,-0.003662793332848,0.0104316684263074,"normal_approximation:spectral_wls",""
3,20262300,"supergnova_cov","region","region","region020","cov","A","C",0.0023092632240965,0.000837248935237556,-0.00540138506649855,0.0100199115146916,"normal_approximation:spectral_wls",""
3,20262300,"supergnova_cov","region","region","region001","cov","B","C",0.0683382452958086,0.0578857081337826,0.0470109617613982,0.089665528830219,"normal_approximation:spectral_wls",""
3,20262300,"supergnova_cov","region","region","region002","cov","B","C",0.0624275522254224,0.0578857081337826,0.0459431970799228,0.078911907370922,"normal_approximation:spectral_wls",""
3,20262300,"supergnova_cov","region","region","region003","cov","B","C",0.00307479108760721,0.000468524901896637,-0.00335466358765298,0.00950424576286739,"normal_approximation:spectral_wls",""
3,20262300,"supergnova_cov","region","region","region004","cov","B","C",-0.000531110761899713,0.00027566094599781,-0.00798045896290759,0.00691823743910817,"normal_approximation:spectral_wls",""
3,20262300,"supergnova_cov","region","region","region005","cov","B","C",-0.00174650440935068,0.00125951745664627,-0.00811945138509574,0.00462644256639438,"normal_approximation:spectral_wls",""
3,20262300,"supergnova_cov","region","region","region006","cov","B","C",-2.45588907839654e-05,-0.000486160044237462,-0.0075056044488666,0.00745648666729867,"normal_approximation:spectral_wls",""
3,20262300,"supergnova_cov","region","region","region007","cov","B","C",0.00283481940968216,-0.000604904527299322,-0.00375420410625548,0.0094238429256198,"normal_approximation:spectral_wls",""
3,20262300,"supergnova_cov","region","region","region008","cov","B","C",0.00131186979233375,0.000684818264519853,-0.00461722275921264,0.00724096234388014,"normal_approximation:spectral_wls",""
3,20262300,"supergnova_cov","region","region","region009","cov","B","C",0.00488319201188872,0.00178434750150543,-0.00148339512155419,0.0112497791453316,"normal_approximation:spectral_wls",""
3,20262300,"supergnova_cov","region","region","region010","cov","B","C",0.00571558011322234,0.000240953757436935,-0.000606080791447645,0.0120372410178923,"normal_approximation:spectral_wls",""
3,20262300,"supergnova_cov","region","region","region011","cov","B","C",0.00400993138148809,0.000940450843008791,-0.00238560597263147,0.0104054687356077,"normal_approximation:spectral_wls",""
3,20262300,"supergnova_cov","region","region","region012","cov","B","C",0.000162916694393217,0.00143919287977964,-0.00558976789190689,0.00591560128069332,"normal_approximation:spectral_wls",""
3,20262300,"supergnova_cov","region","region","region013","cov","B","C",0.00349157986641775,-1.2433844731192e-05,-0.00267849709451557,0.00966165682735107,"normal_approximation:spectral_wls",""
3,20262300,"supergnova_cov","region","region","region014","cov","B","C",-0.0062089255594006,0.00262290374069276,-0.015229276330564,0.00281142521176275,"normal_approximation:spectral_wls",""
3,20262300,"supergnova_cov","region","region","region015","cov","B","C",0.0051921353993013,0.001708895163753,-0.000931795390109848,0.0113160661887124,"normal_approximation:spectral_wls",""
3,20262300,"supergnova_cov","region","region","region016","cov","B","C",0.000987182577567368,0.00303646836753075,-0.00535165447088332,0.00732601962601805,"normal_approximation:spectral_wls",""
3,20262300,"supergnova_cov","region","region","region017","cov","B","C",0.00495770432383195,0.0038559749547108,-0.00172792654827379,0.0116433351959377,"normal_approximation:spectral_wls",""
3,20262300,"supergnova_cov","region","region","region018","cov","B","C",0.00104357006245649,0.00193416513320632,-0.00538874589300494,0.00747588601791791,"normal_approximation:spectral_wls",""
3,20262300,"supergnova_cov","region","region","region019","cov","B","C",0.00168988814484567,0.000579208626003901,-0.0048042122177932,0.00818398850748454,"normal_approximation:spectral_wls",""
3,20262300,"supergnova_cov","region","region","region020","cov","B","C",0.0027903780456289,0.00135740207409098,-0.00587881914337162,0.0114595752346294,"normal_approximation:spectral_wls",""
3,20262300,"lava_cov","region","region","region001","cov","A","B",0.0541377020403088,0.0528631427468897,NA,NA,"unavailable","LAVA estimator uncertainty is not implemented; see separate trait-specific univariate test"
3,20262300,"lava_cov","region","region","region001","cov","A","C",0.0509627240831796,0.0501174259499284,NA,NA,"unavailable","LAVA estimator uncertainty is not implemented; see separate trait-specific univariate test"
3,20262300,"lava_cov","region","region","region001","cov","B","C",0.0628028567975388,0.0578857081337826,NA,NA,"unavailable","LAVA estimator uncertainty is not implemented; see separate trait-specific univariate test"
3,20262300,"lava_cov","region","region","region002","cov","A","B",0.00533880412449894,8.03177137817578e-37,NA,NA,"unavailable","LAVA estimator uncertainty is not implemented; see separate trait-specific univariate test"
3,20262300,"lava_cov","region","region","region002","cov","A","C",0.0022445540993264,7.6146003883994e-37,NA,NA,"unavailable","LAVA estimator uncertainty is not implemented; see separate trait-specific univariate test"
3,20262300,"lava_cov","region","region","region002","cov","B","C",0.0592178616571931,0.0578857081337826,NA,NA,"unavailable","LAVA estimator uncertainty is not implemented; see separate trait-specific univariate test"
3,20262300,"lava_cov","region","region","region003","cov","A","B",-0.00529039808135812,0.000238763743477165,NA,NA,"unavailable","LAVA estimator uncertainty is not implemented; see separate trait-specific univariate test"
3,20262300,"lava_cov","region","region","region003","cov","A","C",-0.000973157578934641,0.00089693087953955,NA,NA,"unavailable","LAVA estimator uncertainty is not implemented; see separate trait-specific univariate test"
3,20262300,"lava_cov","region","region","region003","cov","B","C",0.00458610463778181,0.000468524901896637,NA,NA,"unavailable","LAVA estimator uncertainty is not implemented; see separate trait-specific univariate test"
3,20262300,"lava_cov","region","region","region004","cov","A","B",0.0029835528941529,0.000750333163686077,NA,NA,"unavailable","LAVA estimator uncertainty is not implemented; see separate trait-specific univariate test"
3,20262300,"lava_cov","region","region","region004","cov","A","C",0.00176593452549376,0.00026778935289528,NA,NA,"unavailable","LAVA estimator uncertainty is not implemented; see separate trait-specific univariate test"
3,20262300,"lava_cov","region","region","region004","cov","B","C",0.00178058491071067,0.00027566094599781,NA,NA,"unavailable","LAVA estimator uncertainty is not implemented; see separate trait-specific univariate test"
3,20262300,"lava_cov","region","region","region005","cov","A","B",-0.000951857772485405,0.000746034508347322,NA,NA,"unavailable","LAVA estimator uncertainty is not implemented; see separate trait-specific univariate test"
3,20262300,"lava_cov","region","region","region005","cov","A","C",-0.00465307218240672,0.000773133942134038,NA,NA,"unavailable","LAVA estimator uncertainty is not implemented; see separate trait-specific univariate test"
3,20262300,"lava_cov","region","region","region005","cov","B","C",-0.00258529446655512,0.00125951745664627,NA,NA,"unavailable","LAVA estimator uncertainty is not implemented; see separate trait-specific univariate test"
3,20262300,"lava_cov","region","region","region006","cov","A","B",0.00116872185928317,0.000641815772019641,NA,NA,"unavailable","LAVA estimator uncertainty is not implemented; see separate trait-specific univariate test"
3,20262300,"lava_cov","region","region","region006","cov","A","C",0.00122874851324121,0.000250659286471654,NA,NA,"unavailable","LAVA estimator uncertainty is not implemented; see separate trait-specific univariate test"
3,20262300,"lava_cov","region","region","region006","cov","B","C",-0.000403104069147142,-0.000486160044237462,NA,NA,"unavailable","LAVA estimator uncertainty is not implemented; see separate trait-specific univariate test"
3,20262300,"lava_cov","region","region","region007","cov","A","B",-0.00441667176682402,-0.000177173200542735,NA,NA,"unavailable","LAVA estimator uncertainty is not implemented; see separate trait-specific univariate test"
3,20262300,"lava_cov","region","region","region007","cov","A","C",0.00137600647503195,0.000269479581567507,NA,NA,"unavailable","LAVA estimator uncertainty is not implemented; see separate trait-specific univariate test"
3,20262300,"lava_cov","region","region","region007","cov","B","C",0.00319862855394835,-0.000604904527299322,NA,NA,"unavailable","LAVA estimator uncertainty is not implemented; see separate trait-specific univariate test"
3,20262300,"lava_cov","region","region","region008","cov","A","B",-0.000193911224875082,0.000764231686107907,NA,NA,"unavailable","LAVA estimator uncertainty is not implemented; see separate trait-specific univariate test"
3,20262300,"lava_cov","region","region","region008","cov","A","C",0.000449482437741531,0.000271153258908913,NA,NA,"unavailable","LAVA estimator uncertainty is not implemented; see separate trait-specific univariate test"
3,20262300,"lava_cov","region","region","region008","cov","B","C",0.000615859806160374,0.000684818264519853,NA,NA,"unavailable","LAVA estimator uncertainty is not implemented; see separate trait-specific univariate test"
3,20262300,"lava_cov","region","region","region009","cov","A","B",-0.0038173013007073,0.000774647384819462,NA,NA,"unavailable","LAVA estimator uncertainty is not implemented; see separate trait-specific univariate test"
3,20262300,"lava_cov","region","region","region009","cov","A","C",0.000462614759917636,0.00138491069746004,NA,NA,"unavailable","LAVA estimator uncertainty is not implemented; see separate trait-specific univariate test"
3,20262300,"lava_cov","region","region","region009","cov","B","C",0.00786048911178898,0.00178434750150543,NA,NA,"unavailable","LAVA estimator uncertainty is not implemented; see separate trait-specific univariate test"
3,20262300,"lava_cov","region","region","region010","cov","A","B",0.00165776023904262,0.000630926110885053,NA,NA,"unavailable","LAVA estimator uncertainty is not implemented; see separate trait-specific univariate test"
3,20262300,"lava_cov","region","region","region010","cov","A","C",-0.00337459165347084,0.000287893775244718,NA,NA,"unavailable","LAVA estimator uncertainty is not implemented; see separate trait-specific univariate test"
3,20262300,"lava_cov","region","region","region010","cov","B","C",0.00570202859208815,0.000240953757436935,NA,NA,"unavailable","LAVA estimator uncertainty is not implemented; see separate trait-specific univariate test"
3,20262300,"lava_cov","region","region","region011","cov","A","B",0.00408845431675875,0.00136818826012979,NA,NA,"unavailable","LAVA estimator uncertainty is not implemented; see separate trait-specific univariate test"
3,20262300,"lava_cov","region","region","region011","cov","A","C",0.000157068561232551,0.00155140974218132,NA,NA,"unavailable","LAVA estimator uncertainty is not implemented; see separate trait-specific univariate test"
3,20262300,"lava_cov","region","region","region011","cov","B","C",0.00452101917593253,0.000940450843008791,NA,NA,"unavailable","LAVA estimator uncertainty is not implemented; see separate trait-specific univariate test"
3,20262300,"lava_cov","region","region","region012","cov","A","B",0.00281175886346483,0.00221752740887048,NA,NA,"unavailable","LAVA estimator uncertainty is not implemented; see separate trait-specific univariate test"
3,20262300,"lava_cov","region","region","region012","cov","A","C",-0.000343047704968659,0.00269643781790634,NA,NA,"unavailable","LAVA estimator uncertainty is not implemented; see separate trait-specific univariate test"
3,20262300,"lava_cov","region","region","region012","cov","B","C",-0.00129376127815962,0.00143919287977964,NA,NA,"unavailable","LAVA estimator uncertainty is not implemented; see separate trait-specific univariate test"
3,20262300,"lava_cov","region","region","region013","cov","A","B",0.00165419714020396,0.000719865217124332,NA,NA,"unavailable","LAVA estimator uncertainty is not implemented; see separate trait-specific univariate test"
3,20262300,"lava_cov","region","region","region013","cov","A","C",-0.00171170814686581,0.00058424951962893,NA,NA,"unavailable","LAVA estimator uncertainty is not implemented; see separate trait-specific univariate test"
3,20262300,"lava_cov","region","region","region013","cov","B","C",0.00245936385101876,-1.2433844731192e-05,NA,NA,"unavailable","LAVA estimator uncertainty is not implemented; see separate trait-specific univariate test"
3,20262300,"lava_cov","region","region","region014","cov","A","B",0.00567607155423402,0.00318618565414442,NA,NA,"unavailable","LAVA estimator uncertainty is not implemented; see separate trait-specific univariate test"
3,20262300,"lava_cov","region","region","region014","cov","A","C",0.00308940771265583,0.00259425303712154,NA,NA,"unavailable","LAVA estimator uncertainty is not implemented; see separate trait-specific univariate test"
3,20262300,"lava_cov","region","region","region014","cov","B","C",-0.0072433903223224,0.00262290374069276,NA,NA,"unavailable","LAVA estimator uncertainty is not implemented; see separate trait-specific univariate test"
3,20262300,"lava_cov","region","region","region015","cov","A","B",0.00312780128273672,0.00326356872082937,NA,NA,"unavailable","LAVA estimator uncertainty is not implemented; see separate trait-specific univariate test"
3,20262300,"lava_cov","region","region","region015","cov","A","C",0.00277328897490528,0.00194746396260211,NA,NA,"unavailable","LAVA estimator uncertainty is not implemented; see separate trait-specific univariate test"
3,20262300,"lava_cov","region","region","region015","cov","B","C",0.00698360949814262,0.001708895163753,NA,NA,"unavailable","LAVA estimator uncertainty is not implemented; see separate trait-specific univariate test"
3,20262300,"lava_cov","region","region","region016","cov","A","B",0.000833397504859203,0.00304479980611383,NA,NA,"unavailable","LAVA estimator uncertainty is not implemented; see separate trait-specific univariate test"
3,20262300,"lava_cov","region","region","region016","cov","A","C",-0.00140465022533474,0.00126618554158124,NA,NA,"unavailable","LAVA estimator uncertainty is not implemented; see separate trait-specific univariate test"
3,20262300,"lava_cov","region","region","region016","cov","B","C",0.000722624226651776,0.00303646836753075,NA,NA,"unavailable","LAVA estimator uncertainty is not implemented; see separate trait-specific univariate test"
3,20262300,"lava_cov","region","region","region017","cov","A","B",0.00490303545533353,0.0031727006873043,NA,NA,"unavailable","LAVA estimator uncertainty is not implemented; see separate trait-specific univariate test"
3,20262300,"lava_cov","region","region","region017","cov","A","C",0.00204532553544087,0.00211743709200934,NA,NA,"unavailable","LAVA estimator uncertainty is not implemented; see separate trait-specific univariate test"
3,20262300,"lava_cov","region","region","region017","cov","B","C",0.00411740354961758,0.0038559749547108,NA,NA,"unavailable","LAVA estimator uncertainty is not implemented; see separate trait-specific univariate test"
3,20262300,"lava_cov","region","region","region018","cov","A","B",-0.0047614992228586,0.0013414002696845,NA,NA,"unavailable","LAVA estimator uncertainty is not implemented; see separate trait-specific univariate test"
3,20262300,"lava_cov","region","region","region018","cov","A","C",0.00174337043780849,0.00182072807154431,NA,NA,"unavailable","LAVA estimator uncertainty is not implemented; see separate trait-specific univariate test"
3,20262300,"lava_cov","region","region","region018","cov","B","C",0.000734723074678857,0.00193416513320632,NA,NA,"unavailable","LAVA estimator uncertainty is not implemented; see separate trait-specific univariate test"
3,20262300,"lava_cov","region","region","region019","cov","A","B",-0.00115116207055876,0.00168688406673522,NA,NA,"unavailable","LAVA estimator uncertainty is not implemented; see separate trait-specific univariate test"
3,20262300,"lava_cov","region","region","region019","cov","A","C",0.00440443565353214,0.000795067070741658,NA,NA,"unavailable","LAVA estimator uncertainty is not implemented; see separate trait-specific univariate test"
3,20262300,"lava_cov","region","region","region019","cov","B","C",0.00243480585754049,0.000579208626003901,NA,NA,"unavailable","LAVA estimator uncertainty is not implemented; see separate trait-specific univariate test"
3,20262300,"lava_cov","region","region","region020","cov","A","B",-0.00490013707760819,0.000736612221373847,NA,NA,"unavailable","LAVA estimator uncertainty is not implemented; see separate trait-specific univariate test"
3,20262300,"lava_cov","region","region","region020","cov","A","C",0.00452272991337821,0.000837248935237556,NA,NA,"unavailable","LAVA estimator uncertainty is not implemented; see separate trait-specific univariate test"
3,20262300,"lava_cov","region","region","region020","cov","B","C",0.00260626667841373,0.00135740207409098,NA,NA,"unavailable","LAVA estimator uncertainty is not implemented; see separate trait-specific univariate test"
3,20262300,"ldsc_annotation_h2","reference","all",NA,"h2","A",NA,0.382886689828753,0.302591432584273,0.192584203915416,0.573189175742089,"normal_approximation:block_jackknife",""
3,20262300,"ldsc_annotation_h2","annotation_category","enriched",NA,"h2","A",NA,0.234706845081974,0.23648327893235,0.103170613485059,0.366243076678889,"normal_approximation:block_jackknife",""
3,20262300,"ldsc_annotation_h2","annotation_category","background",NA,"h2","A",NA,0.148179844746778,0.066108153651923,0.0106543709722698,0.285705318521287,"normal_approximation:block_jackknife",""
3,20262300,"ldsc_annotation_h2","reference","all",NA,"h2","B",NA,0.303708168556891,0.401110823381045,0.0721227682294037,0.535293568884378,"normal_approximation:block_jackknife",""
3,20262300,"ldsc_annotation_h2","annotation_category","enriched",NA,"h2","B",NA,0.22864058936877,0.309608310634381,0.0371691623451185,0.420112016392422,"normal_approximation:block_jackknife",""
3,20262300,"ldsc_annotation_h2","annotation_category","background",NA,"h2","B",NA,0.0750675791881204,0.091502512746664,-0.0552032551798931,0.205338413556134,"normal_approximation:block_jackknife",""
3,20262300,"ldsc_annotation_h2","reference","all",NA,"h2","C",NA,0.412057862174473,0.347729348137622,0.183598972396593,0.640516751952353,"normal_approximation:block_jackknife",""
3,20262300,"ldsc_annotation_h2","annotation_category","enriched",NA,"h2","C",NA,0.27464515231723,0.265314200899729,0.0982673745542302,0.451022930080231,"normal_approximation:block_jackknife",""
3,20262300,"ldsc_annotation_h2","annotation_category","background",NA,"h2","C",NA,0.137412709857243,0.0824151472378928,-0.00779177956041543,0.282617199274901,"normal_approximation:block_jackknife",""
3,20262300,"ldsc_annotation_rg","reference","all",NA,"rg","A","B",0.528690759995232,0.54889546289288,0.0993185360989512,0.958062983891513,"normal_approximation:block_jackknife",""
3,20262300,"ldsc_annotation_rg","annotation_category","enriched",NA,"rg","A","B",0.728152506433906,0.546923626499829,0.319971524067995,1.13633348879982,"normal_approximation:block_jackknife",""
3,20262300,"ldsc_annotation_rg","annotation_category","background",NA,"rg","A","B",0.110061257424693,0.555920623943316,-0.86768513532183,1.08780765017122,"normal_approximation:block_jackknife",""
3,20262300,"ldsc_annotation_rg","reference","all",NA,"rg","A","C",0.539576522511397,0.545677807991679,0.195921052824895,0.883231992197899,"normal_approximation:block_jackknife",""
3,20262300,"ldsc_annotation_rg","annotation_category","enriched",NA,"rg","A","C",0.544251672379428,0.551624837065163,0.178480993658083,0.910022351100774,"normal_approximation:block_jackknife",""
3,20262300,"ldsc_annotation_rg","annotation_category","background",NA,"rg","A","C",0.533594718813789,0.526082280287384,-0.201324127550089,1.26851356517767,"normal_approximation:block_jackknife",""
3,20262300,"ldsc_annotation_rg","reference","all",NA,"rg","B","C",0.802751231265229,0.70250890788769,0.387256784717557,1.2182456778129,"normal_approximation:block_jackknife",""
3,20262300,"ldsc_annotation_rg","annotation_category","enriched",NA,"rg","B","C",0.949374729594479,0.74543150039728,0.635842875459641,1.26290658372932,"normal_approximation:block_jackknife",""
3,20262300,"ldsc_annotation_rg","annotation_category","background",NA,"rg","B","C",0.453676242731616,0.561014317951279,-0.618432673980603,1.52578515944383,"normal_approximation:block_jackknife",""
3,20262300,"bayesc","reference","all",NA,"h2","A",NA,0.314657178687846,0.302591432584273,0.284175332723592,0.345916266947337,"conditional_equal_tailed_posterior",""
3,20262300,"bayesr","reference","all",NA,"h2","A",NA,0.309988353912599,0.302591432584273,0.269085610501718,0.352939647086244,"conditional_equal_tailed_posterior",""
4,20262400,"ldsc_h2","reference","all",NA,"h2","A",NA,0.32114733605481,0.296475557779458,0.143593872526072,0.498700799583549,"normal_approximation:block_jackknife",""
4,20262400,"ldsc_h2","reference","all",NA,"h2","B",NA,0.289415545429522,0.399708548322041,0.102304684734226,0.476526406124818,"normal_approximation:block_jackknife",""
4,20262400,"ldsc_h2","reference","all",NA,"h2","C",NA,0.225862113907443,0.351564028030256,0.0292672960882183,0.422456931726667,"normal_approximation:block_jackknife",""
4,20262400,"ldsc_rg","reference","all",NA,"rg","A","B",0.140806689728076,0.552123786758214,-0.278505716998721,0.560119096454873,"normal_approximation:block_jackknife",""
4,20262400,"ldsc_rg","reference","all",NA,"rg","A","C",0.479861656108666,0.539233298098416,0.0150942718006687,0.944629040416663,"normal_approximation:block_jackknife",""
4,20262400,"ldsc_rg","reference","all",NA,"rg","B","C",0.751878063445505,0.728410820488801,0.206445239926162,1.29731088696485,"normal_approximation:block_jackknife",""
4,20262400,"gnova_h2","reference","all",NA,"h2","A",NA,0.314470286061785,0.296475557779458,0.139580716823024,0.489359855300545,"normal_approximation:block_jackknife",""
4,20262400,"gnova_h2","reference","all",NA,"h2","B",NA,0.286902425109688,0.399708548322041,0.10222692243275,0.471577927786625,"normal_approximation:block_jackknife",""
4,20262400,"gnova_h2","reference","all",NA,"h2","C",NA,0.22385444355054,0.351564028030256,0.0295168328855641,0.418192054215517,"normal_approximation:block_jackknife",""
4,20262400,"gnova_rg","reference","all",NA,"rg","A","B",0.137290855013673,0.552123786758214,-0.283239855805496,0.557821565832842,"normal_approximation:block_jackknife",""
4,20262400,"gnova_rg","reference","all",NA,"rg","A","C",0.470692010955084,0.539233298098416,0.0061159666000381,0.93526805531013,"normal_approximation:block_jackknife",""
4,20262400,"gnova_rg","reference","all",NA,"rg","B","C",0.734828912652859,0.728410820488801,0.187416870035208,1.28224095527051,"normal_approximation:block_jackknife",""
4,20262400,"sumher_h2","reference","all",NA,"h2","A",NA,0.321147390270128,0.296475557779458,0.143593911218593,0.498700869321663,"normal_approximation:fixed_weight_block_jackknife",""
4,20262400,"sumher_h2","reference","all",NA,"h2","B",NA,0.28941554702962,0.399708548322041,0.102304684812515,0.476526409246725,"normal_approximation:fixed_weight_block_jackknife",""
4,20262400,"sumher_h2","reference","all",NA,"h2","C",NA,0.225862115428471,0.351564028030256,0.0292672959918448,0.422456934865097,"normal_approximation:fixed_weight_block_jackknife",""
4,20262400,"sumher_rg","reference","all",NA,"rg","A","B",0.140806677983647,0.552123786758214,-0.278505692853621,0.560119048820914,"normal_approximation:fixed_weight_block_jackknife",""
4,20262400,"sumher_rg","reference","all",NA,"rg","A","C",0.479861615504016,0.539233298098416,0.0150942672359514,0.94462896377208,"normal_approximation:fixed_weight_block_jackknife",""
4,20262400,"sumher_rg","reference","all",NA,"rg","B","C",0.751878059000923,0.728410820488801,0.206445241242705,1.29731087675914,"normal_approximation:fixed_weight_block_jackknife",""
4,20262400,"hess_cov","region","region","region001","cov","A","B",0.0639595672126074,0.0527698118759371,NA,NA,"unavailable","HESS joint uncertainty requires positive semidefinite plug-in genetic and residual matrices"
4,20262400,"hess_cov","region","region","region002","cov","A","B",0.00754647727572599,8.01759113502212e-37,-0.00556102499393748,0.0206539795453895,"normal_approximation:conditional_gaussian_plugin_delta",""
4,20262400,"hess_cov","region","region","region003","cov","A","B",-0.000288946831142721,0.000585602257117479,-0.0077160827794346,0.00713818911714916,"normal_approximation:conditional_gaussian_plugin_delta",""
4,20262400,"hess_cov","region","region","region004","cov","A","B",-0.00262114472556092,0.000733633201397527,NA,NA,"unavailable","HESS joint uncertainty requires positive semidefinite plug-in genetic and residual matrices"
4,20262400,"hess_cov","region","region","region005","cov","A","B",0.00520520210543003,0.000447517773702994,NA,NA,"unavailable","HESS joint uncertainty requires positive semidefinite plug-in genetic and residual matrices"
4,20262400,"hess_cov","region","region","region006","cov","A","B",-0.000857459638676363,0.000812979150881979,NA,NA,"unavailable","HESS joint uncertainty requires positive semidefinite plug-in genetic and residual matrices"
4,20262400,"hess_cov","region","region","region007","cov","A","B",0.00120236391404203,0.000181604266352871,NA,NA,"unavailable","HESS joint uncertainty requires positive semidefinite plug-in genetic and residual matrices"
4,20262400,"hess_cov","region","region","region008","cov","A","B",0.00824517906299788,0.00102060823297302,NA,NA,"unavailable","HESS joint uncertainty requires positive semidefinite plug-in genetic and residual matrices"
4,20262400,"hess_cov","region","region","region009","cov","A","B",0.0010339572925135,0.000386466410409744,NA,NA,"unavailable","HESS joint uncertainty requires positive semidefinite plug-in genetic and residual matrices"
4,20262400,"hess_cov","region","region","region010","cov","A","B",0.00786384395237425,0.00373857066050658,NA,NA,"unavailable","HESS joint uncertainty requires positive semidefinite plug-in genetic and residual matrices"
4,20262400,"hess_cov","region","region","region011","cov","A","B",-0.00437791541260027,0.00119015541985446,NA,NA,"unavailable","HESS joint uncertainty requires positive semidefinite plug-in genetic and residual matrices"
4,20262400,"hess_cov","region","region","region012","cov","A","B",4.25516072441652e-05,0.00256580316801905,-0.00669071074285989,0.00677581395734822,"normal_approximation:conditional_gaussian_plugin_delta",""
4,20262400,"hess_cov","region","region","region013","cov","A","B",0.00264649204553511,0.00239413105159767,NA,NA,"unavailable","HESS joint uncertainty requires positive semidefinite plug-in genetic and residual matrices"
4,20262400,"hess_cov","region","region","region014","cov","A","B",0.00610670112110176,0.00107243528216182,NA,NA,"unavailable","HESS joint uncertainty requires positive semidefinite plug-in genetic and residual matrices"
4,20262400,"hess_cov","region","region","region015","cov","A","B",0.00470805877847847,0.00177099503829967,NA,NA,"unavailable","HESS joint uncertainty requires positive semidefinite plug-in genetic and residual matrices"
4,20262400,"hess_cov","region","region","region016","cov","A","B",-0.00228933644553601,0.0028562936517979,NA,NA,"unavailable","HESS joint uncertainty requires positive semidefinite plug-in genetic and residual matrices"
4,20262400,"hess_cov","region","region","region017","cov","A","B",0.000153142347692159,0.00233524473568533,NA,NA,"unavailable","HESS joint uncertainty requires positive semidefinite plug-in genetic and residual matrices"
4,20262400,"hess_cov","region","region","region018","cov","A","B",0.000385650839963927,-0.000249544890176365,NA,NA,"unavailable","HESS joint uncertainty requires positive semidefinite plug-in genetic and residual matrices"
4,20262400,"hess_cov","region","region","region019","cov","A","B",-0.00471967489746685,0.0011165804456692,NA,NA,"unavailable","HESS joint uncertainty requires positive semidefinite plug-in genetic and residual matrices"
4,20262400,"hess_cov","region","region","region020","cov","A","B",0.000588820067024794,0.00133422954992706,NA,NA,"unavailable","HESS joint uncertainty requires positive semidefinite plug-in genetic and residual matrices"
4,20262400,"hess_cov","region","region","region001","cov","A","C",0.0531800062989175,0.049914865827428,0.0394958597669201,0.0668641528309149,"normal_approximation:conditional_gaussian_plugin_delta",""
4,20262400,"hess_cov","region","region","region002","cov","A","C",-0.00581469166535615,7.58382437869358e-37,-0.0199236889736134,0.00829430564290108,"normal_approximation:conditional_gaussian_plugin_delta",""
4,20262400,"hess_cov","region","region","region003","cov","A","C",0.00251344345130317,0.000271428660860677,NA,NA,"unavailable","HESS joint uncertainty requires positive semidefinite plug-in genetic and residual matrices"
4,20262400,"hess_cov","region","region","region004","cov","A","C",0.00533348868344039,0.000339010981243868,NA,NA,"unavailable","HESS joint uncertainty requires positive semidefinite plug-in genetic and residual matrices"
4,20262400,"hess_cov","region","region","region005","cov","A","C",0.00347753535986599,0.00172886111290427,NA,NA,"unavailable","HESS joint uncertainty requires positive semidefinite plug-in genetic and residual matrices"
4,20262400,"hess_cov","region","region","region006","cov","A","C",0.00663926654362933,0.000946807826803936,NA,NA,"unavailable","HESS joint uncertainty requires positive semidefinite plug-in genetic and residual matrices"
4,20262400,"hess_cov","region","region","region007","cov","A","C",-0.00432666132084613,-8.26867021694876e-05,NA,NA,"unavailable","HESS joint uncertainty requires positive semidefinite plug-in genetic and residual matrices"
4,20262400,"hess_cov","region","region","region008","cov","A","C",0.00453107128286914,0.000718220010192446,-0.00358469597618468,0.012646838541923,"normal_approximation:conditional_gaussian_plugin_delta",""
4,20262400,"hess_cov","region","region","region009","cov","A","C",0.00154881318614477,0.000245403261141059,NA,NA,"unavailable","HESS joint uncertainty requires positive semidefinite plug-in genetic and residual matrices"
4,20262400,"hess_cov","region","region","region010","cov","A","C",0.00239647474169894,0.00312190606596596,NA,NA,"unavailable","HESS joint uncertainty requires positive semidefinite plug-in genetic and residual matrices"
4,20262400,"hess_cov","region","region","region011","cov","A","C",0.00476299741489073,0.00124265166250779,NA,NA,"unavailable","HESS joint uncertainty requires positive semidefinite plug-in genetic and residual matrices"
4,20262400,"hess_cov","region","region","region012","cov","A","C",0.00177346884817602,0.00199687157497113,-0.00581086439683199,0.00935780209318404,"normal_approximation:conditional_gaussian_plugin_delta",""
4,20262400,"hess_cov","region","region","region013","cov","A","C",0.00452568194923414,0.00110388515453447,NA,NA,"unavailable","HESS joint uncertainty requires positive semidefinite plug-in genetic and residual matrices"
4,20262400,"hess_cov","region","region","region014","cov","A","C",-0.000286455654946699,0.000947261464277079,-0.0080394748381105,0.0074665635282171,"normal_approximation:conditional_gaussian_plugin_delta",""
4,20262400,"hess_cov","region","region","region015","cov","A","C",-0.00128635338216489,0.000343497291131574,-0.00862765010892717,0.00605494334459738,"normal_approximation:conditional_gaussian_plugin_delta",""
4,20262400,"hess_cov","region","region","region016","cov","A","C",0.00422462729536037,0.00270317167501951,-0.00353333360779802,0.0119825881985188,"normal_approximation:conditional_gaussian_plugin_delta",""
4,20262400,"hess_cov","region","region","region017","cov","A","C",-0.0027733158791751,0.00142546196062351,NA,NA,"unavailable","HESS joint uncertainty requires positive semidefinite plug-in genetic and residual matrices"
4,20262400,"hess_cov","region","region","region018","cov","A","C",0.0043875790984565,0.000451793814422177,NA,NA,"unavailable","HESS joint uncertainty requires positive semidefinite plug-in genetic and residual matrices"
4,20262400,"hess_cov","region","region","region019","cov","A","C",-0.00278064748841796,0.00080393253057849,-0.0102997951056886,0.0047385001288527,"normal_approximation:conditional_gaussian_plugin_delta",""
4,20262400,"hess_cov","region","region","region020","cov","A","C",-0.00376561184775564,0.00168707411328043,NA,NA,"unavailable","HESS joint uncertainty requires positive semidefinite plug-in genetic and residual matrices"
4,20262400,"hess_cov","region","region","region001","cov","B","C",0.0775145735146378,0.0568982344527437,0.0625655032652508,0.0924636437640247,"normal_approximation:conditional_gaussian_plugin_delta",""
4,20262400,"hess_cov","region","region","region002","cov","B","C",0.0545703138149096,0.0568982344527437,0.0412198448298174,0.0679207828000019,"normal_approximation:conditional_gaussian_plugin_delta",""
4,20262400,"hess_cov","region","region","region003","cov","B","C",0.00251624084597207,0.000356503970007749,NA,NA,"unavailable","HESS joint uncertainty requires positive semidefinite plug-in genetic and residual matrices"
4,20262400,"hess_cov","region","region","region004","cov","B","C",-0.00346200946715502,0.00056361617760846,NA,NA,"unavailable","HESS joint uncertainty requires positive semidefinite plug-in genetic and residual matrices"
4,20262400,"hess_cov","region","region","region005","cov","B","C",-0.00112266058777454,0.000461993772939424,NA,NA,"unavailable","HESS joint uncertainty requires positive semidefinite plug-in genetic and residual matrices"
4,20262400,"hess_cov","region","region","region006","cov","B","C",0.00373288955439032,0.00115008404937645,NA,NA,"unavailable","HESS joint uncertainty requires positive semidefinite plug-in genetic and residual matrices"
4,20262400,"hess_cov","region","region","region007","cov","B","C",-0.000194462176664691,0.00139023371379072,NA,NA,"unavailable","HESS joint uncertainty requires positive semidefinite plug-in genetic and residual matrices"
4,20262400,"hess_cov","region","region","region008","cov","B","C",0.00519974706784619,0.00114532011091005,-0.00272644684870981,0.0131259409844022,"normal_approximation:conditional_gaussian_plugin_delta",""
4,20262400,"hess_cov","region","region","region009","cov","B","C",-0.00266429816892487,0.000576480865060315,NA,NA,"unavailable","HESS joint uncertainty requires positive semidefinite plug-in genetic and residual matrices"
4,20262400,"hess_cov","region","region","region010","cov","B","C",-0.00262268301667319,0.00504654970178391,-0.0105670008860836,0.00532163485273724,"normal_approximation:conditional_gaussian_plugin_delta",""
4,20262400,"hess_cov","region","region","region011","cov","B","C",0.00146234798654091,0.00179305146271638,NA,NA,"unavailable","HESS joint uncertainty requires positive semidefinite plug-in genetic and residual matrices"
4,20262400,"hess_cov","region","region","region012","cov","B","C",-0.000675135514980619,0.00175936595895231,-0.00837964102521558,0.00702936999525434,"normal_approximation:conditional_gaussian_plugin_delta",""
4,20262400,"hess_cov","region","region","region013","cov","B","C",-0.00108780364795312,0.00204235996455612,-0.00845039068333879,0.00627478338743254,"normal_approximation:conditional_gaussian_plugin_delta",""
4,20262400,"hess_cov","region","region","region014","cov","B","C",0.000187633090070687,0.00258190320576876,-0.00759562890999277,0.00797089509013415,"normal_approximation:conditional_gaussian_plugin_delta",""
4,20262400,"hess_cov","region","region","region015","cov","B","C",0.00194460955342256,0.00124210912729465,NA,NA,"unavailable","HESS joint uncertainty requires positive semidefinite plug-in genetic and residual matrices"
4,20262400,"hess_cov","region","region","region016","cov","B","C",0.000475896156845082,0.00443141271926576,NA,NA,"unavailable","HESS joint uncertainty requires positive semidefinite plug-in genetic and residual matrices"
4,20262400,"hess_cov","region","region","region017","cov","B","C",-0.00214747636240003,0.00134647686012018,NA,NA,"unavailable","HESS joint uncertainty requires positive semidefinite plug-in genetic and residual matrices"
4,20262400,"hess_cov","region","region","region018","cov","B","C",0.00382465778944747,0.000150344009981776,NA,NA,"unavailable","HESS joint uncertainty requires positive semidefinite plug-in genetic and residual matrices"
4,20262400,"hess_cov","region","region","region019","cov","B","C",0.000839231787163894,0.00154256036787569,-0.00676245104914663,0.00844091462347442,"normal_approximation:conditional_gaussian_plugin_delta",""
4,20262400,"hess_cov","region","region","region020","cov","B","C",-0.00921148396525657,0.00122103065375968,NA,NA,"unavailable","HESS joint uncertainty requires positive semidefinite plug-in genetic and residual matrices"
4,20262400,"supergnova_cov","region","region","region001","cov","A","B",0.0645928549420695,0.0527698118759371,0.0444605688933948,0.0847251409907442,"normal_approximation:spectral_wls",""
4,20262400,"supergnova_cov","region","region","region002","cov","A","B",0.00814654927394263,8.01759113502212e-37,-0.00815491537412305,0.0244480139220083,"normal_approximation:spectral_wls",""
4,20262400,"supergnova_cov","region","region","region003","cov","A","B",-0.00314371641790857,0.000585602257117479,-0.0103405772723244,0.00405314443650724,"normal_approximation:spectral_wls",""
4,20262400,"supergnova_cov","region","region","region004","cov","A","B",-0.00392623842069156,0.000733633201397527,-0.0105326750929126,0.00268019825152945,"normal_approximation:spectral_wls",""
4,20262400,"supergnova_cov","region","region","region005","cov","A","B",0.00307328297927913,0.000447517773702994,-0.00386735128437968,0.0100139172429379,"normal_approximation:spectral_wls",""
4,20262400,"supergnova_cov","region","region","region006","cov","A","B",-0.000274798883178242,0.000812979150881979,-0.00699604428030414,0.00644644651394766,"normal_approximation:spectral_wls",""
4,20262400,"supergnova_cov","region","region","region007","cov","A","B",0.0012266044353257,0.000181604266352871,-0.0062362381593442,0.00868944702999559,"normal_approximation:spectral_wls",""
4,20262400,"supergnova_cov","region","region","region008","cov","A","B",0.00711537855474205,0.00102060823297302,-0.000326922152978093,0.0145576792624622,"normal_approximation:spectral_wls",""
4,20262400,"supergnova_cov","region","region","region009","cov","A","B",0.0010303090150687,0.000386466410409744,-0.00370832528909548,0.00576894331923287,"normal_approximation:spectral_wls",""
4,20262400,"supergnova_cov","region","region","region010","cov","A","B",0.00594265380055817,0.00373857066050658,-0.00101253114560061,0.0128978387467169,"normal_approximation:spectral_wls",""
4,20262400,"supergnova_cov","region","region","region011","cov","A","B",-0.00385740343513584,0.00119015541985446,-0.00930015279985134,0.00158534592957967,"normal_approximation:spectral_wls",""
4,20262400,"supergnova_cov","region","region","region012","cov","A","B",-0.00268022478285076,0.00256580316801905,-0.00932674772702632,0.00396629816132481,"normal_approximation:spectral_wls",""
4,20262400,"supergnova_cov","region","region","region013","cov","A","B",0.00224260607244141,0.00239413105159767,-0.00397432572136504,0.00845953786624785,"normal_approximation:spectral_wls",""
4,20262400,"supergnova_cov","region","region","region014","cov","A","B",0.00509570308039045,0.00107243528216182,-0.00114353023314573,0.0113349363939266,"normal_approximation:spectral_wls",""
4,20262400,"supergnova_cov","region","region","region015","cov","A","B",0.00417325480421905,0.00177099503829967,-0.00147840510460011,0.00982491471303821,"normal_approximation:spectral_wls",""
4,20262400,"supergnova_cov","region","region","region016","cov","A","B",-0.00217182314985713,0.0028562936517979,-0.00807442240991253,0.00373077611019826,"normal_approximation:spectral_wls",""
4,20262400,"supergnova_cov","region","region","region017","cov","A","B",0.000599239487837271,0.00233524473568533,-0.00567905110977003,0.00687753008544457,"normal_approximation:spectral_wls",""
4,20262400,"supergnova_cov","region","region","region018","cov","A","B",-0.000385495896506471,-0.000249544890176365,-0.00527147018317435,0.00450047839016141,"normal_approximation:spectral_wls",""
4,20262400,"supergnova_cov","region","region","region019","cov","A","B",-0.00466883562270748,0.0011165804456692,-0.0110488073571221,0.00171113611170712,"normal_approximation:spectral_wls",""
4,20262400,"supergnova_cov","region","region","region020","cov","A","B",0.000855183554358723,0.00133422954992706,-0.00562758221338263,0.00733794932210008,"normal_approximation:spectral_wls",""
4,20262400,"supergnova_cov","region","region","region001","cov","A","C",0.0533871470107133,0.049914865827428,0.0360676420089499,0.0707066520124768,"normal_approximation:spectral_wls",""
4,20262400,"supergnova_cov","region","region","region002","cov","A","C",-0.00424000973542564,7.58382437869358e-37,-0.0225093478176039,0.0140293283467526,"normal_approximation:spectral_wls",""
4,20262400,"supergnova_cov","region","region","region003","cov","A","C",0.00108003244661149,0.000271428660860677,-0.00462794435560198,0.00678800924882496,"normal_approximation:spectral_wls",""
4,20262400,"supergnova_cov","region","region","region004","cov","A","C",0.00410870338682915,0.000339010981243868,-0.000653965504877641,0.00887137227853593,"normal_approximation:spectral_wls",""
4,20262400,"supergnova_cov","region","region","region005","cov","A","C",0.00453111243636234,0.00172886111290427,-0.00049168814172874,0.00955391301445342,"normal_approximation:spectral_wls",""
4,20262400,"supergnova_cov","region","region","region006","cov","A","C",0.00630636863292471,0.000946807826803936,-0.0014020980393739,0.0140148353052233,"normal_approximation:spectral_wls",""
4,20262400,"supergnova_cov","region","region","region007","cov","A","C",-0.00357972655200286,-8.26867021694876e-05,-0.0099751752098018,0.00281572210579608,"normal_approximation:spectral_wls",""
4,20262400,"supergnova_cov","region","region","region008","cov","A","C",0.00454494854136241,0.000718220010192446,-0.00379968430219471,0.0128895813849195,"normal_approximation:spectral_wls",""
4,20262400,"supergnova_cov","region","region","region009","cov","A","C",-0.00358642071416889,0.000245403261141059,-0.00959274412169146,0.00241990269335368,"normal_approximation:spectral_wls",""
4,20262400,"supergnova_cov","region","region","region010","cov","A","C",0.0010171062565748,0.00312190606596596,-0.00522192456863379,0.00725613708178339,"normal_approximation:spectral_wls",""
4,20262400,"supergnova_cov","region","region","region011","cov","A","C",0.00507878770672804,0.00124265166250779,-0.000404760024661101,0.0105623354381172,"normal_approximation:spectral_wls",""
4,20262400,"supergnova_cov","region","region","region012","cov","A","C",0.00104330517907466,0.00199687157497113,-0.00539042959400792,0.00747703995215724,"normal_approximation:spectral_wls",""
4,20262400,"supergnova_cov","region","region","region013","cov","A","C",0.00405256220567263,0.00110388515453447,-0.0011398143387129,0.00924493875005816,"normal_approximation:spectral_wls",""
4,20262400,"supergnova_cov","region","region","region014","cov","A","C",0.000332120710401595,0.000947261464277079,-0.00734395428539428,0.00800819570619747,"normal_approximation:spectral_wls",""
4,20262400,"supergnova_cov","region","region","region015","cov","A","C",0.00314281000452352,0.000343497291131574,-0.0032420896436672,0.00952770965271424,"normal_approximation:spectral_wls",""
4,20262400,"supergnova_cov","region","region","region016","cov","A","C",0.00367916628202565,0.00270317167501951,-0.00405313898346556,0.0114114715475168,"normal_approximation:spectral_wls",""
4,20262400,"supergnova_cov","region","region","region017","cov","A","C",-0.00236926923182986,0.00142546196062351,-0.00813758052246195,0.00339904205880224,"normal_approximation:spectral_wls",""
4,20262400,"supergnova_cov","region","region","region018","cov","A","C",0.00515684645896846,0.000451793814422177,-0.000471475702361092,0.010785168620298,"normal_approximation:spectral_wls",""
4,20262400,"supergnova_cov","region","region","region019","cov","A","C",-0.00232115541979339,0.00080393253057849,-0.00919878567320207,0.00455647483361529,"normal_approximation:spectral_wls",""
4,20262400,"supergnova_cov","region","region","region020","cov","A","C",-0.00377896569083167,0.00168707411328043,-0.0103800446398791,0.00282211325821577,"normal_approximation:spectral_wls",""
4,20262400,"supergnova_cov","region","region","region001","cov","B","C",0.0767027867424804,0.0568982344527437,0.0513848845948491,0.102020688890112,"normal_approximation:spectral_wls",""
4,20262400,"supergnova_cov","region","region","region002","cov","B","C",0.0547971424984239,0.0568982344527437,0.0347399273466281,0.0748543576502197,"normal_approximation:spectral_wls",""
4,20262400,"supergnova_cov","region","region","region003","cov","B","C",0.00233252619568878,0.000356503970007749,-0.00327575948655736,0.00794081187793491,"normal_approximation:spectral_wls",""
4,20262400,"supergnova_cov","region","region","region004","cov","B","C",-0.00382496907725849,0.00056361617760846,-0.00936055854298307,0.0017106203884661,"normal_approximation:spectral_wls",""
4,20262400,"supergnova_cov","region","region","region005","cov","B","C",-6.95812450830885e-05,0.000461993772939424,-0.00627331348890299,0.00613415099873681,"normal_approximation:spectral_wls",""
4,20262400,"supergnova_cov","region","region","region006","cov","B","C",0.00471590735090614,0.00115008404937645,-0.00111962565925406,0.0105514403610663,"normal_approximation:spectral_wls",""
4,20262400,"supergnova_cov","region","region","region007","cov","B","C",-0.00163672675045467,0.00139023371379072,-0.00846480541709762,0.00519135191618829,"normal_approximation:spectral_wls",""
4,20262400,"supergnova_cov","region","region","region008","cov","B","C",0.00641709319053542,0.00114532011091005,-0.00203223391791967,0.0148664202989905,"normal_approximation:spectral_wls",""
4,20262400,"supergnova_cov","region","region","region009","cov","B","C",-0.00249614167890038,0.000576480865060315,-0.00768785155673281,0.00269556819893205,"normal_approximation:spectral_wls",""
4,20262400,"supergnova_cov","region","region","region010","cov","B","C",-0.00182479122416204,0.00504654970178391,-0.00883299141759459,0.0051834089692705,"normal_approximation:spectral_wls",""
4,20262400,"supergnova_cov","region","region","region011","cov","B","C",0.000971065593073209,0.00179305146271638,-0.00511790743151845,0.00706003861766487,"normal_approximation:spectral_wls",""
4,20262400,"supergnova_cov","region","region","region012","cov","B","C",-0.0021887542236953,0.00175936595895231,-0.00902693522684467,0.00464942677945406,"normal_approximation:spectral_wls",""
4,20262400,"supergnova_cov","region","region","region013","cov","B","C",0.000374925111263328,0.00204235996455612,-0.00591246651202221,0.00666231673454886,"normal_approximation:spectral_wls",""
4,20262400,"supergnova_cov","region","region","region014","cov","B","C",8.56990197795145e-06,0.00258190320576876,-0.00855581895314228,0.00857295875709818,"normal_approximation:spectral_wls",""
4,20262400,"supergnova_cov","region","region","region015","cov","B","C",0.00114460263406077,0.00124210912729465,-0.0046567803330139,0.00694598560113543,"normal_approximation:spectral_wls",""
4,20262400,"supergnova_cov","region","region","region016","cov","B","C",0.00020275868968597,0.00443141271926576,-0.00680366173454105,0.00720917911391299,"normal_approximation:spectral_wls",""
4,20262400,"supergnova_cov","region","region","region017","cov","B","C",-0.00308716603329578,0.00134647686012018,-0.00879934795842599,0.00262501589183442,"normal_approximation:spectral_wls",""
4,20262400,"supergnova_cov","region","region","region018","cov","B","C",0.00514820858732216,0.000150344009981776,-4.54179052099997e-05,0.0103418350798543,"normal_approximation:spectral_wls",""
4,20262400,"supergnova_cov","region","region","region019","cov","B","C",0.000301176696944751,0.00154256036787569,-0.00628569664485831,0.00688805003874781,"normal_approximation:spectral_wls",""
4,20262400,"supergnova_cov","region","region","region020","cov","B","C",-0.00729617598827405,0.00122103065375968,-0.0138552260274948,-0.000737125949053309,"normal_approximation:spectral_wls",""
4,20262400,"lava_cov","region","region","region001","cov","A","B",0.0602557829412704,0.0527698118759371,NA,NA,"unavailable","LAVA estimator uncertainty is not implemented; see separate trait-specific univariate test"
4,20262400,"lava_cov","region","region","region001","cov","A","C",0.0499465847923779,0.049914865827428,NA,NA,"unavailable","LAVA estimator uncertainty is not implemented; see separate trait-specific univariate test"
4,20262400,"lava_cov","region","region","region001","cov","B","C",0.0718910308229711,0.0568982344527437,NA,NA,"unavailable","LAVA estimator uncertainty is not implemented; see separate trait-specific univariate test"
4,20262400,"lava_cov","region","region","region002","cov","A","B",0.00717811804733219,8.01759113502212e-37,NA,NA,"unavailable","LAVA estimator uncertainty is not implemented; see separate trait-specific univariate test"
4,20262400,"lava_cov","region","region","region002","cov","A","C",-0.00573241129663206,7.58382437869358e-37,NA,NA,"unavailable","LAVA estimator uncertainty is not implemented; see separate trait-specific univariate test"
4,20262400,"lava_cov","region","region","region002","cov","B","C",0.0514591121197008,0.0568982344527437,NA,NA,"unavailable","LAVA estimator uncertainty is not implemented; see separate trait-specific univariate test"
4,20262400,"lava_cov","region","region","region003","cov","A","B",-0.00028276798115299,0.000585602257117479,NA,NA,"unavailable","LAVA estimator uncertainty is not implemented; see separate trait-specific univariate test"
4,20262400,"lava_cov","region","region","region003","cov","A","C",0.00251148791797364,0.000271428660860677,NA,NA,"unavailable","LAVA estimator uncertainty is not implemented; see separate trait-specific univariate test"
4,20262400,"lava_cov","region","region","region003","cov","B","C",0.00251820907057179,0.000356503970007749,NA,NA,"unavailable","LAVA estimator uncertainty is not implemented; see separate trait-specific univariate test"
4,20262400,"lava_cov","region","region","region004","cov","A","B",-0.00262103715421981,0.000733633201397527,NA,NA,"unavailable","LAVA estimator uncertainty is not implemented; see separate trait-specific univariate test"
4,20262400,"lava_cov","region","region","region004","cov","A","C",0.00533408549843425,0.000339010981243868,NA,NA,"unavailable","LAVA estimator uncertainty is not implemented; see separate trait-specific univariate test"
4,20262400,"lava_cov","region","region","region004","cov","B","C",-0.00345994064167023,0.00056361617760846,NA,NA,"unavailable","LAVA estimator uncertainty is not implemented; see separate trait-specific univariate test"
4,20262400,"lava_cov","region","region","region005","cov","A","B",0.00520641967600136,0.000447517773702994,NA,NA,"unavailable","LAVA estimator uncertainty is not implemented; see separate trait-specific univariate test"
4,20262400,"lava_cov","region","region","region005","cov","A","C",0.00347799578449464,0.00172886111290427,NA,NA,"unavailable","LAVA estimator uncertainty is not implemented; see separate trait-specific univariate test"
4,20262400,"lava_cov","region","region","region005","cov","B","C",-0.00112002425084083,0.000461993772939424,NA,NA,"unavailable","LAVA estimator uncertainty is not implemented; see separate trait-specific univariate test"
4,20262400,"lava_cov","region","region","region006","cov","A","B",-0.000850951314995018,0.000812979150881979,NA,NA,"unavailable","LAVA estimator uncertainty is not implemented; see separate trait-specific univariate test"
4,20262400,"lava_cov","region","region","region006","cov","A","C",0.00663662562370066,0.000946807826803936,NA,NA,"unavailable","LAVA estimator uncertainty is not implemented; see separate trait-specific univariate test"
4,20262400,"lava_cov","region","region","region006","cov","B","C",0.00372969454021291,0.00115008404937645,NA,NA,"unavailable","LAVA estimator uncertainty is not implemented; see separate trait-specific univariate test"
4,20262400,"lava_cov","region","region","region007","cov","A","B",0.00120423087422418,0.000181604266352871,NA,NA,"unavailable","LAVA estimator uncertainty is not implemented; see separate trait-specific univariate test"
4,20262400,"lava_cov","region","region","region007","cov","A","C",-0.00432522207998583,-8.26867021694876e-05,NA,NA,"unavailable","LAVA estimator uncertainty is not implemented; see separate trait-specific univariate test"
4,20262400,"lava_cov","region","region","region007","cov","B","C",-0.000196515575761658,0.00139023371379072,NA,NA,"unavailable","LAVA estimator uncertainty is not implemented; see separate trait-specific univariate test"
4,20262400,"lava_cov","region","region","region008","cov","A","B",0.0082374498715051,0.00102060823297302,NA,NA,"unavailable","LAVA estimator uncertainty is not implemented; see separate trait-specific univariate test"
4,20262400,"lava_cov","region","region","region008","cov","A","C",0.00452224753120427,0.000718220010192446,NA,NA,"unavailable","LAVA estimator uncertainty is not implemented; see separate trait-specific univariate test"
4,20262400,"lava_cov","region","region","region008","cov","B","C",0.00519689644361622,0.00114532011091005,NA,NA,"unavailable","LAVA estimator uncertainty is not implemented; see separate trait-specific univariate test"
4,20262400,"lava_cov","region","region","region009","cov","A","B",0.00103407924560889,0.000386466410409744,NA,NA,"unavailable","LAVA estimator uncertainty is not implemented; see separate trait-specific univariate test"
4,20262400,"lava_cov","region","region","region009","cov","A","C",0.0015525184144528,0.000245403261141059,NA,NA,"unavailable","LAVA estimator uncertainty is not implemented; see separate trait-specific univariate test"
4,20262400,"lava_cov","region","region","region009","cov","B","C",-0.00266322369443902,0.000576480865060315,NA,NA,"unavailable","LAVA estimator uncertainty is not implemented; see separate trait-specific univariate test"
4,20262400,"lava_cov","region","region","region010","cov","A","B",0.00784932797815146,0.00373857066050658,NA,NA,"unavailable","LAVA estimator uncertainty is not implemented; see separate trait-specific univariate test"
4,20262400,"lava_cov","region","region","region010","cov","A","C",0.00239922122061466,0.00312190606596596,NA,NA,"unavailable","LAVA estimator uncertainty is not implemented; see separate trait-specific univariate test"
4,20262400,"lava_cov","region","region","region010","cov","B","C",-0.00262461186007951,0.00504654970178391,NA,NA,"unavailable","LAVA estimator uncertainty is not implemented; see separate trait-specific univariate test"
4,20262400,"lava_cov","region","region","region011","cov","A","B",-0.00437845515266695,0.00119015541985446,NA,NA,"unavailable","LAVA estimator uncertainty is not implemented; see separate trait-specific univariate test"
4,20262400,"lava_cov","region","region","region011","cov","A","C",0.00476254824135718,0.00124265166250779,NA,NA,"unavailable","LAVA estimator uncertainty is not implemented; see separate trait-specific univariate test"
4,20262400,"lava_cov","region","region","region011","cov","B","C",0.00146401691296737,0.00179305146271638,NA,NA,"unavailable","LAVA estimator uncertainty is not implemented; see separate trait-specific univariate test"
4,20262400,"lava_cov","region","region","region012","cov","A","B",4.36190219623926e-05,0.00256580316801905,NA,NA,"unavailable","LAVA estimator uncertainty is not implemented; see separate trait-specific univariate test"
4,20262400,"lava_cov","region","region","region012","cov","A","C",0.00176766347263032,0.00199687157497113,NA,NA,"unavailable","LAVA estimator uncertainty is not implemented; see separate trait-specific univariate test"
4,20262400,"lava_cov","region","region","region012","cov","B","C",-0.000676115664678667,0.00175936595895231,NA,NA,"unavailable","LAVA estimator uncertainty is not implemented; see separate trait-specific univariate test"
4,20262400,"lava_cov","region","region","region013","cov","A","B",0.00264369029732316,0.00239413105159767,NA,NA,"unavailable","LAVA estimator uncertainty is not implemented; see separate trait-specific univariate test"
4,20262400,"lava_cov","region","region","region013","cov","A","C",0.00452425440455687,0.00110388515453447,NA,NA,"unavailable","LAVA estimator uncertainty is not implemented; see separate trait-specific univariate test"
4,20262400,"lava_cov","region","region","region013","cov","B","C",-0.00108681818148848,0.00204235996455612,NA,NA,"unavailable","LAVA estimator uncertainty is not implemented; see separate trait-specific univariate test"
4,20262400,"lava_cov","region","region","region014","cov","A","B",0.00610393085809683,0.00107243528216182,NA,NA,"unavailable","LAVA estimator uncertainty is not implemented; see separate trait-specific univariate test"
4,20262400,"lava_cov","region","region","region014","cov","A","C",-0.000284377709211509,0.000947261464277079,NA,NA,"unavailable","LAVA estimator uncertainty is not implemented; see separate trait-specific univariate test"
4,20262400,"lava_cov","region","region","region014","cov","B","C",0.000189305303268435,0.00258190320576876,NA,NA,"unavailable","LAVA estimator uncertainty is not implemented; see separate trait-specific univariate test"
4,20262400,"lava_cov","region","region","region015","cov","A","B",0.00470267363408103,0.00177099503829967,NA,NA,"unavailable","LAVA estimator uncertainty is not implemented; see separate trait-specific univariate test"
4,20262400,"lava_cov","region","region","region015","cov","A","C",-0.00128729398985678,0.000343497291131574,NA,NA,"unavailable","LAVA estimator uncertainty is not implemented; see separate trait-specific univariate test"
4,20262400,"lava_cov","region","region","region015","cov","B","C",0.00194425519436807,0.00124210912729465,NA,NA,"unavailable","LAVA estimator uncertainty is not implemented; see separate trait-specific univariate test"
4,20262400,"lava_cov","region","region","region016","cov","A","B",-0.00229178203653836,0.0028562936517979,NA,NA,"unavailable","LAVA estimator uncertainty is not implemented; see separate trait-specific univariate test"
4,20262400,"lava_cov","region","region","region016","cov","A","C",0.00422029820806329,0.00270317167501951,NA,NA,"unavailable","LAVA estimator uncertainty is not implemented; see separate trait-specific univariate test"
4,20262400,"lava_cov","region","region","region016","cov","B","C",0.000473961464710833,0.00443141271926576,NA,NA,"unavailable","LAVA estimator uncertainty is not implemented; see separate trait-specific univariate test"
4,20262400,"lava_cov","region","region","region017","cov","A","B",0.000150607493581837,0.00233524473568533,NA,NA,"unavailable","LAVA estimator uncertainty is not implemented; see separate trait-specific univariate test"
4,20262400,"lava_cov","region","region","region017","cov","A","C",-0.00277044588309311,0.00142546196062351,NA,NA,"unavailable","LAVA estimator uncertainty is not implemented; see separate trait-specific univariate test"
4,20262400,"lava_cov","region","region","region017","cov","B","C",-0.0021462703342705,0.00134647686012018,NA,NA,"unavailable","LAVA estimator uncertainty is not implemented; see separate trait-specific univariate test"
4,20262400,"lava_cov","region","region","region018","cov","A","B",0.000383276461073657,-0.000249544890176365,NA,NA,"unavailable","LAVA estimator uncertainty is not implemented; see separate trait-specific univariate test"
4,20262400,"lava_cov","region","region","region018","cov","A","C",0.00438153579651997,0.000451793814422177,NA,NA,"unavailable","LAVA estimator uncertainty is not implemented; see separate trait-specific univariate test"
4,20262400,"lava_cov","region","region","region018","cov","B","C",0.0038223322371585,0.000150344009981776,NA,NA,"unavailable","LAVA estimator uncertainty is not implemented; see separate trait-specific univariate test"
4,20262400,"lava_cov","region","region","region019","cov","A","B",-0.00471852323730341,0.0011165804456692,NA,NA,"unavailable","LAVA estimator uncertainty is not implemented; see separate trait-specific univariate test"
4,20262400,"lava_cov","region","region","region019","cov","A","C",-0.00277879018356765,0.00080393253057849,NA,NA,"unavailable","LAVA estimator uncertainty is not implemented; see separate trait-specific univariate test"
4,20262400,"lava_cov","region","region","region019","cov","B","C",0.000841793190798153,0.00154256036787569,NA,NA,"unavailable","LAVA estimator uncertainty is not implemented; see separate trait-specific univariate test"
4,20262400,"lava_cov","region","region","region020","cov","A","B",0.000587759194683104,0.00133422954992706,NA,NA,"unavailable","LAVA estimator uncertainty is not implemented; see separate trait-specific univariate test"
4,20262400,"lava_cov","region","region","region020","cov","A","C",-0.00376329142963909,0.00168707411328043,NA,NA,"unavailable","LAVA estimator uncertainty is not implemented; see separate trait-specific univariate test"
4,20262400,"lava_cov","region","region","region020","cov","B","C",-0.00921005999443014,0.00122103065375968,NA,NA,"unavailable","LAVA estimator uncertainty is not implemented; see separate trait-specific univariate test"
4,20262400,"ldsc_annotation_h2","reference","all",NA,"h2","A",NA,0.421871557855896,0.296475557779458,0.208687813415478,0.635055302296314,"normal_approximation:block_jackknife",""
4,20262400,"ldsc_annotation_h2","annotation_category","enriched",NA,"h2","A",NA,0.280479366654691,0.231229903624063,0.114723374428236,0.446235358881146,"normal_approximation:block_jackknife",""
4,20262400,"ldsc_annotation_h2","annotation_category","background",NA,"h2","A",NA,0.141392191201205,0.0652456541553954,0.00733153353013902,0.275452848872271,"normal_approximation:block_jackknife",""
4,20262400,"ldsc_annotation_h2","reference","all",NA,"h2","B",NA,0.392173907879538,0.399708548322041,0.155488650659275,0.628859165099801,"normal_approximation:block_jackknife",""
4,20262400,"ldsc_annotation_h2","annotation_category","enriched",NA,"h2","B",NA,0.273964443107713,0.320321720984928,0.0791118019266071,0.468817084288819,"normal_approximation:block_jackknife",""
4,20262400,"ldsc_annotation_h2","annotation_category","background",NA,"h2","B",NA,0.118209464771824,0.0793868273371121,-0.0161496031477742,0.252568532691423,"normal_approximation:block_jackknife",""
4,20262400,"ldsc_annotation_h2","reference","all",NA,"h2","C",NA,0.350756949747546,0.351564028030256,0.10031177109395,0.601202128401142,"normal_approximation:block_jackknife",""
4,20262400,"ldsc_annotation_h2","annotation_category","enriched",NA,"h2","C",NA,0.307956784497635,0.267542256163974,0.100076402164692,0.515837166830579,"normal_approximation:block_jackknife",""
4,20262400,"ldsc_annotation_h2","annotation_category","background",NA,"h2","C",NA,0.0428001652499104,0.0840217718662828,-0.0968727884721308,0.182473118971952,"normal_approximation:block_jackknife",""
4,20262400,"ldsc_annotation_rg","reference","all",NA,"rg","A","B",0.223827967071047,0.552123786758214,-0.15819838871014,0.605854322852234,"normal_approximation:block_jackknife",""
4,20262400,"ldsc_annotation_rg","annotation_category","enriched",NA,"rg","A","B",0.411144915708331,0.5554030986346,-0.000261885588087596,0.822551717004749,"normal_approximation:block_jackknife",""
4,20262400,"ldsc_annotation_rg","annotation_category","background",NA,"rg","A","B",-0.177349058482917,0.540641949933565,-0.954419908313955,0.59972179134812,"normal_approximation:block_jackknife",""
4,20262400,"ldsc_annotation_rg","reference","all",NA,"rg","A","C",0.429404155309852,0.539233298098416,0.0354633056481854,0.823345004971518,"normal_approximation:block_jackknife",""
4,20262400,"ldsc_annotation_rg","annotation_category","enriched",NA,"rg","A","C",0.353896838305669,0.532632068667334,-0.0642237563846786,0.772017432996016,"normal_approximation:block_jackknife",""
4,20262400,"ldsc_annotation_rg","annotation_category","background",NA,"rg","A","C",0.786346187979399,0.562004012373345,-0.946117876064597,2.5188102520234,"normal_approximation:block_jackknife",""
4,20262400,"ldsc_annotation_rg","reference","all",NA,"rg","B","C",0.746005335912937,0.728410820488801,0.345024563524698,1.14698610830118,"normal_approximation:block_jackknife",""
4,20262400,"ldsc_annotation_rg","annotation_category","enriched",NA,"rg","B","C",0.763033201208134,0.776313668529981,0.454841680787659,1.07122472162861,"normal_approximation:block_jackknife",""
4,20262400,"ldsc_annotation_rg","annotation_category","background",NA,"rg","B","C",0.773952387323453,0.560700698908934,-1.21171352582714,2.75961830047405,"normal_approximation:block_jackknife",""
4,20262400,"bayesc","reference","all",NA,"h2","A",NA,0.315300075710803,0.296475557779458,0.284384811660544,0.34608746987095,"conditional_equal_tailed_posterior",""
4,20262400,"bayesr","reference","all",NA,"h2","A",NA,0.30904548691429,0.296475557779458,0.268316315260404,0.352105129477784,"conditional_equal_tailed_posterior",""
5,20262500,"ldsc_h2","reference","all",NA,"h2","A",NA,0.200548418821951,0.299644935027348,0.0283303071442267,0.372766530499676,"normal_approximation:block_jackknife",""
5,20262500,"ldsc_h2","reference","all",NA,"h2","B",NA,0.374106344434299,0.399412936848578,0.182851828056642,0.565360860811956,"normal_approximation:block_jackknife",""
5,20262500,"ldsc_h2","reference","all",NA,"h2","C",NA,0.406249746449171,0.34896299677152,0.217834414050389,0.594665078847952,"normal_approximation:block_jackknife",""
5,20262500,"ldsc_rg","reference","all",NA,"rg","A","B",0.562707224638829,0.577692102769059,0.0700879012572345,1.05532654802042,"normal_approximation:block_jackknife",""
5,20262500,"ldsc_rg","reference","all",NA,"rg","A","C",0.524395971418441,0.588290648427472,0.0696990439508369,0.979092898886044,"normal_approximation:block_jackknife",""
5,20262500,"ldsc_rg","reference","all",NA,"rg","B","C",0.621388398351219,0.720302820425016,0.259854380312874,0.982922416389565,"normal_approximation:block_jackknife",""
5,20262500,"gnova_h2","reference","all",NA,"h2","A",NA,0.201784760256126,0.299644935027348,0.0298052876066198,0.373764232905631,"normal_approximation:block_jackknife",""
5,20262500,"gnova_h2","reference","all",NA,"h2","B",NA,0.367639459966352,0.399412936848578,0.17932552100317,0.555953398929533,"normal_approximation:block_jackknife",""
5,20262500,"gnova_h2","reference","all",NA,"h2","C",NA,0.401372274415034,0.34896299677152,0.215947294011308,0.586797254818761,"normal_approximation:block_jackknife",""
5,20262500,"gnova_rg","reference","all",NA,"rg","A","B",0.558880246597036,0.577692102769059,0.0657631738641827,1.05199731932989,"normal_approximation:block_jackknife",""
5,20262500,"gnova_rg","reference","all",NA,"rg","A","C",0.509767499254605,0.588290648427472,0.0574486025493051,0.962086395959905,"normal_approximation:block_jackknife",""
5,20262500,"gnova_rg","reference","all",NA,"rg","B","C",0.615314979260348,0.720302820425016,0.251588020391437,0.97904193812926,"normal_approximation:block_jackknife",""
5,20262500,"sumher_h2","reference","all",NA,"h2","A",NA,0.200548419056201,0.299644935027348,0.0283303075395856,0.372766530572816,"normal_approximation:fixed_weight_block_jackknife",""
5,20262500,"sumher_h2","reference","all",NA,"h2","B",NA,0.374106376572591,0.399412936848578,0.182851848166222,0.56536090497896,"normal_approximation:fixed_weight_block_jackknife",""
5,20262500,"sumher_h2","reference","all",NA,"h2","C",NA,0.406249755398672,0.34896299677152,0.217834417690516,0.594665093106827,"normal_approximation:fixed_weight_block_jackknife",""
5,20262500,"sumher_rg","reference","all",NA,"rg","A","B",0.56270720049444,0.577692102769059,0.070087902401176,1.0553264985877,"normal_approximation:fixed_weight_block_jackknife",""
5,20262500,"sumher_rg","reference","all",NA,"rg","A","C",0.52439596556814,0.588290648427472,0.0696990436739058,0.979092887462374,"normal_approximation:fixed_weight_block_jackknife",""
5,20262500,"sumher_rg","reference","all",NA,"rg","B","C",0.621388365566207,0.720302820425016,0.259854381769972,0.982922349362441,"normal_approximation:fixed_weight_block_jackknife",""
5,20262500,"hess_cov","region","region","region001","cov","A","B",0.0591685652319786,0.0500580297126822,0.045509238970492,0.0728278914934651,"normal_approximation:conditional_gaussian_plugin_delta",""
5,20262500,"hess_cov","region","region","region002","cov","A","B",0.00293574373581786,7.60557601009919e-37,-0.00957575145057954,0.0154472389222153,"normal_approximation:conditional_gaussian_plugin_delta",""
5,20262500,"hess_cov","region","region","region003","cov","A","B",-0.00129076204172832,0.00107286283324165,NA,NA,"unavailable","HESS joint uncertainty requires positive semidefinite plug-in genetic and residual matrices"
5,20262500,"hess_cov","region","region","region004","cov","A","B",0.00628782994365271,0.00147734529421384,NA,NA,"unavailable","HESS joint uncertainty requires positive semidefinite plug-in genetic and residual matrices"
5,20262500,"hess_cov","region","region","region005","cov","A","B",0.00185425511357128,0.00157673426219587,NA,NA,"unavailable","HESS joint uncertainty requires positive semidefinite plug-in genetic and residual matrices"
5,20262500,"hess_cov","region","region","region006","cov","A","B",0.00100299302592263,0.00135077045565805,NA,NA,"unavailable","HESS joint uncertainty requires positive semidefinite plug-in genetic and residual matrices"
5,20262500,"hess_cov","region","region","region007","cov","A","B",0.00271094875084871,0.0012926374971781,NA,NA,"unavailable","HESS joint uncertainty requires positive semidefinite plug-in genetic and residual matrices"
5,20262500,"hess_cov","region","region","region008","cov","A","B",0.0040984218629309,0.0012804075797068,NA,NA,"unavailable","HESS joint uncertainty requires positive semidefinite plug-in genetic and residual matrices"
5,20262500,"hess_cov","region","region","region009","cov","A","B",-0.000443800149452759,0.000762281405601151,NA,NA,"unavailable","HESS joint uncertainty requires positive semidefinite plug-in genetic and residual matrices"
5,20262500,"hess_cov","region","region","region010","cov","A","B",0.00375864569335723,0.000668296934180057,NA,NA,"unavailable","HESS joint uncertainty requires positive semidefinite plug-in genetic and residual matrices"
5,20262500,"hess_cov","region","region","region011","cov","A","B",0.00527760113015159,0.000375937844822929,NA,NA,"unavailable","HESS joint uncertainty requires positive semidefinite plug-in genetic and residual matrices"
5,20262500,"hess_cov","region","region","region012","cov","A","B",0.00268879988374084,0.00735970134527942,NA,NA,"unavailable","HESS joint uncertainty requires positive semidefinite plug-in genetic and residual matrices"
5,20262500,"hess_cov","region","region","region013","cov","A","B",0.00218924370333456,0.00165098959370952,NA,NA,"unavailable","HESS joint uncertainty requires positive semidefinite plug-in genetic and residual matrices"
5,20262500,"hess_cov","region","region","region014","cov","A","B",-0.000506873771046591,0.00207511767862556,-0.00794308963550614,0.00692934209341296,"normal_approximation:conditional_gaussian_plugin_delta",""
5,20262500,"hess_cov","region","region","region015","cov","A","B",-0.000912134187821569,0.000966209293992602,NA,NA,"unavailable","HESS joint uncertainty requires positive semidefinite plug-in genetic and residual matrices"
5,20262500,"hess_cov","region","region","region016","cov","A","B",-0.00108368002800473,0.000340285428395208,NA,NA,"unavailable","HESS joint uncertainty requires positive semidefinite plug-in genetic and residual matrices"
5,20262500,"hess_cov","region","region","region017","cov","A","B",0.00353890936282741,0.00055937032921907,NA,NA,"unavailable","HESS joint uncertainty requires positive semidefinite plug-in genetic and residual matrices"
5,20262500,"hess_cov","region","region","region018","cov","A","B",-0.00134899173658317,0.000841558649877399,NA,NA,"unavailable","HESS joint uncertainty requires positive semidefinite plug-in genetic and residual matrices"
5,20262500,"hess_cov","region","region","region019","cov","A","B",0.00079052960419646,0.00168733352967396,NA,NA,"unavailable","HESS joint uncertainty requires positive semidefinite plug-in genetic and residual matrices"
5,20262500,"hess_cov","region","region","region020","cov","A","B",0.00179016391182256,0.0006865947454936,NA,NA,"unavailable","HESS joint uncertainty requires positive semidefinite plug-in genetic and residual matrices"
5,20262500,"hess_cov","region","region","region001","cov","A","C",0.0592401119155348,0.0476764685775869,NA,NA,"unavailable","HESS joint uncertainty requires positive semidefinite plug-in genetic and residual matrices"
5,20262500,"hess_cov","region","region","region002","cov","A","C",0.0113994714391255,7.24373307821336e-37,-0.00213159358826593,0.024930536466517,"normal_approximation:conditional_gaussian_plugin_delta",""
5,20262500,"hess_cov","region","region","region003","cov","A","C",0.00423175284903841,0.000474544472651149,NA,NA,"unavailable","HESS joint uncertainty requires positive semidefinite plug-in genetic and residual matrices"
5,20262500,"hess_cov","region","region","region004","cov","A","C",0.00189963555164685,0.000827782095491574,NA,NA,"unavailable","HESS joint uncertainty requires positive semidefinite plug-in genetic and residual matrices"
5,20262500,"hess_cov","region","region","region005","cov","A","C",0.00137131333791522,0.00112786565936056,-0.00582176548984499,0.00856439216567543,"normal_approximation:conditional_gaussian_plugin_delta",""
5,20262500,"hess_cov","region","region","region006","cov","A","C",0.00497029673200453,0.000792206002794989,NA,NA,"unavailable","HESS joint uncertainty requires positive semidefinite plug-in genetic and residual matrices"
5,20262500,"hess_cov","region","region","region007","cov","A","C",0.00639736484169173,0.000618035323423974,NA,NA,"unavailable","HESS joint uncertainty requires positive semidefinite plug-in genetic and residual matrices"
5,20262500,"hess_cov","region","region","region008","cov","A","C",-0.00352390259604265,0.00170413080176707,NA,NA,"unavailable","HESS joint uncertainty requires positive semidefinite plug-in genetic and residual matrices"
5,20262500,"hess_cov","region","region","region009","cov","A","C",0.00286481236212692,0.000356032138771418,NA,NA,"unavailable","HESS joint uncertainty requires positive semidefinite plug-in genetic and residual matrices"
5,20262500,"hess_cov","region","region","region010","cov","A","C",0.00174376489507797,0.000364235244546223,NA,NA,"unavailable","HESS joint uncertainty requires positive semidefinite plug-in genetic and residual matrices"
5,20262500,"hess_cov","region","region","region011","cov","A","C",0.000259070410897362,0.00223579509379815,-0.00706036991720504,0.00757851073899976,"normal_approximation:conditional_gaussian_plugin_delta",""
5,20262500,"hess_cov","region","region","region012","cov","A","C",0.00423541244892963,0.00642559264784101,NA,NA,"unavailable","HESS joint uncertainty requires positive semidefinite plug-in genetic and residual matrices"
5,20262500,"hess_cov","region","region","region013","cov","A","C",-0.00204485623746946,0.00183105550498608,NA,NA,"unavailable","HESS joint uncertainty requires positive semidefinite plug-in genetic and residual matrices"
5,20262500,"hess_cov","region","region","region014","cov","A","C",0.000985982408626785,0.0024227360433428,-0.0062628333394246,0.00823479815667817,"normal_approximation:conditional_gaussian_plugin_delta",""
5,20262500,"hess_cov","region","region","region015","cov","A","C",0.00115983828465496,0.00115164267819826,NA,NA,"unavailable","HESS joint uncertainty requires positive semidefinite plug-in genetic and residual matrices"
5,20262500,"hess_cov","region","region","region016","cov","A","C",-0.00501642385645906,0.00109961637870328,NA,NA,"unavailable","HESS joint uncertainty requires positive semidefinite plug-in genetic and residual matrices"
5,20262500,"hess_cov","region","region","region017","cov","A","C",-0.00320417966588814,0.00113672335803106,-0.0104767577588752,0.00406839842709894,"normal_approximation:conditional_gaussian_plugin_delta",""
5,20262500,"hess_cov","region","region","region018","cov","A","C",0.00120450108802652,0.00135518342732453,NA,NA,"unavailable","HESS joint uncertainty requires positive semidefinite plug-in genetic and residual matrices"
5,20262500,"hess_cov","region","region","region019","cov","A","C",0.00202603579082999,0.00143378645736031,NA,NA,"unavailable","HESS joint uncertainty requires positive semidefinite plug-in genetic and residual matrices"
5,20262500,"hess_cov","region","region","region020","cov","A","C",-0.000407351953395125,-0.000152920527556037,NA,NA,"unavailable","HESS joint uncertainty requires positive semidefinite plug-in genetic and residual matrices"
5,20262500,"hess_cov","region","region","region001","cov","B","C",0.0716596695785886,0.0567639086831658,NA,NA,"unavailable","HESS joint uncertainty requires positive semidefinite plug-in genetic and residual matrices"
5,20262500,"hess_cov","region","region","region002","cov","B","C",0.0675432528671797,0.0567639086831658,NA,NA,"unavailable","HESS joint uncertainty requires positive semidefinite plug-in genetic and residual matrices"
5,20262500,"hess_cov","region","region","region003","cov","B","C",-0.000677272534795502,0.000908869198029219,NA,NA,"unavailable","HESS joint uncertainty requires positive semidefinite plug-in genetic and residual matrices"
5,20262500,"hess_cov","region","region","region004","cov","B","C",0.00898429499371804,0.00201060948244114,NA,NA,"unavailable","HESS joint uncertainty requires positive semidefinite plug-in genetic and residual matrices"
5,20262500,"hess_cov","region","region","region005","cov","B","C",0.00353322383200756,0.00296823180852174,NA,NA,"unavailable","HESS joint uncertainty requires positive semidefinite plug-in genetic and residual matrices"
5,20262500,"hess_cov","region","region","region006","cov","B","C",-0.000885722810402831,0.000436821430872217,-0.00787326253990194,0.00610181691909628,"normal_approximation:conditional_gaussian_plugin_delta",""
5,20262500,"hess_cov","region","region","region007","cov","B","C",-0.000733037044395286,0.000648412856280133,-0.00855989881085538,0.0070938247220648,"normal_approximation:conditional_gaussian_plugin_delta",""
5,20262500,"hess_cov","region","region","region008","cov","B","C",0.000658673251396233,0.00256728154536055,-0.00620356758163214,0.00752091408442461,"normal_approximation:conditional_gaussian_plugin_delta",""
5,20262500,"hess_cov","region","region","region009","cov","B","C",-0.00380074834869176,0.000928442184713509,NA,NA,"unavailable","HESS joint uncertainty requires positive semidefinite plug-in genetic and residual matrices"
5,20262500,"hess_cov","region","region","region010","cov","B","C",0.0034383768542322,0.000460810372502985,NA,NA,"unavailable","HESS joint uncertainty requires positive semidefinite plug-in genetic and residual matrices"
5,20262500,"hess_cov","region","region","region011","cov","B","C",-0.00676130986785015,0.000563730754286342,NA,NA,"unavailable","HESS joint uncertainty requires positive semidefinite plug-in genetic and residual matrices"
5,20262500,"hess_cov","region","region","region012","cov","B","C",-0.00170548974287471,0.00686594284480916,-0.00904832521554443,0.00563734572979501,"normal_approximation:conditional_gaussian_plugin_delta",""
5,20262500,"hess_cov","region","region","region013","cov","B","C",0.000740105947937008,0.00164675888905433,-0.00665901655866232,0.00813922845453634,"normal_approximation:conditional_gaussian_plugin_delta",""
5,20262500,"hess_cov","region","region","region014","cov","B","C",0.00191632198573379,0.00235006394768193,-0.00570653775733432,0.00953918172880189,"normal_approximation:conditional_gaussian_plugin_delta",""
5,20262500,"hess_cov","region","region","region015","cov","B","C",-0.00182896411186636,0.00120439354443057,NA,NA,"unavailable","HESS joint uncertainty requires positive semidefinite plug-in genetic and residual matrices"
5,20262500,"hess_cov","region","region","region016","cov","B","C",0.00360614694951693,0.000972797279600688,-0.00379761799446168,0.0110099118934955,"normal_approximation:conditional_gaussian_plugin_delta",""
5,20262500,"hess_cov","region","region","region017","cov","B","C",0.00301497216616063,0.000682641456926504,NA,NA,"unavailable","HESS joint uncertainty requires positive semidefinite plug-in genetic and residual matrices"
5,20262500,"hess_cov","region","region","region018","cov","B","C",0.000964019517057474,0.000630127584460513,NA,NA,"unavailable","HESS joint uncertainty requires positive semidefinite plug-in genetic and residual matrices"
5,20262500,"hess_cov","region","region","region019","cov","B","C",0.00980662972371275,0.00312885253771773,NA,NA,"unavailable","HESS joint uncertainty requires positive semidefinite plug-in genetic and residual matrices"
5,20262500,"hess_cov","region","region","region020","cov","B","C",-0.00323173077247747,0.000105399263780109,NA,NA,"unavailable","HESS joint uncertainty requires positive semidefinite plug-in genetic and residual matrices"
5,20262500,"supergnova_cov","region","region","region001","cov","A","B",0.0593821645718072,0.0500580297126822,0.0351245865530775,0.0836397425905369,"normal_approximation:spectral_wls",""
5,20262500,"supergnova_cov","region","region","region002","cov","A","B",0.00599800309412307,7.60557601009919e-37,-0.00949408830007686,0.021490094488323,"normal_approximation:spectral_wls",""
5,20262500,"supergnova_cov","region","region","region003","cov","A","B",0.000119060886337037,0.00107286283324165,-0.00651111144085696,0.00674923321353103,"normal_approximation:spectral_wls",""
5,20262500,"supergnova_cov","region","region","region004","cov","A","B",0.00644440373842645,0.00147734529421384,0.000732862691463796,0.0121559447853891,"normal_approximation:spectral_wls",""
5,20262500,"supergnova_cov","region","region","region005","cov","A","B",0.00316029434721342,0.00157673426219587,-0.00329736551619472,0.00961795421062156,"normal_approximation:spectral_wls",""
5,20262500,"supergnova_cov","region","region","region006","cov","A","B",0.00180783062638587,0.00135077045565805,-0.00404649360424911,0.00766215485702084,"normal_approximation:spectral_wls",""
5,20262500,"supergnova_cov","region","region","region007","cov","A","B",0.00249062311642933,0.0012926374971781,-0.00369474958795933,0.008675995820818,"normal_approximation:spectral_wls",""
5,20262500,"supergnova_cov","region","region","region008","cov","A","B",0.00180520668340969,0.0012804075797068,-0.00440487079551058,0.00801528416232996,"normal_approximation:spectral_wls",""
5,20262500,"supergnova_cov","region","region","region009","cov","A","B",4.6207307017496e-05,0.000762281405601151,-0.00587360745115363,0.00596602206518862,"normal_approximation:spectral_wls",""
5,20262500,"supergnova_cov","region","region","region010","cov","A","B",0.000805562668340215,0.000668296934180057,-0.00421601155234219,0.00582713688902262,"normal_approximation:spectral_wls",""
5,20262500,"supergnova_cov","region","region","region011","cov","A","B",0.00372482328136909,0.000375937844822929,-0.00254263245136927,0.00999227901410745,"normal_approximation:spectral_wls",""
5,20262500,"supergnova_cov","region","region","region012","cov","A","B",0.0047245214891775,0.00735970134527942,-0.000845076989601081,0.0102941199679561,"normal_approximation:spectral_wls",""
5,20262500,"supergnova_cov","region","region","region013","cov","A","B",0.00102894566143246,0.00165098959370952,-0.00495352494361812,0.00701141626648303,"normal_approximation:spectral_wls",""
5,20262500,"supergnova_cov","region","region","region014","cov","A","B",-0.00156169018732682,0.00207511767862556,-0.0083474828566708,0.00522410248201716,"normal_approximation:spectral_wls",""
5,20262500,"supergnova_cov","region","region","region015","cov","A","B",-0.000976100648837221,0.000966209293992602,-0.00617548415192193,0.00422328285424749,"normal_approximation:spectral_wls",""
5,20262500,"supergnova_cov","region","region","region016","cov","A","B",-0.000365962114692171,0.000340285428395208,-0.00540085263938838,0.00466892841000403,"normal_approximation:spectral_wls",""
5,20262500,"supergnova_cov","region","region","region017","cov","A","B",0.00294993239033483,0.00055937032921907,-0.00403633915782553,0.0099362039384952,"normal_approximation:spectral_wls",""
5,20262500,"supergnova_cov","region","region","region018","cov","A","B",-0.00196768976328169,0.000841558649877399,-0.00779916899197916,0.00386378946541578,"normal_approximation:spectral_wls",""
5,20262500,"supergnova_cov","region","region","region019","cov","A","B",7.400171155644e-05,0.00168733352967396,-0.00622867852986327,0.00637668195297615,"normal_approximation:spectral_wls",""
5,20262500,"supergnova_cov","region","region","region020","cov","A","B",0.000776560730132677,0.0006865947454936,-0.00361118075699591,0.00516430221726126,"normal_approximation:spectral_wls",""
5,20262500,"supergnova_cov","region","region","region001","cov","A","C",0.0589839723970348,0.0476764685775869,0.0394768388659207,0.078491105928149,"normal_approximation:spectral_wls",""
5,20262500,"supergnova_cov","region","region","region002","cov","A","C",0.0113652801400499,7.24373307821336e-37,-0.00634812545094816,0.029078685731048,"normal_approximation:spectral_wls",""
5,20262500,"supergnova_cov","region","region","region003","cov","A","C",0.0029281710033076,0.000474544472651149,-0.002811695083791,0.00866803709040621,"normal_approximation:spectral_wls",""
5,20262500,"supergnova_cov","region","region","region004","cov","A","C",0.00339264840146157,0.000827782095491574,-0.000805566385903841,0.00759086318882698,"normal_approximation:spectral_wls",""
5,20262500,"supergnova_cov","region","region","region005","cov","A","C",0.0012186383498443,0.00112786565936056,-0.0052882165081404,0.007725493207829,"normal_approximation:spectral_wls",""
5,20262500,"supergnova_cov","region","region","region006","cov","A","C",0.00383575086056103,0.000792206002794989,-0.00218113546350054,0.00985263718462261,"normal_approximation:spectral_wls",""
5,20262500,"supergnova_cov","region","region","region007","cov","A","C",0.00593028961023778,0.000618035323423974,-0.000910661247571199,0.0127712404680468,"normal_approximation:spectral_wls",""
5,20262500,"supergnova_cov","region","region","region008","cov","A","C",-0.00222167346881802,0.00170413080176707,-0.0084382842812431,0.00399493734360705,"normal_approximation:spectral_wls",""
5,20262500,"supergnova_cov","region","region","region009","cov","A","C",0.00206666812646585,0.000356032138771418,-0.00305186784207406,0.00718520409500576,"normal_approximation:spectral_wls",""
5,20262500,"supergnova_cov","region","region","region010","cov","A","C",3.49816421459534e-05,0.000364235244546223,-0.00580062572730298,0.00587058901159488,"normal_approximation:spectral_wls",""
5,20262500,"supergnova_cov","region","region","region011","cov","A","C",0.000757462451144701,0.00223579509379815,-0.00610783298417125,0.00762275788646065,"normal_approximation:spectral_wls",""
5,20262500,"supergnova_cov","region","region","region012","cov","A","C",0.00412860833569332,0.00642559264784101,-0.00240518964688405,0.0106624063182707,"normal_approximation:spectral_wls",""
5,20262500,"supergnova_cov","region","region","region013","cov","A","C",-0.00119087557351881,0.00183105550498608,-0.00702296957075462,0.00464121842371699,"normal_approximation:spectral_wls",""
5,20262500,"supergnova_cov","region","region","region014","cov","A","C",0.00138408955255168,0.0024227360433428,-0.00541275343178445,0.00818093253688781,"normal_approximation:spectral_wls",""
5,20262500,"supergnova_cov","region","region","region015","cov","A","C",0.00203515079459547,0.00115164267819826,-0.00386608629366457,0.00793638788285551,"normal_approximation:spectral_wls",""
5,20262500,"supergnova_cov","region","region","region016","cov","A","C",-0.00265065336284224,0.00109961637870328,-0.00908199142115843,0.00378068469547394,"normal_approximation:spectral_wls",""
5,20262500,"supergnova_cov","region","region","region017","cov","A","C",-0.000880330367132623,0.00113672335803106,-0.00867991644883509,0.00691925571456985,"normal_approximation:spectral_wls",""
5,20262500,"supergnova_cov","region","region","region018","cov","A","C",0.00145394914417499,0.00135518342732453,-0.00447760700288572,0.0073855052912357,"normal_approximation:spectral_wls",""
5,20262500,"supergnova_cov","region","region","region019","cov","A","C",0.00289018628763725,0.00143378645736031,-0.00460426076693016,0.0103846333422047,"normal_approximation:spectral_wls",""
5,20262500,"supergnova_cov","region","region","region020","cov","A","C",-0.000131657121597977,-0.000152920527556037,-0.00562622798148686,0.00536291373829091,"normal_approximation:spectral_wls",""
5,20262500,"supergnova_cov","region","region","region001","cov","B","C",0.0710987518934016,0.0567639086831658,0.0432633056433448,0.0989341981434585,"normal_approximation:spectral_wls",""
5,20262500,"supergnova_cov","region","region","region002","cov","B","C",0.0685547511442404,0.0567639086831658,0.0481281503683839,0.0889813519200968,"normal_approximation:spectral_wls",""
5,20262500,"supergnova_cov","region","region","region003","cov","B","C",-0.00105598132062416,0.000908869198029219,-0.00666582781222178,0.00455386517097346,"normal_approximation:spectral_wls",""
5,20262500,"supergnova_cov","region","region","region004","cov","B","C",0.00662893438232142,0.00201060948244114,0.00154418816954526,0.0117136805950976,"normal_approximation:spectral_wls",""
5,20262500,"supergnova_cov","region","region","region005","cov","B","C",0.00468937499243494,0.00296823180852174,-0.00270586550076803,0.0120846154856379,"normal_approximation:spectral_wls",""
5,20262500,"supergnova_cov","region","region","region006","cov","B","C",0.000374293730655325,0.000436821430872217,-0.0063336516443311,0.00708223910564175,"normal_approximation:spectral_wls",""
5,20262500,"supergnova_cov","region","region","region007","cov","B","C",2.60280520563537e-05,0.000648412856280133,-0.00790975190566203,0.00796180800977474,"normal_approximation:spectral_wls",""
5,20262500,"supergnova_cov","region","region","region008","cov","B","C",-0.000192536998825656,0.00256728154536055,-0.00521150258876895,0.00482642859111763,"normal_approximation:spectral_wls",""
5,20262500,"supergnova_cov","region","region","region009","cov","B","C",-0.00460882319597914,0.000928442184713509,-0.0101335621334816,0.000915915741523338,"normal_approximation:spectral_wls",""
5,20262500,"supergnova_cov","region","region","region010","cov","B","C",0.00377781371403245,0.000460810372502985,-0.00167824373506711,0.00923387116313201,"normal_approximation:spectral_wls",""
5,20262500,"supergnova_cov","region","region","region011","cov","B","C",-0.00754849393090902,0.000563730754286342,-0.0137691994452647,-0.00132778841655333,"normal_approximation:spectral_wls",""
5,20262500,"supergnova_cov","region","region","region012","cov","B","C",0.000474934066319182,0.00686594284480916,-0.00569333040666225,0.00664319853930061,"normal_approximation:spectral_wls",""
5,20262500,"supergnova_cov","region","region","region013","cov","B","C",0.00275650129582285,0.00164675888905433,-0.00365484479685743,0.00916784738850313,"normal_approximation:spectral_wls",""
5,20262500,"supergnova_cov","region","region","region014","cov","B","C",0.00220172568244286,0.00235006394768193,-0.00547908742338388,0.0098825387882696,"normal_approximation:spectral_wls",""
5,20262500,"supergnova_cov","region","region","region015","cov","B","C",-0.000438285500720202,0.00120439354443057,-0.00588774060362529,0.00501116960218489,"normal_approximation:spectral_wls",""
5,20262500,"supergnova_cov","region","region","region016","cov","B","C",0.00388215734282606,0.000972797279600688,-0.00173580790803887,0.00950012259369099,"normal_approximation:spectral_wls",""
5,20262500,"supergnova_cov","region","region","region017","cov","B","C",0.00114216757242416,0.000682641456926504,-0.00498854768233473,0.00727288282718305,"normal_approximation:spectral_wls",""
5,20262500,"supergnova_cov","region","region","region018","cov","B","C",0.000728778979928158,0.000630127584460513,-0.00436493485004247,0.00582249280989879,"normal_approximation:spectral_wls",""
5,20262500,"supergnova_cov","region","region","region019","cov","B","C",0.00372328222908087,0.00312885253771773,-0.004227835501158,0.0116743999593197,"normal_approximation:spectral_wls",""
5,20262500,"supergnova_cov","region","region","region020","cov","B","C",-0.00538690743005252,0.000105399263780109,-0.0102096898479113,-0.000564125012193738,"normal_approximation:spectral_wls",""
5,20262500,"lava_cov","region","region","region001","cov","A","B",0.0553378815369138,0.0500580297126822,NA,NA,"unavailable","LAVA estimator uncertainty is not implemented; see separate trait-specific univariate test"
5,20262500,"lava_cov","region","region","region001","cov","A","C",0.0562443344256414,0.0476764685775869,NA,NA,"unavailable","LAVA estimator uncertainty is not implemented; see separate trait-specific univariate test"
5,20262500,"lava_cov","region","region","region001","cov","B","C",0.0672478965907664,0.0567639086831658,NA,NA,"unavailable","LAVA estimator uncertainty is not implemented; see separate trait-specific univariate test"
5,20262500,"lava_cov","region","region","region002","cov","A","B",0.00283894466931655,7.60557601009919e-37,NA,NA,"unavailable","LAVA estimator uncertainty is not implemented; see separate trait-specific univariate test"
5,20262500,"lava_cov","region","region","region002","cov","A","C",0.0110979098842784,7.24373307821336e-37,NA,NA,"unavailable","LAVA estimator uncertainty is not implemented; see separate trait-specific univariate test"
5,20262500,"lava_cov","region","region","region002","cov","B","C",0.0633492772179396,0.0567639086831658,NA,NA,"unavailable","LAVA estimator uncertainty is not implemented; see separate trait-specific univariate test"
5,20262500,"lava_cov","region","region","region003","cov","A","B",-0.00128865538562531,0.00107286283324165,NA,NA,"unavailable","LAVA estimator uncertainty is not implemented; see separate trait-specific univariate test"
5,20262500,"lava_cov","region","region","region003","cov","A","C",0.00423119255497439,0.000474544472651149,NA,NA,"unavailable","LAVA estimator uncertainty is not implemented; see separate trait-specific univariate test"
5,20262500,"lava_cov","region","region","region003","cov","B","C",-0.000676608152184118,0.000908869198029219,NA,NA,"unavailable","LAVA estimator uncertainty is not implemented; see separate trait-specific univariate test"
5,20262500,"lava_cov","region","region","region004","cov","A","B",0.00628726306041635,0.00147734529421384,NA,NA,"unavailable","LAVA estimator uncertainty is not implemented; see separate trait-specific univariate test"
5,20262500,"lava_cov","region","region","region004","cov","A","C",0.00190022658673791,0.000827782095491574,NA,NA,"unavailable","LAVA estimator uncertainty is not implemented; see separate trait-specific univariate test"
5,20262500,"lava_cov","region","region","region004","cov","B","C",0.00898174627753962,0.00201060948244114,NA,NA,"unavailable","LAVA estimator uncertainty is not implemented; see separate trait-specific univariate test"
5,20262500,"lava_cov","region","region","region005","cov","A","B",0.00185190095438572,0.00157673426219587,NA,NA,"unavailable","LAVA estimator uncertainty is not implemented; see separate trait-specific univariate test"
5,20262500,"lava_cov","region","region","region005","cov","A","C",0.00137025448394118,0.00112786565936056,NA,NA,"unavailable","LAVA estimator uncertainty is not implemented; see separate trait-specific univariate test"
5,20262500,"lava_cov","region","region","region005","cov","B","C",0.00352915482174496,0.00296823180852174,NA,NA,"unavailable","LAVA estimator uncertainty is not implemented; see separate trait-specific univariate test"
5,20262500,"lava_cov","region","region","region006","cov","A","B",0.0009982188352865,0.00135077045565805,NA,NA,"unavailable","LAVA estimator uncertainty is not implemented; see separate trait-specific univariate test"
5,20262500,"lava_cov","region","region","region006","cov","A","C",0.00497309338640866,0.000792206002794989,NA,NA,"unavailable","LAVA estimator uncertainty is not implemented; see separate trait-specific univariate test"
5,20262500,"lava_cov","region","region","region006","cov","B","C",-0.000889098795695523,0.000436821430872217,NA,NA,"unavailable","LAVA estimator uncertainty is not implemented; see separate trait-specific univariate test"
5,20262500,"lava_cov","region","region","region007","cov","A","B",0.00270757957386741,0.0012926374971781,NA,NA,"unavailable","LAVA estimator uncertainty is not implemented; see separate trait-specific univariate test"
5,20262500,"lava_cov","region","region","region007","cov","A","C",0.00639576596823114,0.000618035323423974,NA,NA,"unavailable","LAVA estimator uncertainty is not implemented; see separate trait-specific univariate test"
5,20262500,"lava_cov","region","region","region007","cov","B","C",-0.000734040946833841,0.000648412856280133,NA,NA,"unavailable","LAVA estimator uncertainty is not implemented; see separate trait-specific univariate test"
5,20262500,"lava_cov","region","region","region008","cov","A","B",0.00409421985432168,0.0012804075797068,NA,NA,"unavailable","LAVA estimator uncertainty is not implemented; see separate trait-specific univariate test"
5,20262500,"lava_cov","region","region","region008","cov","A","C",-0.00351946253772078,0.00170413080176707,NA,NA,"unavailable","LAVA estimator uncertainty is not implemented; see separate trait-specific univariate test"
5,20262500,"lava_cov","region","region","region008","cov","B","C",0.000653242866583558,0.00256728154536055,NA,NA,"unavailable","LAVA estimator uncertainty is not implemented; see separate trait-specific univariate test"
5,20262500,"lava_cov","region","region","region009","cov","A","B",-0.000440835216463624,0.000762281405601151,NA,NA,"unavailable","LAVA estimator uncertainty is not implemented; see separate trait-specific univariate test"
5,20262500,"lava_cov","region","region","region009","cov","A","C",0.00286397015274274,0.000356032138771418,NA,NA,"unavailable","LAVA estimator uncertainty is not implemented; see separate trait-specific univariate test"
5,20262500,"lava_cov","region","region","region009","cov","B","C",-0.00379935931447013,0.000928442184713509,NA,NA,"unavailable","LAVA estimator uncertainty is not implemented; see separate trait-specific univariate test"
5,20262500,"lava_cov","region","region","region010","cov","A","B",0.0037582546887935,0.000668296934180057,NA,NA,"unavailable","LAVA estimator uncertainty is not implemented; see separate trait-specific univariate test"
5,20262500,"lava_cov","region","region","region010","cov","A","C",0.00174308829314978,0.000364235244546223,NA,NA,"unavailable","LAVA estimator uncertainty is not implemented; see separate trait-specific univariate test"
5,20262500,"lava_cov","region","region","region010","cov","B","C",0.00343679782161781,0.000460810372502985,NA,NA,"unavailable","LAVA estimator uncertainty is not implemented; see separate trait-specific univariate test"
5,20262500,"lava_cov","region","region","region011","cov","A","B",0.00527556780885697,0.000375937844822929,NA,NA,"unavailable","LAVA estimator uncertainty is not implemented; see separate trait-specific univariate test"
5,20262500,"lava_cov","region","region","region011","cov","A","C",0.000256347971074917,0.00223579509379815,NA,NA,"unavailable","LAVA estimator uncertainty is not implemented; see separate trait-specific univariate test"
5,20262500,"lava_cov","region","region","region011","cov","B","C",-0.00675991469082656,0.000563730754286342,NA,NA,"unavailable","LAVA estimator uncertainty is not implemented; see separate trait-specific univariate test"
5,20262500,"lava_cov","region","region","region012","cov","A","B",0.00268577913812035,0.00735970134527942,NA,NA,"unavailable","LAVA estimator uncertainty is not implemented; see separate trait-specific univariate test"
5,20262500,"lava_cov","region","region","region012","cov","A","C",0.00423431726835498,0.00642559264784101,NA,NA,"unavailable","LAVA estimator uncertainty is not implemented; see separate trait-specific univariate test"
5,20262500,"lava_cov","region","region","region012","cov","B","C",-0.00171226683934216,0.00686594284480916,NA,NA,"unavailable","LAVA estimator uncertainty is not implemented; see separate trait-specific univariate test"
5,20262500,"lava_cov","region","region","region013","cov","A","B",0.0021888716748041,0.00165098959370952,NA,NA,"unavailable","LAVA estimator uncertainty is not implemented; see separate trait-specific univariate test"
5,20262500,"lava_cov","region","region","region013","cov","A","C",-0.00204494440709579,0.00183105550498608,NA,NA,"unavailable","LAVA estimator uncertainty is not implemented; see separate trait-specific univariate test"
5,20262500,"lava_cov","region","region","region013","cov","B","C",0.000738209694746114,0.00164675888905433,NA,NA,"unavailable","LAVA estimator uncertainty is not implemented; see separate trait-specific univariate test"
5,20262500,"lava_cov","region","region","region014","cov","A","B",-0.000506190004267046,0.00207511767862556,NA,NA,"unavailable","LAVA estimator uncertainty is not implemented; see separate trait-specific univariate test"
5,20262500,"lava_cov","region","region","region014","cov","A","C",0.0009840904186281,0.0024227360433428,NA,NA,"unavailable","LAVA estimator uncertainty is not implemented; see separate trait-specific univariate test"
5,20262500,"lava_cov","region","region","region014","cov","B","C",0.00191259054452801,0.00235006394768193,NA,NA,"unavailable","LAVA estimator uncertainty is not implemented; see separate trait-specific univariate test"
5,20262500,"lava_cov","region","region","region015","cov","A","B",-0.00091131399384075,0.000966209293992602,NA,NA,"unavailable","LAVA estimator uncertainty is not implemented; see separate trait-specific univariate test"
5,20262500,"lava_cov","region","region","region015","cov","A","C",0.00115778937361095,0.00115164267819826,NA,NA,"unavailable","LAVA estimator uncertainty is not implemented; see separate trait-specific univariate test"
5,20262500,"lava_cov","region","region","region015","cov","B","C",-0.00182949703797314,0.00120439354443057,NA,NA,"unavailable","LAVA estimator uncertainty is not implemented; see separate trait-specific univariate test"
5,20262500,"lava_cov","region","region","region016","cov","A","B",-0.0010821542833479,0.000340285428395208,NA,NA,"unavailable","LAVA estimator uncertainty is not implemented; see separate trait-specific univariate test"
5,20262500,"lava_cov","region","region","region016","cov","A","C",-0.00501055114502405,0.00109961637870328,NA,NA,"unavailable","LAVA estimator uncertainty is not implemented; see separate trait-specific univariate test"
5,20262500,"lava_cov","region","region","region016","cov","B","C",0.00360344489144934,0.000972797279600688,NA,NA,"unavailable","LAVA estimator uncertainty is not implemented; see separate trait-specific univariate test"
5,20262500,"lava_cov","region","region","region017","cov","A","B",0.00353676806211163,0.00055937032921907,NA,NA,"unavailable","LAVA estimator uncertainty is not implemented; see separate trait-specific univariate test"
5,20262500,"lava_cov","region","region","region017","cov","A","C",-0.00320325964534008,0.00113672335803106,NA,NA,"unavailable","LAVA estimator uncertainty is not implemented; see separate trait-specific univariate test"
5,20262500,"lava_cov","region","region","region017","cov","B","C",0.00301484012602893,0.000682641456926504,NA,NA,"unavailable","LAVA estimator uncertainty is not implemented; see separate trait-specific univariate test"
5,20262500,"lava_cov","region","region","region018","cov","A","B",-0.00134984017599602,0.000841558649877399,NA,NA,"unavailable","LAVA estimator uncertainty is not implemented; see separate trait-specific univariate test"
5,20262500,"lava_cov","region","region","region018","cov","A","C",0.00120408620689228,0.00135518342732453,NA,NA,"unavailable","LAVA estimator uncertainty is not implemented; see separate trait-specific univariate test"
5,20262500,"lava_cov","region","region","region018","cov","B","C",0.000963220578651164,0.000630127584460513,NA,NA,"unavailable","LAVA estimator uncertainty is not implemented; see separate trait-specific univariate test"
5,20262500,"lava_cov","region","region","region019","cov","A","B",0.00078203408006484,0.00168733352967396,NA,NA,"unavailable","LAVA estimator uncertainty is not implemented; see separate trait-specific univariate test"
5,20262500,"lava_cov","region","region","region019","cov","A","C",0.00201732039792817,0.00143378645736031,NA,NA,"unavailable","LAVA estimator uncertainty is not implemented; see separate trait-specific univariate test"
5,20262500,"lava_cov","region","region","region019","cov","B","C",0.00979414964577612,0.00312885253771773,NA,NA,"unavailable","LAVA estimator uncertainty is not implemented; see separate trait-specific univariate test"
5,20262500,"lava_cov","region","region","region020","cov","A","B",0.00179043676260456,0.0006865947454936,NA,NA,"unavailable","LAVA estimator uncertainty is not implemented; see separate trait-specific univariate test"
5,20262500,"lava_cov","region","region","region020","cov","A","C",-0.000408832127737687,-0.000152920527556037,NA,NA,"unavailable","LAVA estimator uncertainty is not implemented; see separate trait-specific univariate test"
5,20262500,"lava_cov","region","region","region020","cov","B","C",-0.00322757710708086,0.000105399263780109,NA,NA,"unavailable","LAVA estimator uncertainty is not implemented; see separate trait-specific univariate test"
5,20262500,"ldsc_annotation_h2","reference","all",NA,"h2","A",NA,0.257741007601363,0.299644935027348,0.0554715934986293,0.460010421704096,"normal_approximation:block_jackknife",""
5,20262500,"ldsc_annotation_h2","annotation_category","enriched",NA,"h2","A",NA,0.156357364107581,0.223120920525017,0.00800066673343497,0.304714061481728,"normal_approximation:block_jackknife",""
5,20262500,"ldsc_annotation_h2","annotation_category","background",NA,"h2","A",NA,0.101383643493781,0.0765240145023316,-0.0361052876034939,0.238872574591057,"normal_approximation:block_jackknife",""
5,20262500,"ldsc_annotation_h2","reference","all",NA,"h2","B",NA,0.469078005197297,0.399412936848578,0.238807619470854,0.69934839092374,"normal_approximation:block_jackknife",""
5,20262500,"ldsc_annotation_h2","annotation_category","enriched",NA,"h2","B",NA,0.276496643552475,0.306956001365498,0.0974115050079808,0.455581782096969,"normal_approximation:block_jackknife",""
5,20262500,"ldsc_annotation_h2","annotation_category","background",NA,"h2","B",NA,0.192581361644822,0.0924569354830799,0.0478299758549235,0.33733274743472,"normal_approximation:block_jackknife",""
5,20262500,"ldsc_annotation_h2","reference","all",NA,"h2","C",NA,0.532223706943362,0.34896299677152,0.297022183978527,0.767425229908197,"normal_approximation:block_jackknife",""
5,20262500,"ldsc_annotation_h2","annotation_category","enriched",NA,"h2","C",NA,0.349476806141294,0.269364762186008,0.156130319360228,0.54282329292236,"normal_approximation:block_jackknife",""
5,20262500,"ldsc_annotation_h2","annotation_category","background",NA,"h2","C",NA,0.182746900802068,0.0795982345855113,0.0488182169561052,0.316675584648031,"normal_approximation:block_jackknife",""
5,20262500,"ldsc_annotation_rg","reference","all",NA,"rg","A","B",0.547609458257038,0.577692102769059,0.11900350783825,0.976215408675827,"normal_approximation:block_jackknife",""
5,20262500,"ldsc_annotation_rg","annotation_category","enriched",NA,"rg","A","B",0.51024133714068,0.57017488425852,-0.00104329211305221,1.02152596639441,"normal_approximation:block_jackknife",""
5,20262500,"ldsc_annotation_rg","annotation_category","background",NA,"rg","A","B",0.603424119212987,0.602001886015692,-0.237614313470052,1.44446255189603,"normal_approximation:block_jackknife",""
5,20262500,"ldsc_annotation_rg","reference","all",NA,"rg","A","C",0.550596220663594,0.588290648427472,0.156192709495838,0.94499973183135,"normal_approximation:block_jackknife",""
5,20262500,"ldsc_annotation_rg","annotation_category","enriched",NA,"rg","A","C",0.631048520820327,0.577337764854861,0.197908551102295,1.06418849053836,"normal_approximation:block_jackknife",""
5,20262500,"ldsc_annotation_rg","annotation_category","background",NA,"rg","A","C",0.414444422705963,0.623933427475432,-0.346188537563498,1.17507738297542,"normal_approximation:block_jackknife",""
5,20262500,"ldsc_annotation_rg","reference","all",NA,"rg","B","C",0.610280236330387,0.720302820425016,0.281271698411866,0.939288774248907,"normal_approximation:block_jackknife",""
5,20262500,"ldsc_annotation_rg","annotation_category","enriched",NA,"rg","B","C",0.587261362638555,0.750370126679906,0.174649036244474,0.999873689032635,"normal_approximation:block_jackknife",""
5,20262500,"ldsc_annotation_rg","annotation_category","background",NA,"rg","B","C",0.652333656519571,0.619546493315451,0.0339258177225049,1.27074149531664,"normal_approximation:block_jackknife",""
5,20262500,"bayesc","reference","all",NA,"h2","A",NA,0.308712580364227,0.299644935027348,0.278054497958551,0.340875984956764,"conditional_equal_tailed_posterior",""
5,20262500,"bayesr","reference","all",NA,"h2","A",NA,0.296985039382266,0.299644935027348,0.257513625438662,0.338845578354077,"conditional_equal_tailed_posterior",""
6,20262600,"ldsc_h2","reference","all",NA,"h2","A",NA,0.408541780873093,0.295937482095736,0.241079959181518,0.576003602564667,"normal_approximation:block_jackknife",""
6,20262600,"ldsc_h2","reference","all",NA,"h2","B",NA,0.381073007145382,0.398962870754473,0.188810160236787,0.573335854053977,"normal_approximation:block_jackknife",""
6,20262600,"ldsc_h2","reference","all",NA,"h2","C",NA,0.360191505326985,0.348487624847932,0.176769660625184,0.543613350028786,"normal_approximation:block_jackknife",""
6,20262600,"ldsc_rg","reference","all",NA,"rg","A","B",0.68326889489547,0.542363433909345,0.338398151159818,1.02813963863112,"normal_approximation:block_jackknife",""
6,20262600,"ldsc_rg","reference","all",NA,"rg","A","C",0.445230154240885,0.557729657098056,0.125117889089492,0.765342419392278,"normal_approximation:block_jackknife",""
6,20262600,"ldsc_rg","reference","all",NA,"rg","B","C",0.594429266799326,0.685896715446644,0.225151490673421,0.963707042925231,"normal_approximation:block_jackknife",""
6,20262600,"gnova_h2","reference","all",NA,"h2","A",NA,0.405161500645949,0.295937482095736,0.23949540199966,0.570827599292238,"normal_approximation:block_jackknife",""
6,20262600,"gnova_h2","reference","all",NA,"h2","B",NA,0.373823229621757,0.398962870754473,0.184984147427969,0.562662311815545,"normal_approximation:block_jackknife",""
6,20262600,"gnova_h2","reference","all",NA,"h2","C",NA,0.354878840791622,0.348487624847932,0.173897150300315,0.535860531282928,"normal_approximation:block_jackknife",""
6,20262600,"gnova_rg","reference","all",NA,"rg","A","B",0.680589678382811,0.542363433909345,0.33355030786671,1.02762904889891,"normal_approximation:block_jackknife",""
6,20262600,"gnova_rg","reference","all",NA,"rg","A","C",0.436853058951681,0.557729657098056,0.114488718325286,0.759217399578075,"normal_approximation:block_jackknife",""
6,20262600,"gnova_rg","reference","all",NA,"rg","B","C",0.585968899505554,0.685896715446644,0.212549901451422,0.959387897559685,"normal_approximation:block_jackknife",""
6,20262600,"sumher_h2","reference","all",NA,"h2","A",NA,0.408541782668034,0.295937482095736,0.241079959944476,0.576003605391592,"normal_approximation:fixed_weight_block_jackknife",""
6,20262600,"sumher_h2","reference","all",NA,"h2","B",NA,0.381073054549914,0.398962870754473,0.188810189230429,0.573335919869399,"normal_approximation:fixed_weight_block_jackknife",""
6,20262600,"sumher_h2","reference","all",NA,"h2","C",NA,0.360191520711147,0.348487624847932,0.176769670096419,0.543613371325875,"normal_approximation:fixed_weight_block_jackknife",""
6,20262600,"sumher_rg","reference","all",NA,"rg","A","B",0.68326885160214,0.542363433909345,0.338398133414588,1.02813956978969,"normal_approximation:fixed_weight_block_jackknife",""
6,20262600,"sumher_rg","reference","all",NA,"rg","A","C",0.445230144037556,0.557729657098056,0.125117887646759,0.765342400428353,"normal_approximation:fixed_weight_block_jackknife",""
6,20262600,"sumher_rg","reference","all",NA,"rg","B","C",0.594429218613737,0.685896715446644,0.225151485311087,0.963706951916386,"normal_approximation:fixed_weight_block_jackknife",""
6,20262600,"hess_cov","region","region","region001","cov","A","B",0.0639813075777437,0.0509131739202041,0.0498659869905664,0.078096628164921,"normal_approximation:conditional_gaussian_plugin_delta",""
6,20262600,"hess_cov","region","region","region002","cov","A","B",0.00781845864764233,7.73550250355557e-37,-0.00510272573215012,0.0207396430274348,"normal_approximation:conditional_gaussian_plugin_delta",""
6,20262600,"hess_cov","region","region","region003","cov","A","B",-0.00253961336846021,0.00132675970706419,NA,NA,"unavailable","HESS joint uncertainty requires positive semidefinite plug-in genetic and residual matrices"
6,20262600,"hess_cov","region","region","region004","cov","A","B",0.00147160022259702,0.00105470970274426,NA,NA,"unavailable","HESS joint uncertainty requires positive semidefinite plug-in genetic and residual matrices"
6,20262600,"hess_cov","region","region","region005","cov","A","B",0.00200580238033738,0.00206194564706486,NA,NA,"unavailable","HESS joint uncertainty requires positive semidefinite plug-in genetic and residual matrices"
6,20262600,"hess_cov","region","region","region006","cov","A","B",0.00583611832863521,0.00119195977988205,NA,NA,"unavailable","HESS joint uncertainty requires positive semidefinite plug-in genetic and residual matrices"
6,20262600,"hess_cov","region","region","region007","cov","A","B",-3.57080263068518e-05,0.00165535756238125,-0.00732140302330796,0.00724998697069426,"normal_approximation:conditional_gaussian_plugin_delta",""
6,20262600,"hess_cov","region","region","region008","cov","A","B",0.0062106642583851,0.00110854075166249,NA,NA,"unavailable","HESS joint uncertainty requires positive semidefinite plug-in genetic and residual matrices"
6,20262600,"hess_cov","region","region","region009","cov","A","B",0.00125823508079483,0.00139200549665991,NA,NA,"unavailable","HESS joint uncertainty requires positive semidefinite plug-in genetic and residual matrices"
6,20262600,"hess_cov","region","region","region010","cov","A","B",0.00626493382465379,0.00141475242361505,NA,NA,"unavailable","HESS joint uncertainty requires positive semidefinite plug-in genetic and residual matrices"
6,20262600,"hess_cov","region","region","region011","cov","A","B",0.00457684202093755,0.000445835429248481,NA,NA,"unavailable","HESS joint uncertainty requires positive semidefinite plug-in genetic and residual matrices"
6,20262600,"hess_cov","region","region","region012","cov","A","B",-0.0048349308871239,0.0021170577281249,NA,NA,"unavailable","HESS joint uncertainty requires positive semidefinite plug-in genetic and residual matrices"
6,20262600,"hess_cov","region","region","region013","cov","A","B",0.00137775204307454,0.00120417657133223,NA,NA,"unavailable","HESS joint uncertainty requires positive semidefinite plug-in genetic and residual matrices"
6,20262600,"hess_cov","region","region","region014","cov","A","B",0.00177163022516277,0.000378754373840493,NA,NA,"unavailable","HESS joint uncertainty requires positive semidefinite plug-in genetic and residual matrices"
6,20262600,"hess_cov","region","region","region015","cov","A","B",0.00168247611311169,0.00092336038905977,-0.00526925654141345,0.00863420876763683,"normal_approximation:conditional_gaussian_plugin_delta",""
6,20262600,"hess_cov","region","region","region016","cov","A","B",0.00223818158286085,0.000394312885942978,-0.00616021681652567,0.0106365799822474,"normal_approximation:conditional_gaussian_plugin_delta",""
6,20262600,"hess_cov","region","region","region017","cov","A","B",0.00213097387019585,0.000107288834268463,-0.00574694520174107,0.0100088929421328,"normal_approximation:conditional_gaussian_plugin_delta",""
6,20262600,"hess_cov","region","region","region018","cov","A","B",0.000524643493178062,0.000966794870598207,-0.00657430694253644,0.00762359392889256,"normal_approximation:conditional_gaussian_plugin_delta",""
6,20262600,"hess_cov","region","region","region019","cov","A","B",0.00487433871720926,0.000893826283667098,NA,NA,"unavailable","HESS joint uncertainty requires positive semidefinite plug-in genetic and residual matrices"
6,20262600,"hess_cov","region","region","region020","cov","A","B",-0.00253608949845945,0.0017241128912796,NA,NA,"unavailable","HESS joint uncertainty requires positive semidefinite plug-in genetic and residual matrices"
6,20262600,"hess_cov","region","region","region001","cov","A","C",0.0510154745379576,0.0470504197565499,0.0377710866826843,0.0642598623932309,"normal_approximation:conditional_gaussian_plugin_delta",""
6,20262600,"hess_cov","region","region","region002","cov","A","C",0.000478998672011899,7.14861423470794e-37,-0.0118721169431623,0.0128301142871861,"normal_approximation:conditional_gaussian_plugin_delta",""
6,20262600,"hess_cov","region","region","region003","cov","A","C",0.00506325476741409,0.000864793906151117,NA,NA,"unavailable","HESS joint uncertainty requires positive semidefinite plug-in genetic and residual matrices"
6,20262600,"hess_cov","region","region","region004","cov","A","C",0.00291959286980228,0.00150848249185545,NA,NA,"unavailable","HESS joint uncertainty requires positive semidefinite plug-in genetic and residual matrices"
6,20262600,"hess_cov","region","region","region005","cov","A","C",-0.00231010355695438,0.00165405387804031,-0.0103265874189505,0.00570638030504177,"normal_approximation:conditional_gaussian_plugin_delta",""
6,20262600,"hess_cov","region","region","region006","cov","A","C",0.00634957211705302,0.00159786010876236,NA,NA,"unavailable","HESS joint uncertainty requires positive semidefinite plug-in genetic and residual matrices"
6,20262600,"hess_cov","region","region","region007","cov","A","C",0.00374925605191485,0.00102136697230049,-0.00405687746992024,0.0115553895737499,"normal_approximation:conditional_gaussian_plugin_delta",""
6,20262600,"hess_cov","region","region","region008","cov","A","C",-0.00121678235142878,0.000334079901613932,NA,NA,"unavailable","HESS joint uncertainty requires positive semidefinite plug-in genetic and residual matrices"
6,20262600,"hess_cov","region","region","region009","cov","A","C",0.00940752482060613,0.000464000159974993,NA,NA,"unavailable","HESS joint uncertainty requires positive semidefinite plug-in genetic and residual matrices"
6,20262600,"hess_cov","region","region","region010","cov","A","C",-0.00224395041237739,0.000442682711875,NA,NA,"unavailable","HESS joint uncertainty requires positive semidefinite plug-in genetic and residual matrices"
6,20262600,"hess_cov","region","region","region011","cov","A","C",-0.0031557182645389,0.00110793564544579,NA,NA,"unavailable","HESS joint uncertainty requires positive semidefinite plug-in genetic and residual matrices"
6,20262600,"hess_cov","region","region","region012","cov","A","C",0.000130099547924931,0.00223733007669551,NA,NA,"unavailable","HESS joint uncertainty requires positive semidefinite plug-in genetic and residual matrices"
6,20262600,"hess_cov","region","region","region013","cov","A","C",-0.00218764043828432,0.00061884535975861,NA,NA,"unavailable","HESS joint uncertainty requires positive semidefinite plug-in genetic and residual matrices"
6,20262600,"hess_cov","region","region","region014","cov","A","C",0.00264657431251759,0.00084133438186179,NA,NA,"unavailable","HESS joint uncertainty requires positive semidefinite plug-in genetic and residual matrices"
6,20262600,"hess_cov","region","region","region015","cov","A","C",0.00255598265597368,0.000671447588322539,NA,NA,"unavailable","HESS joint uncertainty requires positive semidefinite plug-in genetic and residual matrices"
6,20262600,"hess_cov","region","region","region016","cov","A","C",-0.000734269764134786,0.000506548990776012,-0.00838255732907855,0.00691401780080898,"normal_approximation:conditional_gaussian_plugin_delta",""
6,20262600,"hess_cov","region","region","region017","cov","A","C",-0.00113606825174616,0.000167731494550306,NA,NA,"unavailable","HESS joint uncertainty requires positive semidefinite plug-in genetic and residual matrices"
6,20262600,"hess_cov","region","region","region018","cov","A","C",0.00116535018518717,0.00124566049645735,NA,NA,"unavailable","HESS joint uncertainty requires positive semidefinite plug-in genetic and residual matrices"
6,20262600,"hess_cov","region","region","region019","cov","A","C",0.00191713236729649,0.00116030423707032,NA,NA,"unavailable","HESS joint uncertainty requires positive semidefinite plug-in genetic and residual matrices"
6,20262600,"hess_cov","region","region","region020","cov","A","C",0.00717926391632569,0.00222701038557475,NA,NA,"unavailable","HESS joint uncertainty requires positive semidefinite plug-in genetic and residual matrices"
6,20262600,"hess_cov","region","region","region001","cov","B","C",0.0573790543202065,0.0551463651804675,0.0437512589777838,0.0710068496626293,"normal_approximation:conditional_gaussian_plugin_delta",""
6,20262600,"hess_cov","region","region","region002","cov","B","C",0.0586570418603916,0.0551463651804675,0.0449254228211563,0.0723886608996269,"normal_approximation:conditional_gaussian_plugin_delta",""
6,20262600,"hess_cov","region","region","region003","cov","B","C",-0.00258682262391179,0.00149416261945851,NA,NA,"unavailable","HESS joint uncertainty requires positive semidefinite plug-in genetic and residual matrices"
6,20262600,"hess_cov","region","region","region004","cov","B","C",-0.00154480033163116,0.000823475655744677,-0.00894687545702323,0.00585727479376091,"normal_approximation:conditional_gaussian_plugin_delta",""
6,20262600,"hess_cov","region","region","region005","cov","B","C",-0.00224995810312134,0.00204480118160849,NA,NA,"unavailable","HESS joint uncertainty requires positive semidefinite plug-in genetic and residual matrices"
6,20262600,"hess_cov","region","region","region006","cov","B","C",0.00233103843145355,0.00235890610598843,NA,NA,"unavailable","HESS joint uncertainty requires positive semidefinite plug-in genetic and residual matrices"
6,20262600,"hess_cov","region","region","region007","cov","B","C",0.00571969834223068,0.00119457109914922,-0.00200597916351721,0.0134453758479786,"normal_approximation:conditional_gaussian_plugin_delta",""
6,20262600,"hess_cov","region","region","region008","cov","B","C",0.00290376126793509,0.00117949303397607,NA,NA,"unavailable","HESS joint uncertainty requires positive semidefinite plug-in genetic and residual matrices"
6,20262600,"hess_cov","region","region","region009","cov","B","C",0.00150062140798567,0.000262300605480689,NA,NA,"unavailable","HESS joint uncertainty requires positive semidefinite plug-in genetic and residual matrices"
6,20262600,"hess_cov","region","region","region010","cov","B","C",0.00771233485018792,0.000798408877530925,NA,NA,"unavailable","HESS joint uncertainty requires positive semidefinite plug-in genetic and residual matrices"
6,20262600,"hess_cov","region","region","region011","cov","B","C",0.000261640214055846,0.000353976392974592,NA,NA,"unavailable","HESS joint uncertainty requires positive semidefinite plug-in genetic and residual matrices"
6,20262600,"hess_cov","region","region","region012","cov","B","C",0.00312613976631997,0.00156410904409202,-0.00417004807462368,0.0104223276072636,"normal_approximation:conditional_gaussian_plugin_delta",""
6,20262600,"hess_cov","region","region","region013","cov","B","C",0.00306473225149977,0.000568491046300803,NA,NA,"unavailable","HESS joint uncertainty requires positive semidefinite plug-in genetic and residual matrices"
6,20262600,"hess_cov","region","region","region014","cov","B","C",0.000735407825067191,0.000489782609353736,-0.0064140627877511,0.00788487843788548,"normal_approximation:conditional_gaussian_plugin_delta",""
6,20262600,"hess_cov","region","region","region015","cov","B","C",0.000567516221651399,0.00121430123473867,NA,NA,"unavailable","HESS joint uncertainty requires positive semidefinite plug-in genetic and residual matrices"
6,20262600,"hess_cov","region","region","region016","cov","B","C",-0.000127772735652761,0.00175939492984874,-0.00766054393183439,0.00740499846052886,"normal_approximation:conditional_gaussian_plugin_delta",""
6,20262600,"hess_cov","region","region","region017","cov","B","C",0.00489253902170187,0.000123283540441017,NA,NA,"unavailable","HESS joint uncertainty requires positive semidefinite plug-in genetic and residual matrices"
6,20262600,"hess_cov","region","region","region018","cov","B","C",0.00391637368007153,0.00162231947047728,NA,NA,"unavailable","HESS joint uncertainty requires positive semidefinite plug-in genetic and residual matrices"
6,20262600,"hess_cov","region","region","region019","cov","B","C",0.00696495133386567,0.00104118340248652,NA,NA,"unavailable","HESS joint uncertainty requires positive semidefinite plug-in genetic and residual matrices"
6,20262600,"hess_cov","region","region","region020","cov","B","C",0.000878932227682759,0.00132794625136766,NA,NA,"unavailable","HESS joint uncertainty requires positive semidefinite plug-in genetic and residual matrices"
6,20262600,"supergnova_cov","region","region","region001","cov","A","B",0.0647909593054785,0.0509131739202041,0.0409880440841024,0.0885938745268547,"normal_approximation:spectral_wls",""
6,20262600,"supergnova_cov","region","region","region002","cov","A","B",0.00838763252976288,7.73550250355557e-37,-0.00831113100330342,0.0250863960628292,"normal_approximation:spectral_wls",""
6,20262600,"supergnova_cov","region","region","region003","cov","A","B",-0.00300262907526774,0.00132675970706419,-0.0102331360630826,0.00422787791254709,"normal_approximation:spectral_wls",""
6,20262600,"supergnova_cov","region","region","region004","cov","A","B",0.00274013628971497,0.00105470970274426,-0.0038993161721284,0.00937958875155833,"normal_approximation:spectral_wls",""
6,20262600,"supergnova_cov","region","region","region005","cov","A","B",0.00189821899013281,0.00206194564706486,-0.00351114332903991,0.00730758130930553,"normal_approximation:spectral_wls",""
6,20262600,"supergnova_cov","region","region","region006","cov","A","B",0.00302884712345946,0.00119195977988205,-0.00310117045606377,0.00915886470298269,"normal_approximation:spectral_wls",""
6,20262600,"supergnova_cov","region","region","region007","cov","A","B",0.00290975567808001,0.00165535756238125,-0.00472004807249817,0.0105395594286582,"normal_approximation:spectral_wls",""
6,20262600,"supergnova_cov","region","region","region008","cov","A","B",0.0050059786386451,0.00110854075166249,-0.00177818133559158,0.0117901386128818,"normal_approximation:spectral_wls",""
6,20262600,"supergnova_cov","region","region","region009","cov","A","B",0.000609152239991677,0.00139200549665991,-0.00655850673852694,0.0077768112185103,"normal_approximation:spectral_wls",""
6,20262600,"supergnova_cov","region","region","region010","cov","A","B",0.00681308389243562,0.00141475242361505,-0.000235934242919115,0.0138621020277903,"normal_approximation:spectral_wls",""
6,20262600,"supergnova_cov","region","region","region011","cov","A","B",0.002826858199785,0.000445835429248481,-0.00421461245117595,0.00986832885074594,"normal_approximation:spectral_wls",""
6,20262600,"supergnova_cov","region","region","region012","cov","A","B",-0.00377232287630595,0.0021170577281249,-0.0102050400378429,0.00266039428523103,"normal_approximation:spectral_wls",""
6,20262600,"supergnova_cov","region","region","region013","cov","A","B",0.000251466250175971,0.00120417657133223,-0.00558124112885036,0.0060841736292023,"normal_approximation:spectral_wls",""
6,20262600,"supergnova_cov","region","region","region014","cov","A","B",0.000156928299584472,0.000378754373840493,-0.0056109900647057,0.00592484666387465,"normal_approximation:spectral_wls",""
6,20262600,"supergnova_cov","region","region","region015","cov","A","B",0.00153358720941037,0.00092336038905977,-0.00475199536296925,0.00781916978178998,"normal_approximation:spectral_wls",""
6,20262600,"supergnova_cov","region","region","region016","cov","A","B",0.00299591239110384,0.000394312885942978,-0.00537942775055291,0.0113712525327606,"normal_approximation:spectral_wls",""
6,20262600,"supergnova_cov","region","region","region017","cov","A","B",0.00265684704442308,0.000107288834268463,-0.00405279968945771,0.00936649377830387,"normal_approximation:spectral_wls",""
6,20262600,"supergnova_cov","region","region","region018","cov","A","B",0.0034806839240303,0.000966794870598207,-0.00347691583564999,0.0104382836837106,"normal_approximation:spectral_wls",""
6,20262600,"supergnova_cov","region","region","region019","cov","A","B",0.00484668467383447,0.000893826283667098,-0.00132614856283186,0.0110195179105008,"normal_approximation:spectral_wls",""
6,20262600,"supergnova_cov","region","region","region020","cov","A","B",-0.000631072848750376,0.0017241128912796,-0.00753888801901059,0.00627674232150984,"normal_approximation:spectral_wls",""
6,20262600,"supergnova_cov","region","region","region001","cov","A","C",0.0513435464651038,0.0470504197565499,0.030780748955448,0.0719063439747597,"normal_approximation:spectral_wls",""
6,20262600,"supergnova_cov","region","region","region002","cov","A","C",0.000261355776001436,7.14861423470794e-37,-0.0140274142293534,0.0145501257813562,"normal_approximation:spectral_wls",""
6,20262600,"supergnova_cov","region","region","region003","cov","A","C",0.00465458054011083,0.000864793906151117,-0.00243230339596051,0.0117414644761822,"normal_approximation:spectral_wls",""
6,20262600,"supergnova_cov","region","region","region004","cov","A","C",0.0019486128998543,0.00150848249185545,-0.0037878139670789,0.0076850397667875,"normal_approximation:spectral_wls",""
6,20262600,"supergnova_cov","region","region","region005","cov","A","C",-0.00172067968137612,0.00165405387804031,-0.0104812929248494,0.00703993356209716,"normal_approximation:spectral_wls",""
6,20262600,"supergnova_cov","region","region","region006","cov","A","C",0.00255308023852444,0.00159786010876236,-0.00387149184592267,0.00897765232297155,"normal_approximation:spectral_wls",""
6,20262600,"supergnova_cov","region","region","region007","cov","A","C",0.00608858995978493,0.00102136697230049,-0.00313766326266848,0.0153148431822383,"normal_approximation:spectral_wls",""
6,20262600,"supergnova_cov","region","region","region008","cov","A","C",3.43227190698149e-05,0.000334079901613932,-0.00566558360851979,0.00573422904665942,"normal_approximation:spectral_wls",""
6,20262600,"supergnova_cov","region","region","region009","cov","A","C",0.00771557274653449,0.000464000159974993,0.0012473444214321,0.0141838010716369,"normal_approximation:spectral_wls",""
6,20262600,"supergnova_cov","region","region","region010","cov","A","C",-0.0019051324295511,0.000442682711875,-0.00770552828279967,0.00389526342369748,"normal_approximation:spectral_wls",""
6,20262600,"supergnova_cov","region","region","region011","cov","A","C",-0.00323650018965606,0.00110793564544579,-0.00983203321965024,0.00335903284033811,"normal_approximation:spectral_wls",""
6,20262600,"supergnova_cov","region","region","region012","cov","A","C",0.000604319584562303,0.00223733007669551,-0.00564168543174111,0.00685032460086572,"normal_approximation:spectral_wls",""
6,20262600,"supergnova_cov","region","region","region013","cov","A","C",-0.00461069263551909,0.00061884535975861,-0.0100983388024115,0.000876953531373285,"normal_approximation:spectral_wls",""
6,20262600,"supergnova_cov","region","region","region014","cov","A","C",0.00176152822199962,0.00084133438186179,-0.00525638357399758,0.00877944001799682,"normal_approximation:spectral_wls",""
6,20262600,"supergnova_cov","region","region","region015","cov","A","C",0.0028741572099811,0.000671447588322539,-0.0027665165500631,0.00851483097002531,"normal_approximation:spectral_wls",""
6,20262600,"supergnova_cov","region","region","region016","cov","A","C",-0.000426792752555953,0.000506548990776012,-0.00714797808705953,0.00629439258194762,"normal_approximation:spectral_wls",""
6,20262600,"supergnova_cov","region","region","region017","cov","A","C",-0.0011329612747312,0.000167731494550306,-0.0073099327481663,0.0050440101987039,"normal_approximation:spectral_wls",""
6,20262600,"supergnova_cov","region","region","region018","cov","A","C",0.00127015019963308,0.00124566049645735,-0.00369888268457382,0.00623918308383999,"normal_approximation:spectral_wls",""
6,20262600,"supergnova_cov","region","region","region019","cov","A","C",0.000284705768251219,0.00116030423707032,-0.00645225979433863,0.00702167133084107,"normal_approximation:spectral_wls",""
6,20262600,"supergnova_cov","region","region","region020","cov","A","C",0.00635693309388857,0.00222701038557475,-0.000439211847542041,0.0131530780353192,"normal_approximation:spectral_wls",""
6,20262600,"supergnova_cov","region","region","region001","cov","B","C",0.0571951843742894,0.0551463651804675,0.0376819703361356,0.0767083984124433,"normal_approximation:spectral_wls",""
6,20262600,"supergnova_cov","region","region","region002","cov","B","C",0.0577631375967776,0.0551463651804675,0.0344486450571727,0.0810776301363824,"normal_approximation:spectral_wls",""
6,20262600,"supergnova_cov","region","region","region003","cov","B","C",-0.000400731080987417,0.00149416261945851,-0.00678438577398869,0.00598292361201385,"normal_approximation:spectral_wls",""
6,20262600,"supergnova_cov","region","region","region004","cov","B","C",0.00190930227655305,0.000823475655744677,-0.00518756730159742,0.00900617185470352,"normal_approximation:spectral_wls",""
6,20262600,"supergnova_cov","region","region","region005","cov","B","C",0.00103868616224722,0.00204480118160849,-0.00652994089502014,0.00860731321951458,"normal_approximation:spectral_wls",""
6,20262600,"supergnova_cov","region","region","region006","cov","B","C",0.00262064729651387,0.00235890610598843,-0.00411316034092619,0.00935445493395393,"normal_approximation:spectral_wls",""
6,20262600,"supergnova_cov","region","region","region007","cov","B","C",0.00387189461093672,0.00119457109914922,-0.00409713908998635,0.0118409283118598,"normal_approximation:spectral_wls",""
6,20262600,"supergnova_cov","region","region","region008","cov","B","C",0.000719426412021681,0.00117949303397607,-0.00491895151884234,0.0063578043428857,"normal_approximation:spectral_wls",""
6,20262600,"supergnova_cov","region","region","region009","cov","B","C",0.00174728757802846,0.000262300605480689,-0.00417441238534468,0.0076689875414016,"normal_approximation:spectral_wls",""
6,20262600,"supergnova_cov","region","region","region010","cov","B","C",0.0050544619965734,0.000798408877530925,-0.00266427127984981,0.0127731952729966,"normal_approximation:spectral_wls",""
6,20262600,"supergnova_cov","region","region","region011","cov","B","C",0.00110363502305789,0.000353976392974592,-0.00462865895954533,0.0068359290056611,"normal_approximation:spectral_wls",""
6,20262600,"supergnova_cov","region","region","region012","cov","B","C",0.00333528289019247,0.00156410904409202,-0.00270547110628493,0.00937603688666986,"normal_approximation:spectral_wls",""
6,20262600,"supergnova_cov","region","region","region013","cov","B","C",0.00223317061625207,0.000568491046300803,-0.00316082003431885,0.007627161266823,"normal_approximation:spectral_wls",""
6,20262600,"supergnova_cov","region","region","region014","cov","B","C",0.000987072186133041,0.000489782609353736,-0.00631115494083052,0.0082852993130966,"normal_approximation:spectral_wls",""
6,20262600,"supergnova_cov","region","region","region015","cov","B","C",0.000493193395907073,0.00121430123473867,-0.00591766676689853,0.00690405355871268,"normal_approximation:spectral_wls",""
6,20262600,"supergnova_cov","region","region","region016","cov","B","C",0.00198673812968191,0.00175939492984874,-0.00441301067059558,0.0083864869299594,"normal_approximation:spectral_wls",""
6,20262600,"supergnova_cov","region","region","region017","cov","B","C",0.00537773993539274,0.000123283540441017,-0.000877498089315026,0.0116329779601005,"normal_approximation:spectral_wls",""
6,20262600,"supergnova_cov","region","region","region018","cov","B","C",0.00571195108168221,0.00162231947047728,-0.00129641506827352,0.0127203172316379,"normal_approximation:spectral_wls",""
6,20262600,"supergnova_cov","region","region","region019","cov","B","C",0.00519593803019711,0.00104118340248652,-0.000701613572640297,0.0110934896330345,"normal_approximation:spectral_wls",""
6,20262600,"supergnova_cov","region","region","region020","cov","B","C",0.000961979436171735,0.00132794625136766,-0.00564118414763861,0.00756514301998208,"normal_approximation:spectral_wls",""
6,20262600,"lava_cov","region","region","region001","cov","A","B",0.0602890404719489,0.0509131739202041,NA,NA,"unavailable","LAVA estimator uncertainty is not implemented; see separate trait-specific univariate test"
6,20262600,"lava_cov","region","region","region001","cov","A","C",0.0482576992380637,0.0470504197565499,NA,NA,"unavailable","LAVA estimator uncertainty is not implemented; see separate trait-specific univariate test"
6,20262600,"lava_cov","region","region","region001","cov","B","C",0.0539943987197467,0.0551463651804675,NA,NA,"unavailable","LAVA estimator uncertainty is not implemented; see separate trait-specific univariate test"
6,20262600,"lava_cov","region","region","region002","cov","A","B",0.00751955918837531,7.73550250355557e-37,NA,NA,"unavailable","LAVA estimator uncertainty is not implemented; see separate trait-specific univariate test"
6,20262600,"lava_cov","region","region","region002","cov","A","C",0.000434103487374629,7.14861423470794e-37,NA,NA,"unavailable","LAVA estimator uncertainty is not implemented; see separate trait-specific univariate test"
6,20262600,"lava_cov","region","region","region002","cov","B","C",0.0555285066761547,0.0551463651804675,NA,NA,"unavailable","LAVA estimator uncertainty is not implemented; see separate trait-specific univariate test"
6,20262600,"lava_cov","region","region","region003","cov","A","B",-0.00253240504771909,0.00132675970706419,NA,NA,"unavailable","LAVA estimator uncertainty is not implemented; see separate trait-specific univariate test"
6,20262600,"lava_cov","region","region","region003","cov","A","C",0.00505850124854307,0.000864793906151117,NA,NA,"unavailable","LAVA estimator uncertainty is not implemented; see separate trait-specific univariate test"
6,20262600,"lava_cov","region","region","region003","cov","B","C",-0.00258823587093021,0.00149416261945851,NA,NA,"unavailable","LAVA estimator uncertainty is not implemented; see separate trait-specific univariate test"
6,20262600,"lava_cov","region","region","region004","cov","A","B",0.00146983576773819,0.00105470970274426,NA,NA,"unavailable","LAVA estimator uncertainty is not implemented; see separate trait-specific univariate test"
6,20262600,"lava_cov","region","region","region004","cov","A","C",0.00291954396630756,0.00150848249185545,NA,NA,"unavailable","LAVA estimator uncertainty is not implemented; see separate trait-specific univariate test"
6,20262600,"lava_cov","region","region","region004","cov","B","C",-0.00154603734455177,0.000823475655744677,NA,NA,"unavailable","LAVA estimator uncertainty is not implemented; see separate trait-specific univariate test"
6,20262600,"lava_cov","region","region","region005","cov","A","B",0.00200775763834954,0.00206194564706486,NA,NA,"unavailable","LAVA estimator uncertainty is not implemented; see separate trait-specific univariate test"
6,20262600,"lava_cov","region","region","region005","cov","A","C",-0.00230402299481523,0.00165405387804031,NA,NA,"unavailable","LAVA estimator uncertainty is not implemented; see separate trait-specific univariate test"
6,20262600,"lava_cov","region","region","region005","cov","B","C",-0.00224795229164471,0.00204480118160849,NA,NA,"unavailable","LAVA estimator uncertainty is not implemented; see separate trait-specific univariate test"
6,20262600,"lava_cov","region","region","region006","cov","A","B",0.0058323126517605,0.00119195977988205,NA,NA,"unavailable","LAVA estimator uncertainty is not implemented; see separate trait-specific univariate test"
6,20262600,"lava_cov","region","region","region006","cov","A","C",0.0063453446192265,0.00159786010876236,NA,NA,"unavailable","LAVA estimator uncertainty is not implemented; see separate trait-specific univariate test"
6,20262600,"lava_cov","region","region","region006","cov","B","C",0.00232967577989003,0.00235890610598843,NA,NA,"unavailable","LAVA estimator uncertainty is not implemented; see separate trait-specific univariate test"
6,20262600,"lava_cov","region","region","region007","cov","A","B",-3.34051453981669e-05,0.00165535756238125,NA,NA,"unavailable","LAVA estimator uncertainty is not implemented; see separate trait-specific univariate test"
6,20262600,"lava_cov","region","region","region007","cov","A","C",0.0037453983468253,0.00102136697230049,NA,NA,"unavailable","LAVA estimator uncertainty is not implemented; see separate trait-specific univariate test"
6,20262600,"lava_cov","region","region","region007","cov","B","C",0.00571938927231115,0.00119457109914922,NA,NA,"unavailable","LAVA estimator uncertainty is not implemented; see separate trait-specific univariate test"
6,20262600,"lava_cov","region","region","region008","cov","A","B",0.006205758771316,0.00110854075166249,NA,NA,"unavailable","LAVA estimator uncertainty is not implemented; see separate trait-specific univariate test"
6,20262600,"lava_cov","region","region","region008","cov","A","C",-0.00121661908226092,0.000334079901613932,NA,NA,"unavailable","LAVA estimator uncertainty is not implemented; see separate trait-specific univariate test"
6,20262600,"lava_cov","region","region","region008","cov","B","C",0.00289866507486083,0.00117949303397607,NA,NA,"unavailable","LAVA estimator uncertainty is not implemented; see separate trait-specific univariate test"
6,20262600,"lava_cov","region","region","region009","cov","A","B",0.00125987249862959,0.00139200549665991,NA,NA,"unavailable","LAVA estimator uncertainty is not implemented; see separate trait-specific univariate test"
6,20262600,"lava_cov","region","region","region009","cov","A","C",0.00940586463187893,0.000464000159974993,NA,NA,"unavailable","LAVA estimator uncertainty is not implemented; see separate trait-specific univariate test"
6,20262600,"lava_cov","region","region","region009","cov","B","C",0.00150126398290456,0.000262300605480689,NA,NA,"unavailable","LAVA estimator uncertainty is not implemented; see separate trait-specific univariate test"
6,20262600,"lava_cov","region","region","region010","cov","A","B",0.00626389383635643,0.00141475242361505,NA,NA,"unavailable","LAVA estimator uncertainty is not implemented; see separate trait-specific univariate test"
6,20262600,"lava_cov","region","region","region010","cov","A","C",-0.00224696341552165,0.000442682711875,NA,NA,"unavailable","LAVA estimator uncertainty is not implemented; see separate trait-specific univariate test"
6,20262600,"lava_cov","region","region","region010","cov","B","C",0.00770466412637528,0.000798408877530925,NA,NA,"unavailable","LAVA estimator uncertainty is not implemented; see separate trait-specific univariate test"
6,20262600,"lava_cov","region","region","region011","cov","A","B",0.00456967719323066,0.000445835429248481,NA,NA,"unavailable","LAVA estimator uncertainty is not implemented; see separate trait-specific univariate test"
6,20262600,"lava_cov","region","region","region011","cov","A","C",-0.0031532573485438,0.00110793564544579,NA,NA,"unavailable","LAVA estimator uncertainty is not implemented; see separate trait-specific univariate test"
6,20262600,"lava_cov","region","region","region011","cov","B","C",0.000262883060615931,0.000353976392974592,NA,NA,"unavailable","LAVA estimator uncertainty is not implemented; see separate trait-specific univariate test"
6,20262600,"lava_cov","region","region","region012","cov","A","B",-0.00483227079405858,0.0021170577281249,NA,NA,"unavailable","LAVA estimator uncertainty is not implemented; see separate trait-specific univariate test"
6,20262600,"lava_cov","region","region","region012","cov","A","C",0.000128934140193839,0.00223733007669551,NA,NA,"unavailable","LAVA estimator uncertainty is not implemented; see separate trait-specific univariate test"
6,20262600,"lava_cov","region","region","region012","cov","B","C",0.00312059580126552,0.00156410904409202,NA,NA,"unavailable","LAVA estimator uncertainty is not implemented; see separate trait-specific univariate test"
6,20262600,"lava_cov","region","region","region013","cov","A","B",0.00137273773409213,0.00120417657133223,NA,NA,"unavailable","LAVA estimator uncertainty is not implemented; see separate trait-specific univariate test"
6,20262600,"lava_cov","region","region","region013","cov","A","C",-0.00218327695405011,0.00061884535975861,NA,NA,"unavailable","LAVA estimator uncertainty is not implemented; see separate trait-specific univariate test"
6,20262600,"lava_cov","region","region","region013","cov","B","C",0.00306307946596184,0.000568491046300803,NA,NA,"unavailable","LAVA estimator uncertainty is not implemented; see separate trait-specific univariate test"
6,20262600,"lava_cov","region","region","region014","cov","A","B",0.00177135114447313,0.000378754373840493,NA,NA,"unavailable","LAVA estimator uncertainty is not implemented; see separate trait-specific univariate test"
6,20262600,"lava_cov","region","region","region014","cov","A","C",0.00264840789172907,0.00084133438186179,NA,NA,"unavailable","LAVA estimator uncertainty is not implemented; see separate trait-specific univariate test"
6,20262600,"lava_cov","region","region","region014","cov","B","C",0.000734337212142649,0.000489782609353736,NA,NA,"unavailable","LAVA estimator uncertainty is not implemented; see separate trait-specific univariate test"
6,20262600,"lava_cov","region","region","region015","cov","A","B",0.00168154931711248,0.00092336038905977,NA,NA,"unavailable","LAVA estimator uncertainty is not implemented; see separate trait-specific univariate test"
6,20262600,"lava_cov","region","region","region015","cov","A","C",0.00255523199908931,0.000671447588322539,NA,NA,"unavailable","LAVA estimator uncertainty is not implemented; see separate trait-specific univariate test"
6,20262600,"lava_cov","region","region","region015","cov","B","C",0.00056523292608412,0.00121430123473867,NA,NA,"unavailable","LAVA estimator uncertainty is not implemented; see separate trait-specific univariate test"
6,20262600,"lava_cov","region","region","region016","cov","A","B",0.00223763540873695,0.000394312885942978,NA,NA,"unavailable","LAVA estimator uncertainty is not implemented; see separate trait-specific univariate test"
6,20262600,"lava_cov","region","region","region016","cov","A","C",-0.00073552382973791,0.000506548990776012,NA,NA,"unavailable","LAVA estimator uncertainty is not implemented; see separate trait-specific univariate test"
6,20262600,"lava_cov","region","region","region016","cov","B","C",-0.000130721478131967,0.00175939492984874,NA,NA,"unavailable","LAVA estimator uncertainty is not implemented; see separate trait-specific univariate test"
6,20262600,"lava_cov","region","region","region017","cov","A","B",0.00213098877752594,0.000107288834268463,NA,NA,"unavailable","LAVA estimator uncertainty is not implemented; see separate trait-specific univariate test"
6,20262600,"lava_cov","region","region","region017","cov","A","C",-0.00113719290592539,0.000167731494550306,NA,NA,"unavailable","LAVA estimator uncertainty is not implemented; see separate trait-specific univariate test"
6,20262600,"lava_cov","region","region","region017","cov","B","C",0.00489207561208635,0.000123283540441017,NA,NA,"unavailable","LAVA estimator uncertainty is not implemented; see separate trait-specific univariate test"
6,20262600,"lava_cov","region","region","region018","cov","A","B",0.000522218761729282,0.000966794870598207,NA,NA,"unavailable","LAVA estimator uncertainty is not implemented; see separate trait-specific univariate test"
6,20262600,"lava_cov","region","region","region018","cov","A","C",0.00116741942421852,0.00124566049645735,NA,NA,"unavailable","LAVA estimator uncertainty is not implemented; see separate trait-specific univariate test"
6,20262600,"lava_cov","region","region","region018","cov","B","C",0.00390943341477477,0.00162231947047728,NA,NA,"unavailable","LAVA estimator uncertainty is not implemented; see separate trait-specific univariate test"
6,20262600,"lava_cov","region","region","region019","cov","A","B",0.00487578882456499,0.000893826283667098,NA,NA,"unavailable","LAVA estimator uncertainty is not implemented; see separate trait-specific univariate test"
6,20262600,"lava_cov","region","region","region019","cov","A","C",0.00191882791941397,0.00116030423707032,NA,NA,"unavailable","LAVA estimator uncertainty is not implemented; see separate trait-specific univariate test"
6,20262600,"lava_cov","region","region","region019","cov","B","C",0.00696234719236162,0.00104118340248652,NA,NA,"unavailable","LAVA estimator uncertainty is not implemented; see separate trait-specific univariate test"
6,20262600,"lava_cov","region","region","region020","cov","A","B",-0.00253827303396691,0.0017241128912796,NA,NA,"unavailable","LAVA estimator uncertainty is not implemented; see separate trait-specific univariate test"
6,20262600,"lava_cov","region","region","region020","cov","A","C",0.00717669492827898,0.00222701038557475,NA,NA,"unavailable","LAVA estimator uncertainty is not implemented; see separate trait-specific univariate test"
6,20262600,"lava_cov","region","region","region020","cov","B","C",0.000875953561670939,0.00132794625136766,NA,NA,"unavailable","LAVA estimator uncertainty is not implemented; see separate trait-specific univariate test"
6,20262600,"ldsc_annotation_h2","reference","all",NA,"h2","A",NA,0.472869771444594,0.295937482095736,0.276002324231165,0.669737218658023,"normal_approximation:block_jackknife",""
6,20262600,"ldsc_annotation_h2","annotation_category","enriched",NA,"h2","A",NA,0.212463959437758,0.218462733887139,0.0656237294608704,0.359304189414645,"normal_approximation:block_jackknife",""
6,20262600,"ldsc_annotation_h2","annotation_category","background",NA,"h2","A",NA,0.260405812006837,0.0774747482085973,0.129277101944352,0.391534522069321,"normal_approximation:block_jackknife",""
6,20262600,"ldsc_annotation_h2","reference","all",NA,"h2","B",NA,0.488429954847939,0.398962870754473,0.253386609850763,0.723473299845114,"normal_approximation:block_jackknife",""
6,20262600,"ldsc_annotation_h2","annotation_category","enriched",NA,"h2","B",NA,0.306064697306064,0.300700508748332,0.118683376474218,0.493446018137909,"normal_approximation:block_jackknife",""
6,20262600,"ldsc_annotation_h2","annotation_category","background",NA,"h2","B",NA,0.182365257541875,0.0982623620061411,0.0404722886563581,0.324258226427392,"normal_approximation:block_jackknife",""
6,20262600,"ldsc_annotation_h2","reference","all",NA,"h2","C",NA,0.469876235082461,0.348487624847932,0.252813880634061,0.686938589530862,"normal_approximation:block_jackknife",""
6,20262600,"ldsc_annotation_h2","annotation_category","enriched",NA,"h2","C",NA,0.305118148039327,0.268907917645757,0.139592308763092,0.470643987315563,"normal_approximation:block_jackknife",""
6,20262600,"ldsc_annotation_h2","annotation_category","background",NA,"h2","C",NA,0.164758087043134,0.0795797072021747,0.0243399180063552,0.305176256079912,"normal_approximation:block_jackknife",""
6,20262600,"ldsc_annotation_rg","reference","all",NA,"rg","A","B",0.671206600850132,0.542363433909345,0.362254226889708,0.980158974810557,"normal_approximation:block_jackknife",""
6,20262600,"ldsc_annotation_rg","annotation_category","enriched",NA,"rg","A","B",0.647424009602921,0.522893496755742,0.260624689741816,1.03422332946403,"normal_approximation:block_jackknife",""
6,20262600,"ldsc_annotation_rg","annotation_category","background",NA,"rg","A","B",0.722635722946876,0.599895460765086,0.17541855084845,1.2698528950453,"normal_approximation:block_jackknife",""
6,20262600,"ldsc_annotation_rg","reference","all",NA,"rg","A","C",0.487733299024334,0.557729657098056,0.19661923915433,0.778847358894338,"normal_approximation:block_jackknife",""
6,20262600,"ldsc_annotation_rg","annotation_category","enriched",NA,"rg","A","C",0.641083202395854,0.543759549965316,0.273865031704529,1.00830137308718,"normal_approximation:block_jackknife",""
6,20262600,"ldsc_annotation_rg","annotation_category","background",NA,"rg","A","C",0.321902336755979,0.602577267933818,-0.160359040021094,0.804163713533051,"normal_approximation:block_jackknife",""
6,20262600,"ldsc_annotation_rg","reference","all",NA,"rg","B","C",0.628312559691522,0.685896715446644,0.323003498017936,0.933621621365109,"normal_approximation:block_jackknife",""
6,20262600,"ldsc_annotation_rg","annotation_category","enriched",NA,"rg","B","C",0.720126847703636,0.721286618135708,0.465886062823702,0.97436763258357,"normal_approximation:block_jackknife",""
6,20262600,"ldsc_annotation_rg","annotation_category","background",NA,"rg","B","C",0.466931853137317,0.572736581608428,-0.182525506539662,1.1163892128143,"normal_approximation:block_jackknife",""
6,20262600,"bayesc","reference","all",NA,"h2","A",NA,0.31659248819472,0.295937482095736,0.285361602596712,0.348559711680493,"conditional_equal_tailed_posterior",""
6,20262600,"bayesr","reference","all",NA,"h2","A",NA,0.309743924228729,0.295937482095736,0.268543398380554,0.352464203767962,"conditional_equal_tailed_posterior",""
7,20262700,"ldsc_h2","reference","all",NA,"h2","A",NA,0.213994164314334,0.29438778909992,0.0366536822410738,0.391334646387593,"normal_approximation:block_jackknife",""
7,20262700,"ldsc_h2","reference","all",NA,"h2","B",NA,0.274002580733057,0.400582663569459,0.092053206062087,0.455951955404027,"normal_approximation:block_jackknife",""
7,20262700,"ldsc_h2","reference","all",NA,"h2","C",NA,0.26720784937214,0.347516232382753,0.100128610550566,0.434287088193714,"normal_approximation:block_jackknife",""
7,20262700,"ldsc_rg","reference","all",NA,"rg","A","B",0.792861448529604,0.563490748071659,0.147723452511414,1.43799944454779,"normal_approximation:block_jackknife",""
7,20262700,"ldsc_rg","reference","all",NA,"rg","A","C",0.397549142039753,0.579076882105988,-0.105896340526741,0.900994624606247,"normal_approximation:block_jackknife",""
7,20262700,"ldsc_rg","reference","all",NA,"rg","B","C",0.797308732940962,0.718635111471933,0.334409419426809,1.26020804645511,"normal_approximation:block_jackknife",""
7,20262700,"gnova_h2","reference","all",NA,"h2","A",NA,0.213727525901498,0.29438778909992,0.0369190153255592,0.390536036477437,"normal_approximation:block_jackknife",""
7,20262700,"gnova_h2","reference","all",NA,"h2","B",NA,0.268149968922212,0.400582663569459,0.0901558710238188,0.446144066820606,"normal_approximation:block_jackknife",""
7,20262700,"gnova_h2","reference","all",NA,"h2","C",NA,0.257932038305437,0.347516232382753,0.0946223964853581,0.421241680125516,"normal_approximation:block_jackknife",""
7,20262700,"gnova_rg","reference","all",NA,"rg","A","B",0.778892365120915,0.563490748071659,0.136009860635588,1.42177486960624,"normal_approximation:block_jackknife",""
7,20262700,"gnova_rg","reference","all",NA,"rg","A","C",0.393058716072403,0.579076882105988,-0.114018377554459,0.900135809699265,"normal_approximation:block_jackknife",""
7,20262700,"gnova_rg","reference","all",NA,"rg","B","C",0.807178471521417,0.718635111471933,0.33234307626676,1.28201386677607,"normal_approximation:block_jackknife",""
7,20262700,"sumher_h2","reference","all",NA,"h2","A",NA,0.213994164315336,0.29438778909992,0.0366536822399387,0.391334646390734,"normal_approximation:fixed_weight_block_jackknife",""
7,20262700,"sumher_h2","reference","all",NA,"h2","B",NA,0.274002632809926,0.400582663569459,0.0920532291572555,0.455952036462597,"normal_approximation:fixed_weight_block_jackknife",""
7,20262700,"sumher_h2","reference","all",NA,"h2","C",NA,0.267208195094499,0.347516232382753,0.100128872350613,0.434287517838385,"normal_approximation:fixed_weight_block_jackknife",""
7,20262700,"sumher_rg","reference","all",NA,"rg","A","B",0.792861375515138,0.563490748071659,0.147723440090227,1.43799931094005,"normal_approximation:fixed_weight_block_jackknife",""
7,20262700,"sumher_rg","reference","all",NA,"rg","A","C",0.397548892917367,0.579076882105988,-0.105896251782614,0.900994037617348,"normal_approximation:fixed_weight_block_jackknife",""
7,20262700,"sumher_rg","reference","all",NA,"rg","B","C",0.79730815031969,0.718635111471933,0.334409261212007,1.26020703942737,"normal_approximation:fixed_weight_block_jackknife",""
7,20262700,"hess_cov","region","region","region001","cov","A","B",0.0614580506298299,0.0542236219991851,NA,NA,"unavailable","HESS joint uncertainty requires positive semidefinite plug-in genetic and residual matrices"
7,20262700,"hess_cov","region","region","region002","cov","A","B",0.000682915580051602,8.23847604519695e-37,-0.0129635779302924,0.0143294090903956,"normal_approximation:conditional_gaussian_plugin_delta",""
7,20262700,"hess_cov","region","region","region003","cov","A","B",-0.000554017901935682,-0.000202726742427238,NA,NA,"unavailable","HESS joint uncertainty requires positive semidefinite plug-in genetic and residual matrices"
7,20262700,"hess_cov","region","region","region004","cov","A","B",-0.000901870325627025,0.00347999953900188,-0.00937293349526376,0.00756919284400971,"normal_approximation:conditional_gaussian_plugin_delta",""
7,20262700,"hess_cov","region","region","region005","cov","A","B",0.00217248788148608,0.00124070710382077,NA,NA,"unavailable","HESS joint uncertainty requires positive semidefinite plug-in genetic and residual matrices"
7,20262700,"hess_cov","region","region","region006","cov","A","B",-0.00475316992364028,6.60547659138674e-05,NA,NA,"unavailable","HESS joint uncertainty requires positive semidefinite plug-in genetic and residual matrices"
7,20262700,"hess_cov","region","region","region007","cov","A","B",0.0038698734995314,0.0017335610580277,NA,NA,"unavailable","HESS joint uncertainty requires positive semidefinite plug-in genetic and residual matrices"
7,20262700,"hess_cov","region","region","region008","cov","A","B",-0.000259112350423726,-8.83631098112079e-05,NA,NA,"unavailable","HESS joint uncertainty requires positive semidefinite plug-in genetic and residual matrices"
7,20262700,"hess_cov","region","region","region009","cov","A","B",-0.0013112190660015,9.12809276585163e-05,NA,NA,"unavailable","HESS joint uncertainty requires positive semidefinite plug-in genetic and residual matrices"
7,20262700,"hess_cov","region","region","region010","cov","A","B",-0.000620685209054064,0.000147374393560908,NA,NA,"unavailable","HESS joint uncertainty requires positive semidefinite plug-in genetic and residual matrices"
7,20262700,"hess_cov","region","region","region011","cov","A","B",-0.00572317339300001,-0.000225631771568515,NA,NA,"unavailable","HESS joint uncertainty requires positive semidefinite plug-in genetic and residual matrices"
7,20262700,"hess_cov","region","region","region012","cov","A","B",0.00885941039045187,0.000325570158619378,NA,NA,"unavailable","HESS joint uncertainty requires positive semidefinite plug-in genetic and residual matrices"
7,20262700,"hess_cov","region","region","region013","cov","A","B",0.00170267845945988,0.000354069488840755,NA,NA,"unavailable","HESS joint uncertainty requires positive semidefinite plug-in genetic and residual matrices"
7,20262700,"hess_cov","region","region","region014","cov","A","B",0.000204264999817645,0.00150501284343723,-0.00766336009743581,0.0080718900970711,"normal_approximation:conditional_gaussian_plugin_delta",""
7,20262700,"hess_cov","region","region","region015","cov","A","B",0.0026829876027907,0.00124559213897092,NA,NA,"unavailable","HESS joint uncertainty requires positive semidefinite plug-in genetic and residual matrices"
7,20262700,"hess_cov","region","region","region016","cov","A","B",0.00458133155596105,0.00149264424181787,NA,NA,"unavailable","HESS joint uncertainty requires positive semidefinite plug-in genetic and residual matrices"
7,20262700,"hess_cov","region","region","region017","cov","A","B",-0.000413936155679589,0.00223997475056699,NA,NA,"unavailable","HESS joint uncertainty requires positive semidefinite plug-in genetic and residual matrices"
7,20262700,"hess_cov","region","region","region018","cov","A","B",-0.00493462449206746,0.000379938995035789,NA,NA,"unavailable","HESS joint uncertainty requires positive semidefinite plug-in genetic and residual matrices"
7,20262700,"hess_cov","region","region","region019","cov","A","B",0.004536170782751,0.00276899170769272,NA,NA,"unavailable","HESS joint uncertainty requires positive semidefinite plug-in genetic and residual matrices"
7,20262700,"hess_cov","region","region","region020","cov","A","B",0.00182982491030355,0.000698170201131189,NA,NA,"unavailable","HESS joint uncertainty requires positive semidefinite plug-in genetic and residual matrices"
7,20262700,"hess_cov","region","region","region001","cov","A","C",0.0563400961955247,0.0508107321032017,0.0430204683531696,0.0696597240378798,"normal_approximation:conditional_gaussian_plugin_delta",""
7,20262700,"hess_cov","region","region","region002","cov","A","C",-0.00392302517376897,7.71993798712741e-37,-0.016317561037124,0.00847151068958607,"normal_approximation:conditional_gaussian_plugin_delta",""
7,20262700,"hess_cov","region","region","region003","cov","A","C",-0.00296298877109548,3.05260765387871e-05,NA,NA,"unavailable","HESS joint uncertainty requires positive semidefinite plug-in genetic and residual matrices"
7,20262700,"hess_cov","region","region","region004","cov","A","C",-5.54436545041342e-05,0.00268331639960802,-0.0082882590361326,0.00817737172712433,"normal_approximation:conditional_gaussian_plugin_delta",""
7,20262700,"hess_cov","region","region","region005","cov","A","C",0.00259694633267242,0.00159704249465697,-0.00508264430535903,0.0102765369707039,"normal_approximation:conditional_gaussian_plugin_delta",""
7,20262700,"hess_cov","region","region","region006","cov","A","C",0.000164948879639837,0.000417755475147296,NA,NA,"unavailable","HESS joint uncertainty requires positive semidefinite plug-in genetic and residual matrices"
7,20262700,"hess_cov","region","region","region007","cov","A","C",0.00248266476495532,0.00162763800536364,-0.00456654724168991,0.00953187677160055,"normal_approximation:conditional_gaussian_plugin_delta",""
7,20262700,"hess_cov","region","region","region008","cov","A","C",0.00430919596691271,3.13195855593942e-05,NA,NA,"unavailable","HESS joint uncertainty requires positive semidefinite plug-in genetic and residual matrices"
7,20262700,"hess_cov","region","region","region009","cov","A","C",0.00328707130342006,-2.20889866615557e-05,NA,NA,"unavailable","HESS joint uncertainty requires positive semidefinite plug-in genetic and residual matrices"
7,20262700,"hess_cov","region","region","region010","cov","A","C",0.00110822668478316,0.00104614700062073,NA,NA,"unavailable","HESS joint uncertainty requires positive semidefinite plug-in genetic and residual matrices"
7,20262700,"hess_cov","region","region","region011","cov","A","C",0.000723044363983057,2.06058526501833e-05,NA,NA,"unavailable","HESS joint uncertainty requires positive semidefinite plug-in genetic and residual matrices"
7,20262700,"hess_cov","region","region","region012","cov","A","C",0.00438694224116794,2.15603430994479e-05,NA,NA,"unavailable","HESS joint uncertainty requires positive semidefinite plug-in genetic and residual matrices"
7,20262700,"hess_cov","region","region","region013","cov","A","C",0.0011520291769241,0.000223090691454512,NA,NA,"unavailable","HESS joint uncertainty requires positive semidefinite plug-in genetic and residual matrices"
7,20262700,"hess_cov","region","region","region014","cov","A","C",-0.00624380071511532,0.000950794846057469,NA,NA,"unavailable","HESS joint uncertainty requires positive semidefinite plug-in genetic and residual matrices"
7,20262700,"hess_cov","region","region","region015","cov","A","C",0.0050425788952321,0.0012000807130498,-0.00267701769672085,0.012762175487185,"normal_approximation:conditional_gaussian_plugin_delta",""
7,20262700,"hess_cov","region","region","region016","cov","A","C",4.4983275509632e-06,0.00159910570655949,NA,NA,"unavailable","HESS joint uncertainty requires positive semidefinite plug-in genetic and residual matrices"
7,20262700,"hess_cov","region","region","region017","cov","A","C",0.00329738287995117,0.00187746263030626,NA,NA,"unavailable","HESS joint uncertainty requires positive semidefinite plug-in genetic and residual matrices"
7,20262700,"hess_cov","region","region","region018","cov","A","C",0.00227059094073565,0.000324026843391066,-0.00521776508456082,0.00975894696603213,"normal_approximation:conditional_gaussian_plugin_delta",""
7,20262700,"hess_cov","region","region","region019","cov","A","C",0.00135466850511122,0.00391658227134402,-0.00659598367789554,0.00930532068811798,"normal_approximation:conditional_gaussian_plugin_delta",""
7,20262700,"hess_cov","region","region","region020","cov","A","C",0.000829846392848565,0.000213905847973541,NA,NA,"unavailable","HESS joint uncertainty requires positive semidefinite plug-in genetic and residual matrices"
7,20262700,"hess_cov","region","region","region001","cov","B","C",0.071542629047978,0.0599054614502206,NA,NA,"unavailable","HESS joint uncertainty requires positive semidefinite plug-in genetic and residual matrices"
7,20262700,"hess_cov","region","region","region002","cov","B","C",0.0536940077680074,0.0599054614502206,0.0404620980340028,0.0669259175020121,"normal_approximation:conditional_gaussian_plugin_delta",""
7,20262700,"hess_cov","region","region","region003","cov","B","C",0.00781150872673029,0.000684179451975084,NA,NA,"unavailable","HESS joint uncertainty requires positive semidefinite plug-in genetic and residual matrices"
7,20262700,"hess_cov","region","region","region004","cov","B","C",0.00798014093666052,0.00535673220754137,-2.36358727505655e-05,0.0159839177460716,"normal_approximation:conditional_gaussian_plugin_delta",""
7,20262700,"hess_cov","region","region","region005","cov","B","C",0.00234512750811407,0.00241054728997099,NA,NA,"unavailable","HESS joint uncertainty requires positive semidefinite plug-in genetic and residual matrices"
7,20262700,"hess_cov","region","region","region006","cov","B","C",0.0028103724837198,-0.000149101464494462,NA,NA,"unavailable","HESS joint uncertainty requires positive semidefinite plug-in genetic and residual matrices"
7,20262700,"hess_cov","region","region","region007","cov","B","C",0.00481068191860971,0.00167095061537007,NA,NA,"unavailable","HESS joint uncertainty requires positive semidefinite plug-in genetic and residual matrices"
7,20262700,"hess_cov","region","region","region008","cov","B","C",0.000825650195276829,-5.6001989712392e-05,NA,NA,"unavailable","HESS joint uncertainty requires positive semidefinite plug-in genetic and residual matrices"
7,20262700,"hess_cov","region","region","region009","cov","B","C",-0.00648575087576909,0.000626191442120603,NA,NA,"unavailable","HESS joint uncertainty requires positive semidefinite plug-in genetic and residual matrices"
7,20262700,"hess_cov","region","region","region010","cov","B","C",-0.00198064809049564,0.000320926350740876,NA,NA,"unavailable","HESS joint uncertainty requires positive semidefinite plug-in genetic and residual matrices"
7,20262700,"hess_cov","region","region","region011","cov","B","C",-0.00498427205295214,4.14686285872362e-05,NA,NA,"unavailable","HESS joint uncertainty requires positive semidefinite plug-in genetic and residual matrices"
7,20262700,"hess_cov","region","region","region012","cov","B","C",-0.000208295529791324,3.53245000969009e-05,-0.00687247285998157,0.00645588180039892,"normal_approximation:conditional_gaussian_plugin_delta",""
7,20262700,"hess_cov","region","region","region013","cov","B","C",-0.00285673557138773,0.000708170693753251,NA,NA,"unavailable","HESS joint uncertainty requires positive semidefinite plug-in genetic and residual matrices"
7,20262700,"hess_cov","region","region","region014","cov","B","C",-0.00195529270041453,0.000257623161547767,NA,NA,"unavailable","HESS joint uncertainty requires positive semidefinite plug-in genetic and residual matrices"
7,20262700,"hess_cov","region","region","region015","cov","B","C",0.00200959742791755,0.000620861209904319,NA,NA,"unavailable","HESS joint uncertainty requires positive semidefinite plug-in genetic and residual matrices"
7,20262700,"hess_cov","region","region","region016","cov","B","C",0.000498346298645016,0.00166002682787671,NA,NA,"unavailable","HESS joint uncertainty requires positive semidefinite plug-in genetic and residual matrices"
7,20262700,"hess_cov","region","region","region017","cov","B","C",-0.00427774798129083,0.00159465925767433,NA,NA,"unavailable","HESS joint uncertainty requires positive semidefinite plug-in genetic and residual matrices"
7,20262700,"hess_cov","region","region","region018","cov","B","C",-0.00175342836235463,0.000993898206923186,-0.00902601832415311,0.00551916159944385,"normal_approximation:conditional_gaussian_plugin_delta",""
7,20262700,"hess_cov","region","region","region019","cov","B","C",-0.00352533439307003,0.003467697139483,-0.0124572158309754,0.00540654704483535,"normal_approximation:conditional_gaussian_plugin_delta",""
7,20262700,"hess_cov","region","region","region020","cov","B","C",0.00146550561450221,0.0012478046528915,NA,NA,"unavailable","HESS joint uncertainty requires positive semidefinite plug-in genetic and residual matrices"
7,20262700,"supergnova_cov","region","region","region001","cov","A","B",0.061767562251305,0.0542236219991851,0.0430560377827303,0.0804790867198797,"normal_approximation:spectral_wls",""
7,20262700,"supergnova_cov","region","region","region002","cov","A","B",0.000674702786360742,8.23847604519695e-37,-0.0173848202475189,0.0187342258202404,"normal_approximation:spectral_wls",""
7,20262700,"supergnova_cov","region","region","region003","cov","A","B",-0.000816366379814783,-0.000202726742427238,-0.00671573779849289,0.00508300503886332,"normal_approximation:spectral_wls",""
7,20262700,"supergnova_cov","region","region","region004","cov","A","B",-0.00214979907883747,0.00347999953900188,-0.00997623784619868,0.00567663968852374,"normal_approximation:spectral_wls",""
7,20262700,"supergnova_cov","region","region","region005","cov","A","B",0.00403811236486114,0.00124070710382077,-0.00232543605016865,0.0104016607798909,"normal_approximation:spectral_wls",""
7,20262700,"supergnova_cov","region","region","region006","cov","A","B",-0.00425534661826162,6.60547659138674e-05,-0.011482350113078,0.00297165687655475,"normal_approximation:spectral_wls",""
7,20262700,"supergnova_cov","region","region","region007","cov","A","B",0.00487778922923461,0.0017335610580277,-0.000729423340287499,0.0104850017987567,"normal_approximation:spectral_wls",""
7,20262700,"supergnova_cov","region","region","region008","cov","A","B",-0.00112775759050567,-8.83631098112079e-05,-0.0077814788333975,0.00552596365238615,"normal_approximation:spectral_wls",""
7,20262700,"supergnova_cov","region","region","region009","cov","A","B",-0.000928705438166065,9.12809276585163e-05,-0.00556116233982236,0.00370375146349023,"normal_approximation:spectral_wls",""
7,20262700,"supergnova_cov","region","region","region010","cov","A","B",-3.30954243633408e-05,0.000147374393560908,-0.00503445206819085,0.00496826121946417,"normal_approximation:spectral_wls",""
7,20262700,"supergnova_cov","region","region","region011","cov","A","B",-0.00629509730215342,-0.000225631771568515,-0.0126633782324146,7.31836281077734e-05,"normal_approximation:spectral_wls",""
7,20262700,"supergnova_cov","region","region","region012","cov","A","B",0.00754307784052814,0.000325570158619378,0.000722863438307898,0.0143632922427484,"normal_approximation:spectral_wls",""
7,20262700,"supergnova_cov","region","region","region013","cov","A","B",0.000446424642009924,0.000354069488840755,-0.00595014159070956,0.00684299087472941,"normal_approximation:spectral_wls",""
7,20262700,"supergnova_cov","region","region","region014","cov","A","B",0.000350034146133706,0.00150501284343723,-0.00718650276171323,0.00788657105398065,"normal_approximation:spectral_wls",""
7,20262700,"supergnova_cov","region","region","region015","cov","A","B",0.00178914411728217,0.00124559213897092,-0.00426003982050723,0.00783832805507157,"normal_approximation:spectral_wls",""
7,20262700,"supergnova_cov","region","region","region016","cov","A","B",0.00532084762564156,0.00149264424181787,-0.000809337581105938,0.0114510328323891,"normal_approximation:spectral_wls",""
7,20262700,"supergnova_cov","region","region","region017","cov","A","B",-0.000465524391105911,0.00223997475056699,-0.00558468720272971,0.00465363842051789,"normal_approximation:spectral_wls",""
7,20262700,"supergnova_cov","region","region","region018","cov","A","B",-0.00450731458970327,0.000379938995035789,-0.0111568832649645,0.00214225408555798,"normal_approximation:spectral_wls",""
7,20262700,"supergnova_cov","region","region","region019","cov","A","B",0.00522555975023264,0.00276899170769272,-0.00197773712141185,0.0124288566218771,"normal_approximation:spectral_wls",""
7,20262700,"supergnova_cov","region","region","region020","cov","A","B",0.00254551423613334,0.000698170201131189,-0.00510807136172614,0.0101990998339928,"normal_approximation:spectral_wls",""
7,20262700,"supergnova_cov","region","region","region001","cov","A","C",0.0563323484923116,0.0508107321032017,0.0379855720746953,0.0746791249099278,"normal_approximation:spectral_wls",""
7,20262700,"supergnova_cov","region","region","region002","cov","A","C",-0.00412076579534248,7.71993798712741e-37,-0.0194719676359689,0.0112304360452839,"normal_approximation:spectral_wls",""
7,20262700,"supergnova_cov","region","region","region003","cov","A","C",-0.00173340647267939,3.05260765387871e-05,-0.00887987134543209,0.00541305840007331,"normal_approximation:spectral_wls",""
7,20262700,"supergnova_cov","region","region","region004","cov","A","C",-0.0065790300802383,0.00268331639960802,-0.0148435928226698,0.00168553266219317,"normal_approximation:spectral_wls",""
7,20262700,"supergnova_cov","region","region","region005","cov","A","C",0.00262752687682026,0.00159704249465697,-0.00448926086356667,0.00974431461720719,"normal_approximation:spectral_wls",""
7,20262700,"supergnova_cov","region","region","region006","cov","A","C",-0.000928100714179484,0.000417755475147296,-0.00744691723945064,0.00559071581109167,"normal_approximation:spectral_wls",""
7,20262700,"supergnova_cov","region","region","region007","cov","A","C",0.00242511820089186,0.00162763800536364,-0.0044497720102799,0.00930000841206362,"normal_approximation:spectral_wls",""
7,20262700,"supergnova_cov","region","region","region008","cov","A","C",0.00450402412314816,3.13195855593942e-05,-0.00168090439518274,0.0106889526414791,"normal_approximation:spectral_wls",""
7,20262700,"supergnova_cov","region","region","region009","cov","A","C",0.00471579703744072,-2.20889866615557e-05,-0.000719680401976763,0.0101512744768582,"normal_approximation:spectral_wls",""
7,20262700,"supergnova_cov","region","region","region010","cov","A","C",-0.000578449516791707,0.00104614700062073,-0.00566431216271975,0.00450741312913633,"normal_approximation:spectral_wls",""
7,20262700,"supergnova_cov","region","region","region011","cov","A","C",0.000746036540470447,2.06058526501833e-05,-0.00395574309232251,0.00544781617326341,"normal_approximation:spectral_wls",""
7,20262700,"supergnova_cov","region","region","region012","cov","A","C",0.00430951744446603,2.15603430994479e-05,-0.00263683457848105,0.0112558694674131,"normal_approximation:spectral_wls",""
7,20262700,"supergnova_cov","region","region","region013","cov","A","C",0.000620226823286844,0.000223090691454512,-0.00524635418728672,0.00648680783386041,"normal_approximation:spectral_wls",""
7,20262700,"supergnova_cov","region","region","region014","cov","A","C",-0.00663373924776455,0.000950794846057469,-0.0133734460416435,0.000105967546114429,"normal_approximation:spectral_wls",""
7,20262700,"supergnova_cov","region","region","region015","cov","A","C",0.00441527896675173,0.0012000807130498,-0.00242138521961079,0.0112519431531143,"normal_approximation:spectral_wls",""
7,20262700,"supergnova_cov","region","region","region016","cov","A","C",0.000286037317961189,0.00159910570655949,-0.00635352407067915,0.00692559870660153,"normal_approximation:spectral_wls",""
7,20262700,"supergnova_cov","region","region","region017","cov","A","C",0.00273062645799146,0.00187746263030626,-0.00282550025198914,0.00828675316797206,"normal_approximation:spectral_wls",""
7,20262700,"supergnova_cov","region","region","region018","cov","A","C",0.00354560008362075,0.000324026843391066,-0.00338120049894613,0.0104724006661876,"normal_approximation:spectral_wls",""
7,20262700,"supergnova_cov","region","region","region019","cov","A","C",0.00115586024294095,0.00391658227134402,-0.00786881001689343,0.0101805305027753,"normal_approximation:spectral_wls",""
7,20262700,"supergnova_cov","region","region","region020","cov","A","C",-3.63452341488123e-06,0.000213905847973541,-0.00736370220237928,0.00735643315554952,"normal_approximation:spectral_wls",""
7,20262700,"supergnova_cov","region","region","region001","cov","B","C",0.0700378705792285,0.0599054614502206,0.0493419661639255,0.0907337749945314,"normal_approximation:spectral_wls",""
7,20262700,"supergnova_cov","region","region","region002","cov","B","C",0.0536659047340957,0.0599054614502206,0.0349615123124755,0.0723702971557159,"normal_approximation:spectral_wls",""
7,20262700,"supergnova_cov","region","region","region003","cov","B","C",0.00758174951880139,0.000684179451975084,0.000152524493165332,0.0150109745444375,"normal_approximation:spectral_wls",""
7,20262700,"supergnova_cov","region","region","region004","cov","B","C",0.000615067968382761,0.00535673220754137,-0.00767855519560956,0.00890869113237508,"normal_approximation:spectral_wls",""
7,20262700,"supergnova_cov","region","region","region005","cov","B","C",-0.000524849266600358,0.00241054728997099,-0.00721950529554296,0.00616980676234224,"normal_approximation:spectral_wls",""
7,20262700,"supergnova_cov","region","region","region006","cov","B","C",0.0023690580156283,-0.000149101464494462,-0.0045445420698092,0.00928265810106579,"normal_approximation:spectral_wls",""
7,20262700,"supergnova_cov","region","region","region007","cov","B","C",0.00473502582555018,0.00167095061537007,-0.00166240698448322,0.0111324586355836,"normal_approximation:spectral_wls",""
7,20262700,"supergnova_cov","region","region","region008","cov","B","C",0.000383003173485962,-5.6001989712392e-05,-0.00512865176389141,0.00589465811086334,"normal_approximation:spectral_wls",""
7,20262700,"supergnova_cov","region","region","region009","cov","B","C",-0.00632798825910796,0.000626191442120603,-0.0114911668752407,-0.00116480964297522,"normal_approximation:spectral_wls",""
7,20262700,"supergnova_cov","region","region","region010","cov","B","C",-0.003154564878538,0.000320926350740876,-0.00954550038438362,0.00323637062730762,"normal_approximation:spectral_wls",""
7,20262700,"supergnova_cov","region","region","region011","cov","B","C",-0.003398748172834,4.14686285872362e-05,-0.00981007609244328,0.00301257974677527,"normal_approximation:spectral_wls",""
7,20262700,"supergnova_cov","region","region","region012","cov","B","C",0.000749959126022652,3.53245000969009e-05,-0.0048463469548735,0.0063462652069188,"normal_approximation:spectral_wls",""
7,20262700,"supergnova_cov","region","region","region013","cov","B","C",-0.00327954799116198,0.000708170693753251,-0.00783929856373343,0.00128020258140947,"normal_approximation:spectral_wls",""
7,20262700,"supergnova_cov","region","region","region014","cov","B","C",-0.00173467270189416,0.000257623161547767,-0.00649608116176268,0.00302673575797436,"normal_approximation:spectral_wls",""
7,20262700,"supergnova_cov","region","region","region015","cov","B","C",0.00140351658789721,0.000620861209904319,-0.0039989974268518,0.00680603060264622,"normal_approximation:spectral_wls",""
7,20262700,"supergnova_cov","region","region","region016","cov","B","C",0.000462389275966273,0.00166002682787671,-0.00585493692234872,0.00677971547428126,"normal_approximation:spectral_wls",""
7,20262700,"supergnova_cov","region","region","region017","cov","B","C",-0.00362186535202083,0.00159465925767433,-0.0100474988608913,0.00280376815684962,"normal_approximation:spectral_wls",""
7,20262700,"supergnova_cov","region","region","region018","cov","B","C",0.000951239636917886,0.000993898206923186,-0.00499456615744208,0.00689704543127785,"normal_approximation:spectral_wls",""
7,20262700,"supergnova_cov","region","region","region019","cov","B","C",-0.00576301995384931,0.003467697139483,-0.0150540686708699,0.00352802876317131,"normal_approximation:spectral_wls",""
7,20262700,"supergnova_cov","region","region","region020","cov","B","C",0.000954281767008034,0.0012478046528915,-0.00472155540056679,0.00663011893458286,"normal_approximation:spectral_wls",""
7,20262700,"lava_cov","region","region","region001","cov","A","B",0.0580459727897699,0.0542236219991851,NA,NA,"unavailable","LAVA estimator uncertainty is not implemented; see separate trait-specific univariate test"
7,20262700,"lava_cov","region","region","region001","cov","A","C",0.0530579097606129,0.0508107321032017,NA,NA,"unavailable","LAVA estimator uncertainty is not implemented; see separate trait-specific univariate test"
7,20262700,"lava_cov","region","region","region001","cov","B","C",0.067024645754599,0.0599054614502206,NA,NA,"unavailable","LAVA estimator uncertainty is not implemented; see separate trait-specific univariate test"
7,20262700,"lava_cov","region","region","region002","cov","A","B",0.00062057738693535,8.23847604519695e-37,NA,NA,"unavailable","LAVA estimator uncertainty is not implemented; see separate trait-specific univariate test"
7,20262700,"lava_cov","region","region","region002","cov","A","C",-0.00389383374973659,7.71993798712741e-37,NA,NA,"unavailable","LAVA estimator uncertainty is not implemented; see separate trait-specific univariate test"
7,20262700,"lava_cov","region","region","region002","cov","B","C",0.0505983168440865,0.0599054614502206,NA,NA,"unavailable","LAVA estimator uncertainty is not implemented; see separate trait-specific univariate test"
7,20262700,"lava_cov","region","region","region003","cov","A","B",-0.00055515278039712,-0.000202726742427238,NA,NA,"unavailable","LAVA estimator uncertainty is not implemented; see separate trait-specific univariate test"
7,20262700,"lava_cov","region","region","region003","cov","A","C",-0.002960817248711,3.05260765387871e-05,NA,NA,"unavailable","LAVA estimator uncertainty is not implemented; see separate trait-specific univariate test"
7,20262700,"lava_cov","region","region","region003","cov","B","C",0.00780875020666896,0.000684179451975084,NA,NA,"unavailable","LAVA estimator uncertainty is not implemented; see separate trait-specific univariate test"
7,20262700,"lava_cov","region","region","region004","cov","A","B",-0.000902851049154501,0.00347999953900188,NA,NA,"unavailable","LAVA estimator uncertainty is not implemented; see separate trait-specific univariate test"
7,20262700,"lava_cov","region","region","region004","cov","A","C",-5.54204971622562e-05,0.00268331639960802,NA,NA,"unavailable","LAVA estimator uncertainty is not implemented; see separate trait-specific univariate test"
7,20262700,"lava_cov","region","region","region004","cov","B","C",0.00797836228284816,0.00535673220754137,NA,NA,"unavailable","LAVA estimator uncertainty is not implemented; see separate trait-specific univariate test"
7,20262700,"lava_cov","region","region","region005","cov","A","B",0.002171109574151,0.00124070710382077,NA,NA,"unavailable","LAVA estimator uncertainty is not implemented; see separate trait-specific univariate test"
7,20262700,"lava_cov","region","region","region005","cov","A","C",0.00259441377890639,0.00159704249465697,NA,NA,"unavailable","LAVA estimator uncertainty is not implemented; see separate trait-specific univariate test"
7,20262700,"lava_cov","region","region","region005","cov","B","C",0.00234254480766117,0.00241054728997099,NA,NA,"unavailable","LAVA estimator uncertainty is not implemented; see separate trait-specific univariate test"
7,20262700,"lava_cov","region","region","region006","cov","A","B",-0.00475277733253804,6.60547659138674e-05,NA,NA,"unavailable","LAVA estimator uncertainty is not implemented; see separate trait-specific univariate test"
7,20262700,"lava_cov","region","region","region006","cov","A","C",0.000160429198783549,0.000417755475147296,NA,NA,"unavailable","LAVA estimator uncertainty is not implemented; see separate trait-specific univariate test"
7,20262700,"lava_cov","region","region","region006","cov","B","C",0.00281293095197669,-0.000149101464494462,NA,NA,"unavailable","LAVA estimator uncertainty is not implemented; see separate trait-specific univariate test"
7,20262700,"lava_cov","region","region","region007","cov","A","B",0.0038687095028905,0.0017335610580277,NA,NA,"unavailable","LAVA estimator uncertainty is not implemented; see separate trait-specific univariate test"
7,20262700,"lava_cov","region","region","region007","cov","A","C",0.0024786697370557,0.00162763800536364,NA,NA,"unavailable","LAVA estimator uncertainty is not implemented; see separate trait-specific univariate test"
7,20262700,"lava_cov","region","region","region007","cov","B","C",0.00480886538292184,0.00167095061537007,NA,NA,"unavailable","LAVA estimator uncertainty is not implemented; see separate trait-specific univariate test"
7,20262700,"lava_cov","region","region","region008","cov","A","B",-0.000268284880641623,-8.83631098112079e-05,NA,NA,"unavailable","LAVA estimator uncertainty is not implemented; see separate trait-specific univariate test"
7,20262700,"lava_cov","region","region","region008","cov","A","C",0.00430821369918906,3.13195855593942e-05,NA,NA,"unavailable","LAVA estimator uncertainty is not implemented; see separate trait-specific univariate test"
7,20262700,"lava_cov","region","region","region008","cov","B","C",0.000825428973181038,-5.6001989712392e-05,NA,NA,"unavailable","LAVA estimator uncertainty is not implemented; see separate trait-specific univariate test"
7,20262700,"lava_cov","region","region","region009","cov","A","B",-0.0013113297439129,9.12809276585163e-05,NA,NA,"unavailable","LAVA estimator uncertainty is not implemented; see separate trait-specific univariate test"
7,20262700,"lava_cov","region","region","region009","cov","A","C",0.00328372490346711,-2.20889866615557e-05,NA,NA,"unavailable","LAVA estimator uncertainty is not implemented; see separate trait-specific univariate test"
7,20262700,"lava_cov","region","region","region009","cov","B","C",-0.00648546270643018,0.000626191442120603,NA,NA,"unavailable","LAVA estimator uncertainty is not implemented; see separate trait-specific univariate test"
7,20262700,"lava_cov","region","region","region010","cov","A","B",-0.000621566939979059,0.000147374393560908,NA,NA,"unavailable","LAVA estimator uncertainty is not implemented; see separate trait-specific univariate test"
7,20262700,"lava_cov","region","region","region010","cov","A","C",0.00110844884463597,0.00104614700062073,NA,NA,"unavailable","LAVA estimator uncertainty is not implemented; see separate trait-specific univariate test"
7,20262700,"lava_cov","region","region","region010","cov","B","C",-0.00198296205793274,0.000320926350740876,NA,NA,"unavailable","LAVA estimator uncertainty is not implemented; see separate trait-specific univariate test"
7,20262700,"lava_cov","region","region","region011","cov","A","B",-0.00571694620938294,-0.000225631771568515,NA,NA,"unavailable","LAVA estimator uncertainty is not implemented; see separate trait-specific univariate test"
7,20262700,"lava_cov","region","region","region011","cov","A","C",0.000722282205741886,2.06058526501833e-05,NA,NA,"unavailable","LAVA estimator uncertainty is not implemented; see separate trait-specific univariate test"
7,20262700,"lava_cov","region","region","region011","cov","B","C",-0.00497924745166315,4.14686285872362e-05,NA,NA,"unavailable","LAVA estimator uncertainty is not implemented; see separate trait-specific univariate test"
7,20262700,"lava_cov","region","region","region012","cov","A","B",0.0088589010190781,0.000325570158619378,NA,NA,"unavailable","LAVA estimator uncertainty is not implemented; see separate trait-specific univariate test"
7,20262700,"lava_cov","region","region","region012","cov","A","C",0.0043785822090574,2.15603430994479e-05,NA,NA,"unavailable","LAVA estimator uncertainty is not implemented; see separate trait-specific univariate test"
7,20262700,"lava_cov","region","region","region012","cov","B","C",-0.000208012934484811,3.53245000969009e-05,NA,NA,"unavailable","LAVA estimator uncertainty is not implemented; see separate trait-specific univariate test"
7,20262700,"lava_cov","region","region","region013","cov","A","B",0.0017015890322852,0.000354069488840755,NA,NA,"unavailable","LAVA estimator uncertainty is not implemented; see separate trait-specific univariate test"
7,20262700,"lava_cov","region","region","region013","cov","A","C",0.00114985270212571,0.000223090691454512,NA,NA,"unavailable","LAVA estimator uncertainty is not implemented; see separate trait-specific univariate test"
7,20262700,"lava_cov","region","region","region013","cov","B","C",-0.00285871759279729,0.000708170693753251,NA,NA,"unavailable","LAVA estimator uncertainty is not implemented; see separate trait-specific univariate test"
7,20262700,"lava_cov","region","region","region014","cov","A","B",0.000205725128448734,0.00150501284343723,NA,NA,"unavailable","LAVA estimator uncertainty is not implemented; see separate trait-specific univariate test"
7,20262700,"lava_cov","region","region","region014","cov","A","C",-0.00624397277621623,0.000950794846057469,NA,NA,"unavailable","LAVA estimator uncertainty is not implemented; see separate trait-specific univariate test"
7,20262700,"lava_cov","region","region","region014","cov","B","C",-0.00195375185015418,0.000257623161547767,NA,NA,"unavailable","LAVA estimator uncertainty is not implemented; see separate trait-specific univariate test"
7,20262700,"lava_cov","region","region","region015","cov","A","B",0.00268050979531463,0.00124559213897092,NA,NA,"unavailable","LAVA estimator uncertainty is not implemented; see separate trait-specific univariate test"
7,20262700,"lava_cov","region","region","region015","cov","A","C",0.00504231522511986,0.0012000807130498,NA,NA,"unavailable","LAVA estimator uncertainty is not implemented; see separate trait-specific univariate test"
7,20262700,"lava_cov","region","region","region015","cov","B","C",0.00201061998527135,0.000620861209904319,NA,NA,"unavailable","LAVA estimator uncertainty is not implemented; see separate trait-specific univariate test"
7,20262700,"lava_cov","region","region","region016","cov","A","B",0.00457605188665982,0.00149264424181787,NA,NA,"unavailable","LAVA estimator uncertainty is not implemented; see separate trait-specific univariate test"
7,20262700,"lava_cov","region","region","region016","cov","A","C",5.01974613030646e-06,0.00159910570655949,NA,NA,"unavailable","LAVA estimator uncertainty is not implemented; see separate trait-specific univariate test"
7,20262700,"lava_cov","region","region","region016","cov","B","C",0.000494022324454392,0.00166002682787671,NA,NA,"unavailable","LAVA estimator uncertainty is not implemented; see separate trait-specific univariate test"
7,20262700,"lava_cov","region","region","region017","cov","A","B",-0.000414563140807425,0.00223997475056699,NA,NA,"unavailable","LAVA estimator uncertainty is not implemented; see separate trait-specific univariate test"
7,20262700,"lava_cov","region","region","region017","cov","A","C",0.00328668250869195,0.00187746263030626,NA,NA,"unavailable","LAVA estimator uncertainty is not implemented; see separate trait-specific univariate test"
7,20262700,"lava_cov","region","region","region017","cov","B","C",-0.00427616418182726,0.00159465925767433,NA,NA,"unavailable","LAVA estimator uncertainty is not implemented; see separate trait-specific univariate test"
7,20262700,"lava_cov","region","region","region018","cov","A","B",-0.00493157777720977,0.000379938995035789,NA,NA,"unavailable","LAVA estimator uncertainty is not implemented; see separate trait-specific univariate test"
7,20262700,"lava_cov","region","region","region018","cov","A","C",0.00227094262504953,0.000324026843391066,NA,NA,"unavailable","LAVA estimator uncertainty is not implemented; see separate trait-specific univariate test"
7,20262700,"lava_cov","region","region","region018","cov","B","C",-0.00175181216826096,0.000993898206923186,NA,NA,"unavailable","LAVA estimator uncertainty is not implemented; see separate trait-specific univariate test"
7,20262700,"lava_cov","region","region","region019","cov","A","B",0.00453235063059445,0.00276899170769272,NA,NA,"unavailable","LAVA estimator uncertainty is not implemented; see separate trait-specific univariate test"
7,20262700,"lava_cov","region","region","region019","cov","A","C",0.00134265783904319,0.00391658227134402,NA,NA,"unavailable","LAVA estimator uncertainty is not implemented; see separate trait-specific univariate test"
7,20262700,"lava_cov","region","region","region019","cov","B","C",-0.00351917833983602,0.003467697139483,NA,NA,"unavailable","LAVA estimator uncertainty is not implemented; see separate trait-specific univariate test"
7,20262700,"lava_cov","region","region","region020","cov","A","B",0.00182106123762876,0.000698170201131189,NA,NA,"unavailable","LAVA estimator uncertainty is not implemented; see separate trait-specific univariate test"
7,20262700,"lava_cov","region","region","region020","cov","A","C",0.000827072742448409,0.000213905847973541,NA,NA,"unavailable","LAVA estimator uncertainty is not implemented; see separate trait-specific univariate test"
7,20262700,"lava_cov","region","region","region020","cov","B","C",0.00146578075390319,0.0012478046528915,NA,NA,"unavailable","LAVA estimator uncertainty is not implemented; see separate trait-specific univariate test"
7,20262700,"ldsc_annotation_h2","reference","all",NA,"h2","A",NA,0.286147194948449,0.29438778909992,0.0783364431489444,0.493957946747954,"normal_approximation:block_jackknife",""
7,20262700,"ldsc_annotation_h2","annotation_category","enriched",NA,"h2","A",NA,0.191830281051364,0.209017426252369,0.039437521227335,0.344223040875392,"normal_approximation:block_jackknife",""
7,20262700,"ldsc_annotation_h2","annotation_category","background",NA,"h2","A",NA,0.0943169138970854,0.085370362847551,-0.0469691619077944,0.235602989701965,"normal_approximation:block_jackknife",""
7,20262700,"ldsc_annotation_h2","reference","all",NA,"h2","B",NA,0.363604058067906,0.400582663569459,0.131210735846312,0.5959973802895,"normal_approximation:block_jackknife",""
7,20262700,"ldsc_annotation_h2","annotation_category","enriched",NA,"h2","B",NA,0.245951059202665,0.299224814332497,0.0522720821866638,0.439630036218667,"normal_approximation:block_jackknife",""
7,20262700,"ldsc_annotation_h2","annotation_category","background",NA,"h2","B",NA,0.117652998865241,0.101357849236963,-0.0107802915871886,0.24608628931767,"normal_approximation:block_jackknife",""
7,20262700,"ldsc_annotation_h2","reference","all",NA,"h2","C",NA,0.362885863016773,0.347516232382753,0.159696553158636,0.56607517287491,"normal_approximation:block_jackknife",""
7,20262700,"ldsc_annotation_h2","annotation_category","enriched",NA,"h2","C",NA,0.261944789731304,0.264902450984791,0.100698948221461,0.423190631241147,"normal_approximation:block_jackknife",""
7,20262700,"ldsc_annotation_h2","annotation_category","background",NA,"h2","C",NA,0.100941073285469,0.0826137813979616,-0.0226941738175809,0.224576320388519,"normal_approximation:block_jackknife",""
7,20262700,"ldsc_annotation_rg","reference","all",NA,"rg","A","B",0.741446641966811,0.563490748071659,0.18842564854753,1.29446763538609,"normal_approximation:block_jackknife",""
7,20262700,"ldsc_annotation_rg","annotation_category","enriched",NA,"rg","A","B",0.641436984007143,0.553861275567919,0.0317665763091194,1.25110739170517,"normal_approximation:block_jackknife",""
7,20262700,"ldsc_annotation_rg","annotation_category","background",NA,"rg","A","B",0.947712598890619,0.591177585842898,-0.365018965771497,2.26044416355273,"normal_approximation:block_jackknife",""
7,20262700,"ldsc_annotation_rg","reference","all",NA,"rg","A","C",0.402352417854273,0.579076882105988,-0.0475865017392822,0.852291337447828,"normal_approximation:block_jackknife",""
7,20262700,"ldsc_annotation_rg","annotation_category","enriched",NA,"rg","A","C",0.416265387882247,0.563521734415783,-0.101094037164534,0.933624812929029,"normal_approximation:block_jackknife",""
7,20262700,"ldsc_annotation_rg","annotation_category","background",NA,"rg","A","C",0.37247002192653,0.626545663959464,-0.600566466696392,1.34550651054945,"normal_approximation:block_jackknife",""
7,20262700,"ldsc_annotation_rg","reference","all",NA,"rg","B","C",0.789823059189916,0.718635111471933,0.422646871370579,1.15699924700925,"normal_approximation:block_jackknife",""
7,20262700,"ldsc_annotation_rg","annotation_category","enriched",NA,"rg","B","C",0.762603810614287,0.759033248226506,0.434675634348307,1.09053198688027,"normal_approximation:block_jackknife",""
7,20262700,"ldsc_annotation_rg","annotation_category","background",NA,"rg","B","C",0.856450110832465,0.594804784091229,-0.166897198275984,1.87979741994091,"normal_approximation:block_jackknife",""
7,20262700,"bayesc","reference","all",NA,"h2","A",NA,0.316163207476746,0.29438778909992,0.284308422524558,0.348526329084074,"conditional_equal_tailed_posterior",""
7,20262700,"bayesr","reference","all",NA,"h2","A",NA,0.31495682170209,0.29438778909992,0.27324421592449,0.358080403780985,"conditional_equal_tailed_posterior",""
8,20262800,"ldsc_h2","reference","all",NA,"h2","A",NA,0.155108702832586,0.301231624829598,-0.0126994525279759,0.322916858193149,"normal_approximation:block_jackknife",""
8,20262800,"ldsc_h2","reference","all",NA,"h2","B",NA,0.225226618027523,0.399046660342894,0.0521639146057868,0.398289321449259,"normal_approximation:block_jackknife",""
8,20262800,"ldsc_h2","reference","all",NA,"h2","C",NA,0.224558322889161,0.349054446844244,0.0419054686376151,0.407211177140707,"normal_approximation:block_jackknife",""
8,20262800,"ldsc_rg","reference","all",NA,"rg","A","B",0.722652217366864,0.59289986066285,-0.0184245147746112,1.46372894950834,"normal_approximation:block_jackknife",""
8,20262800,"ldsc_rg","reference","all",NA,"rg","A","C",1.04999917483093,0.590520255524892,0.0990250769837331,2.00097327267813,"normal_approximation:block_jackknife",""
8,20262800,"ldsc_rg","reference","all",NA,"rg","B","C",0.592974265836278,0.723421564819818,0.00639529660107674,1.17955323507148,"normal_approximation:block_jackknife",""
8,20262800,"gnova_h2","reference","all",NA,"h2","A",NA,0.14921295319144,0.301231624829598,-0.0165658482444278,0.314991754627308,"normal_approximation:block_jackknife",""
8,20262800,"gnova_h2","reference","all",NA,"h2","B",NA,0.220253252066815,0.399046660342894,0.0489869507805993,0.391519553353032,"normal_approximation:block_jackknife",""
8,20262800,"gnova_h2","reference","all",NA,"h2","C",NA,0.221544498837893,0.349054446844244,0.0405972782440097,0.402491719431777,"normal_approximation:block_jackknife",""
8,20262800,"gnova_rg","reference","all",NA,"rg","A","B",0.737553699621934,0.59289986066285,-0.0316138751206388,1.50672127436451,"normal_approximation:block_jackknife",""
8,20262800,"gnova_rg","reference","all",NA,"rg","A","C",1.0704758676744,0.590520255524892,0.0883164617235697,2.05263527362522,"normal_approximation:block_jackknife",""
8,20262800,"gnova_rg","reference","all",NA,"rg","B","C",0.582068767388743,0.723421564819818,-0.01243338677822,1.17657092155571,"normal_approximation:block_jackknife",""
8,20262800,"sumher_h2","reference","all",NA,"h2","A",NA,0.155109005746784,0.301231624829598,-0.0126992031866882,0.322917214680255,"normal_approximation:fixed_weight_block_jackknife",""
8,20262800,"sumher_h2","reference","all",NA,"h2","B",NA,0.225226666710217,0.399046660342894,0.0521639520532807,0.398289381367153,"normal_approximation:fixed_weight_block_jackknife",""
8,20262800,"sumher_h2","reference","all",NA,"h2","C",NA,0.224558329721381,0.349054446844244,0.0419054723770727,0.40721118706569,"normal_approximation:fixed_weight_block_jackknife",""
8,20262800,"sumher_rg","reference","all",NA,"rg","A","B",0.722651440432428,0.59289986066285,-0.0184241571686292,1.46372703803348,"normal_approximation:fixed_weight_block_jackknife",""
8,20262800,"sumher_rg","reference","all",NA,"rg","A","C",1.04999813908571,0.590520255524892,0.0990255587243571,2.00097071944705,"normal_approximation:fixed_weight_block_jackknife",""
8,20262800,"sumher_rg","reference","all",NA,"rg","B","C",0.592974195268852,0.723421564819818,0.00639532417861488,1.17955306635909,"normal_approximation:fixed_weight_block_jackknife",""
8,20262800,"hess_cov","region","region","region001","cov","A","B",0.0485235408519008,0.0510602644845761,NA,NA,"unavailable","HESS joint uncertainty requires positive semidefinite plug-in genetic and residual matrices"
8,20262800,"hess_cov","region","region","region002","cov","A","B",0.0132227919371992,7.75785073567978e-37,-0.000146650556511002,0.0265922344309093,"normal_approximation:conditional_gaussian_plugin_delta",""
8,20262800,"hess_cov","region","region","region003","cov","A","B",0.00599938199593728,0.00204472323877167,NA,NA,"unavailable","HESS joint uncertainty requires positive semidefinite plug-in genetic and residual matrices"
8,20262800,"hess_cov","region","region","region004","cov","A","B",0.000811324329564392,0.000838380017934564,NA,NA,"unavailable","HESS joint uncertainty requires positive semidefinite plug-in genetic and residual matrices"
8,20262800,"hess_cov","region","region","region005","cov","A","B",0.00411815490374086,0.000727141701163993,-0.00342283215053928,0.011659141958021,"normal_approximation:conditional_gaussian_plugin_delta",""
8,20262800,"hess_cov","region","region","region006","cov","A","B",0.000677170216039879,0.000163808808276038,NA,NA,"unavailable","HESS joint uncertainty requires positive semidefinite plug-in genetic and residual matrices"
8,20262800,"hess_cov","region","region","region007","cov","A","B",0.00598948230754581,0.00350120601692896,NA,NA,"unavailable","HESS joint uncertainty requires positive semidefinite plug-in genetic and residual matrices"
8,20262800,"hess_cov","region","region","region008","cov","A","B",0.00260440682771367,0.00265472042817151,NA,NA,"unavailable","HESS joint uncertainty requires positive semidefinite plug-in genetic and residual matrices"
8,20262800,"hess_cov","region","region","region009","cov","A","B",-0.00266878515002708,0.000609531416544014,NA,NA,"unavailable","HESS joint uncertainty requires positive semidefinite plug-in genetic and residual matrices"
8,20262800,"hess_cov","region","region","region010","cov","A","B",0.00325582435410104,0.00257532726103296,-0.00412028905442002,0.0106319377626221,"normal_approximation:conditional_gaussian_plugin_delta",""
8,20262800,"hess_cov","region","region","region011","cov","A","B",0.00993982418042575,0.00225144218284461,NA,NA,"unavailable","HESS joint uncertainty requires positive semidefinite plug-in genetic and residual matrices"
8,20262800,"hess_cov","region","region","region012","cov","A","B",0.0118199760476133,0.00303771687466324,NA,NA,"unavailable","HESS joint uncertainty requires positive semidefinite plug-in genetic and residual matrices"
8,20262800,"hess_cov","region","region","region013","cov","A","B",-0.0074707020563119,0.00059935557951063,NA,NA,"unavailable","HESS joint uncertainty requires positive semidefinite plug-in genetic and residual matrices"
8,20262800,"hess_cov","region","region","region014","cov","A","B",-0.00408084349915534,0.000103580009056078,NA,NA,"unavailable","HESS joint uncertainty requires positive semidefinite plug-in genetic and residual matrices"
8,20262800,"hess_cov","region","region","region015","cov","A","B",-0.0031492353466934,0.000592580043493388,NA,NA,"unavailable","HESS joint uncertainty requires positive semidefinite plug-in genetic and residual matrices"
8,20262800,"hess_cov","region","region","region016","cov","A","B",-0.000400736047347857,0.000997536950818946,-0.00703545414850501,0.00623398205380929,"normal_approximation:conditional_gaussian_plugin_delta",""
8,20262800,"hess_cov","region","region","region017","cov","A","B",0.00122729458376368,0.00153315863538582,-0.00560644824815532,0.00806103741568267,"normal_approximation:conditional_gaussian_plugin_delta",""
8,20262800,"hess_cov","region","region","region018","cov","A","B",-0.00388319421811542,0.00177604867505583,NA,NA,"unavailable","HESS joint uncertainty requires positive semidefinite plug-in genetic and residual matrices"
8,20262800,"hess_cov","region","region","region019","cov","A","B",-0.000191781692800673,0.00178749400526514,NA,NA,"unavailable","HESS joint uncertainty requires positive semidefinite plug-in genetic and residual matrices"
8,20262800,"hess_cov","region","region","region020","cov","A","B",0.00451995693496623,0.000495378867938409,NA,NA,"unavailable","HESS joint uncertainty requires positive semidefinite plug-in genetic and residual matrices"
8,20262800,"hess_cov","region","region","region001","cov","A","C",0.0456002850045035,0.0471539362116643,0.0330852274549442,0.0581153425540627,"normal_approximation:conditional_gaussian_plugin_delta",""
8,20262800,"hess_cov","region","region","region002","cov","A","C",-0.00197373038190808,7.16434202647657e-37,-0.0158554693774556,0.0119080086136394,"normal_approximation:conditional_gaussian_plugin_delta",""
8,20262800,"hess_cov","region","region","region003","cov","A","C",-0.0026718437353776,0.00206020173582944,-0.00992458991213038,0.00458090244137519,"normal_approximation:conditional_gaussian_plugin_delta",""
8,20262800,"hess_cov","region","region","region004","cov","A","C",-6.56550995426519e-06,0.000775629549730809,NA,NA,"unavailable","HESS joint uncertainty requires positive semidefinite plug-in genetic and residual matrices"
8,20262800,"hess_cov","region","region","region005","cov","A","C",0.00431109401098161,0.00232913206452691,NA,NA,"unavailable","HESS joint uncertainty requires positive semidefinite plug-in genetic and residual matrices"
8,20262800,"hess_cov","region","region","region006","cov","A","C",0.0034324537583409,0.000346330751005864,NA,NA,"unavailable","HESS joint uncertainty requires positive semidefinite plug-in genetic and residual matrices"
8,20262800,"hess_cov","region","region","region007","cov","A","C",0.00769212217970217,0.00381950521043278,NA,NA,"unavailable","HESS joint uncertainty requires positive semidefinite plug-in genetic and residual matrices"
8,20262800,"hess_cov","region","region","region008","cov","A","C",0.00341640483725371,0.00111895354559716,NA,NA,"unavailable","HESS joint uncertainty requires positive semidefinite plug-in genetic and residual matrices"
8,20262800,"hess_cov","region","region","region009","cov","A","C",0.00317575771725617,0.000398665643795412,NA,NA,"unavailable","HESS joint uncertainty requires positive semidefinite plug-in genetic and residual matrices"
8,20262800,"hess_cov","region","region","region010","cov","A","C",-0.00133545015413824,0.00259837209435873,-0.00859852248482951,0.00592762217655303,"normal_approximation:conditional_gaussian_plugin_delta",""
8,20262800,"hess_cov","region","region","region011","cov","A","C",0.0046766578508741,0.00175000691575705,NA,NA,"unavailable","HESS joint uncertainty requires positive semidefinite plug-in genetic and residual matrices"
8,20262800,"hess_cov","region","region","region012","cov","A","C",-0.000360939271249167,0.00245477092374203,-0.00850649255699748,0.00778461401449914,"normal_approximation:conditional_gaussian_plugin_delta",""
8,20262800,"hess_cov","region","region","region013","cov","A","C",-0.00353965051381152,0.000444534497191802,NA,NA,"unavailable","HESS joint uncertainty requires positive semidefinite plug-in genetic and residual matrices"
8,20262800,"hess_cov","region","region","region014","cov","A","C",-0.00358719192929676,9.14594111469103e-05,NA,NA,"unavailable","HESS joint uncertainty requires positive semidefinite plug-in genetic and residual matrices"
8,20262800,"hess_cov","region","region","region015","cov","A","C",0.00130395964759074,0.000767497089390147,NA,NA,"unavailable","HESS joint uncertainty requires positive semidefinite plug-in genetic and residual matrices"
8,20262800,"hess_cov","region","region","region016","cov","A","C",-0.00238872815549107,0.00194319023047533,NA,NA,"unavailable","HESS joint uncertainty requires positive semidefinite plug-in genetic and residual matrices"
8,20262800,"hess_cov","region","region","region017","cov","A","C",0.00268470918165195,0.00114420304029603,NA,NA,"unavailable","HESS joint uncertainty requires positive semidefinite plug-in genetic and residual matrices"
8,20262800,"hess_cov","region","region","region018","cov","A","C",0.00103940909737076,0.00186955692025787,-0.00679285099843922,0.00887166919318075,"normal_approximation:conditional_gaussian_plugin_delta",""
8,20262800,"hess_cov","region","region","region019","cov","A","C",-0.00276341576643808,0.00181856696994011,NA,NA,"unavailable","HESS joint uncertainty requires positive semidefinite plug-in genetic and residual matrices"
8,20262800,"hess_cov","region","region","region020","cov","A","C",-0.00258541836681665,0.000743478349800453,-0.0102196004640336,0.00504876373040028,"normal_approximation:conditional_gaussian_plugin_delta",""
8,20262800,"hess_cov","region","region","region001","cov","B","C",0.0566305226134279,0.0561338471751848,NA,NA,"unavailable","HESS joint uncertainty requires positive semidefinite plug-in genetic and residual matrices"
8,20262800,"hess_cov","region","region","region002","cov","B","C",0.0598507103967884,0.0561338471751848,0.0461720496130494,0.0735293711805275,"normal_approximation:conditional_gaussian_plugin_delta",""
8,20262800,"hess_cov","region","region","region003","cov","B","C",0.00304627881614044,0.00206814031948549,NA,NA,"unavailable","HESS joint uncertainty requires positive semidefinite plug-in genetic and residual matrices"
8,20262800,"hess_cov","region","region","region004","cov","B","C",-0.00241018357992932,0.00128013421461641,NA,NA,"unavailable","HESS joint uncertainty requires positive semidefinite plug-in genetic and residual matrices"
8,20262800,"hess_cov","region","region","region005","cov","B","C",0.00144436611013938,0.00103843930541687,NA,NA,"unavailable","HESS joint uncertainty requires positive semidefinite plug-in genetic and residual matrices"
8,20262800,"hess_cov","region","region","region006","cov","B","C",-0.00207010228679065,0.000204265709355649,NA,NA,"unavailable","HESS joint uncertainty requires positive semidefinite plug-in genetic and residual matrices"
8,20262800,"hess_cov","region","region","region007","cov","B","C",0.00337329576845239,0.00314710244054823,NA,NA,"unavailable","HESS joint uncertainty requires positive semidefinite plug-in genetic and residual matrices"
8,20262800,"hess_cov","region","region","region008","cov","B","C",0.00454180440038581,0.00136802750471435,NA,NA,"unavailable","HESS joint uncertainty requires positive semidefinite plug-in genetic and residual matrices"
8,20262800,"hess_cov","region","region","region009","cov","B","C",0.0108814813333016,0.000527412609166207,NA,NA,"unavailable","HESS joint uncertainty requires positive semidefinite plug-in genetic and residual matrices"
8,20262800,"hess_cov","region","region","region010","cov","B","C",0.00276808214665283,0.00262637407864143,-0.00456663775154761,0.0101028020448533,"normal_approximation:conditional_gaussian_plugin_delta",""
8,20262800,"hess_cov","region","region","region011","cov","B","C",-0.00134576073571937,0.00099748966111366,NA,NA,"unavailable","HESS joint uncertainty requires positive semidefinite plug-in genetic and residual matrices"
8,20262800,"hess_cov","region","region","region012","cov","B","C",-0.00143385149316962,0.00358609110884114,-0.00964681819471944,0.00677911520838021,"normal_approximation:conditional_gaussian_plugin_delta",""
8,20262800,"hess_cov","region","region","region013","cov","B","C",-0.000983370615750848,0.00043568872368907,NA,NA,"unavailable","HESS joint uncertainty requires positive semidefinite plug-in genetic and residual matrices"
8,20262800,"hess_cov","region","region","region014","cov","B","C",0.00291801323604072,0.000453099418441437,NA,NA,"unavailable","HESS joint uncertainty requires positive semidefinite plug-in genetic and residual matrices"
8,20262800,"hess_cov","region","region","region015","cov","B","C",-0.000267570962525742,0.00131374294288102,NA,NA,"unavailable","HESS joint uncertainty requires positive semidefinite plug-in genetic and residual matrices"
8,20262800,"hess_cov","region","region","region016","cov","B","C",0.00221040788138604,0.00200459059920055,NA,NA,"unavailable","HESS joint uncertainty requires positive semidefinite plug-in genetic and residual matrices"
8,20262800,"hess_cov","region","region","region017","cov","B","C",-0.000455285333993353,0.00159450860119624,NA,NA,"unavailable","HESS joint uncertainty requires positive semidefinite plug-in genetic and residual matrices"
8,20262800,"hess_cov","region","region","region018","cov","B","C",0.00550895120150558,0.00183682771862465,NA,NA,"unavailable","HESS joint uncertainty requires positive semidefinite plug-in genetic and residual matrices"
8,20262800,"hess_cov","region","region","region019","cov","B","C",0.00996857616551057,0.00368358896868304,NA,NA,"unavailable","HESS joint uncertainty requires positive semidefinite plug-in genetic and residual matrices"
8,20262800,"hess_cov","region","region","region020","cov","B","C",-0.000184403628189084,0.000436231421209649,NA,NA,"unavailable","HESS joint uncertainty requires positive semidefinite plug-in genetic and residual matrices"
8,20262800,"supergnova_cov","region","region","region001","cov","A","B",0.0486486298807704,0.0510602644845761,0.0336208690285864,0.0636763907329544,"normal_approximation:spectral_wls",""
8,20262800,"supergnova_cov","region","region","region002","cov","A","B",0.0135824279930767,7.75785073567978e-37,-0.00413474254464758,0.031299598530801,"normal_approximation:spectral_wls",""
8,20262800,"supergnova_cov","region","region","region003","cov","A","B",0.00653810025260314,0.00204472323877167,-4.76622854825946e-05,0.0131238627906889,"normal_approximation:spectral_wls",""
8,20262800,"supergnova_cov","region","region","region004","cov","A","B",0.00134583541886692,0.000838380017934564,-0.00485051016365663,0.00754218100139047,"normal_approximation:spectral_wls",""
8,20262800,"supergnova_cov","region","region","region005","cov","A","B",0.00389885848035252,0.000727141701163993,-0.00354175011065144,0.0113394670713565,"normal_approximation:spectral_wls",""
8,20262800,"supergnova_cov","region","region","region006","cov","A","B",0.000622759294983515,0.000163808808276038,-0.00474330110349168,0.00598881969345871,"normal_approximation:spectral_wls",""
8,20262800,"supergnova_cov","region","region","region007","cov","A","B",0.00706887946641554,0.00350120601692896,0.000790274374853486,0.0133474845579776,"normal_approximation:spectral_wls",""
8,20262800,"supergnova_cov","region","region","region008","cov","A","B",0.0035261921405543,0.00265472042817151,-0.002970101324823,0.0100224856059316,"normal_approximation:spectral_wls",""
8,20262800,"supergnova_cov","region","region","region009","cov","A","B",-0.00157739465937901,0.000609531416544014,-0.00844205586462525,0.00528726654586724,"normal_approximation:spectral_wls",""
8,20262800,"supergnova_cov","region","region","region010","cov","A","B",0.00371014782471457,0.00257532726103296,-0.00337551730852947,0.0107958129579586,"normal_approximation:spectral_wls",""
8,20262800,"supergnova_cov","region","region","region011","cov","A","B",0.0105701240608741,0.00225144218284461,0.00316635521905393,0.0179738929026943,"normal_approximation:spectral_wls",""
8,20262800,"supergnova_cov","region","region","region012","cov","A","B",0.0115017415887367,0.00303771687466324,0.00269100331894477,0.0203124798585287,"normal_approximation:spectral_wls",""
8,20262800,"supergnova_cov","region","region","region013","cov","A","B",-0.00643224080239818,0.00059935557951063,-0.0132797939909147,0.000415312386118324,"normal_approximation:spectral_wls",""
8,20262800,"supergnova_cov","region","region","region014","cov","A","B",-0.00239792291754847,0.000103580009056078,-0.00665385508140538,0.00185800924630843,"normal_approximation:spectral_wls",""
8,20262800,"supergnova_cov","region","region","region015","cov","A","B",-0.00371331672498283,0.000592580043493388,-0.00974027347134956,0.0023136400213839,"normal_approximation:spectral_wls",""
8,20262800,"supergnova_cov","region","region","region016","cov","A","B",0.000517653604076876,0.000997536950818946,-0.00585208466014094,0.00688739186829469,"normal_approximation:spectral_wls",""
8,20262800,"supergnova_cov","region","region","region017","cov","A","B",0.00142554520557891,0.00153315863538582,-0.00433717987153385,0.00718827028269167,"normal_approximation:spectral_wls",""
8,20262800,"supergnova_cov","region","region","region018","cov","A","B",-0.00203789791733221,0.00177604867505583,-0.00864913906890716,0.00457334323424274,"normal_approximation:spectral_wls",""
8,20262800,"supergnova_cov","region","region","region019","cov","A","B",-0.000522665921499478,0.00178749400526514,-0.00630464144649084,0.00525930960349188,"normal_approximation:spectral_wls",""
8,20262800,"supergnova_cov","region","region","region020","cov","A","B",0.00318285858291405,0.000495378867938409,-0.00336442554162459,0.00973014270745268,"normal_approximation:spectral_wls",""
8,20262800,"supergnova_cov","region","region","region001","cov","A","C",0.0457746413719118,0.0471539362116643,0.029695458249023,0.0618538244948006,"normal_approximation:spectral_wls",""
8,20262800,"supergnova_cov","region","region","region002","cov","A","C",-0.00187555275342112,7.16434202647657e-37,-0.0209138615567594,0.0171627560499171,"normal_approximation:spectral_wls",""
8,20262800,"supergnova_cov","region","region","region003","cov","A","C",-0.00373503687409075,0.00206020173582944,-0.0103183844761594,0.00284831072797785,"normal_approximation:spectral_wls",""
8,20262800,"supergnova_cov","region","region","region004","cov","A","C",-0.000441032723184417,0.000775629549730809,-0.00585613420418826,0.00497406875781943,"normal_approximation:spectral_wls",""
8,20262800,"supergnova_cov","region","region","region005","cov","A","C",0.000844635612072973,0.00232913206452691,-0.00445485032207997,0.00614412154622591,"normal_approximation:spectral_wls",""
8,20262800,"supergnova_cov","region","region","region006","cov","A","C",0.00275315914968961,0.000346330751005864,-0.00199381507578441,0.00750013337516363,"normal_approximation:spectral_wls",""
8,20262800,"supergnova_cov","region","region","region007","cov","A","C",0.00721294529735185,0.00381950521043278,-2.00193929441109e-06,0.0144278925339981,"normal_approximation:spectral_wls",""
8,20262800,"supergnova_cov","region","region","region008","cov","A","C",0.00230482283669289,0.00111895354559716,-0.00472632265292334,0.00933596832630912,"normal_approximation:spectral_wls",""
8,20262800,"supergnova_cov","region","region","region009","cov","A","C",0.00204705864568707,0.000398665643795412,-0.00440817002189612,0.00850228731327025,"normal_approximation:spectral_wls",""
8,20262800,"supergnova_cov","region","region","region010","cov","A","C",-0.00124166174328807,0.00259837209435873,-0.00784593390879997,0.00536261042222384,"normal_approximation:spectral_wls",""
8,20262800,"supergnova_cov","region","region","region011","cov","A","C",0.00483796159418754,0.00175000691575705,-0.00107641456051348,0.0107523377488885,"normal_approximation:spectral_wls",""
8,20262800,"supergnova_cov","region","region","region012","cov","A","C",0.000886314630127095,0.00245477092374203,-0.00656484409685747,0.00833747335711166,"normal_approximation:spectral_wls",""
8,20262800,"supergnova_cov","region","region","region013","cov","A","C",-0.00332545694004353,0.000444534497191802,-0.01022090067825,0.00356998679816295,"normal_approximation:spectral_wls",""
8,20262800,"supergnova_cov","region","region","region014","cov","A","C",-0.00158969480106471,9.14594111469103e-05,-0.00665877510534603,0.0034793855032166,"normal_approximation:spectral_wls",""
8,20262800,"supergnova_cov","region","region","region015","cov","A","C",0.00212793517931622,0.000767497089390147,-0.00257249177097536,0.00682836212960781,"normal_approximation:spectral_wls",""
8,20262800,"supergnova_cov","region","region","region016","cov","A","C",-0.00324853404506095,0.00194319023047533,-0.00928074740867431,0.0027836793185524,"normal_approximation:spectral_wls",""
8,20262800,"supergnova_cov","region","region","region017","cov","A","C",0.00111937810463365,0.00114420304029603,-0.00434132893683338,0.00658008514610067,"normal_approximation:spectral_wls",""
8,20262800,"supergnova_cov","region","region","region018","cov","A","C",0.000941624100794595,0.00186955692025787,-0.00641439278308764,0.00829764098467683,"normal_approximation:spectral_wls",""
8,20262800,"supergnova_cov","region","region","region019","cov","A","C",-0.00151400537455043,0.00181856696994011,-0.00779353852425594,0.00476552777515509,"normal_approximation:spectral_wls",""
8,20262800,"supergnova_cov","region","region","region020","cov","A","C",-0.00370746443691062,0.000743478349800453,-0.0102453299210251,0.00283040104720392,"normal_approximation:spectral_wls",""
8,20262800,"supergnova_cov","region","region","region001","cov","B","C",0.0529667327638159,0.0561338471751848,0.0331549237072166,0.0727785418204153,"normal_approximation:spectral_wls",""
8,20262800,"supergnova_cov","region","region","region002","cov","B","C",0.0601639357076462,0.0561338471751848,0.0396794898423433,0.0806483815729491,"normal_approximation:spectral_wls",""
8,20262800,"supergnova_cov","region","region","region003","cov","B","C",0.00265179312703682,0.00206814031948549,-0.00357849344426684,0.00888207969834048,"normal_approximation:spectral_wls",""
8,20262800,"supergnova_cov","region","region","region004","cov","B","C",-0.00187982239803036,0.00128013421461641,-0.00846346178762986,0.00470381699156914,"normal_approximation:spectral_wls",""
8,20262800,"supergnova_cov","region","region","region005","cov","B","C",0.000990106235234566,0.00103843930541687,-0.00442613956309168,0.00640635203356081,"normal_approximation:spectral_wls",""
8,20262800,"supergnova_cov","region","region","region006","cov","B","C",-0.00139770777768973,0.000204265709355649,-0.00763535100301124,0.00483993544763177,"normal_approximation:spectral_wls",""
8,20262800,"supergnova_cov","region","region","region007","cov","B","C",0.00349367304711178,0.00314710244054823,-0.00230483104656997,0.00929217714079354,"normal_approximation:spectral_wls",""
8,20262800,"supergnova_cov","region","region","region008","cov","B","C",0.00382678377659353,0.00136802750471435,-0.00366725211026776,0.0113208196634548,"normal_approximation:spectral_wls",""
8,20262800,"supergnova_cov","region","region","region009","cov","B","C",0.0105234174338815,0.000527412609166207,0.00452173182530567,0.0165251030424573,"normal_approximation:spectral_wls",""
8,20262800,"supergnova_cov","region","region","region010","cov","B","C",0.00161360833138911,0.00262637407864143,-0.00437512019847825,0.00760233686125647,"normal_approximation:spectral_wls",""
8,20262800,"supergnova_cov","region","region","region011","cov","B","C",-0.00188502836353659,0.00099748966111366,-0.00741449309000472,0.00364443636293155,"normal_approximation:spectral_wls",""
8,20262800,"supergnova_cov","region","region","region012","cov","B","C",-0.000405084483200026,0.00358609110884114,-0.00733562334943982,0.00652545438303976,"normal_approximation:spectral_wls",""
8,20262800,"supergnova_cov","region","region","region013","cov","B","C",-0.000258807786859975,0.00043568872368907,-0.00626091460941371,0.00574329903569376,"normal_approximation:spectral_wls",""
8,20262800,"supergnova_cov","region","region","region014","cov","B","C",0.00208172697003298,0.000453099418441437,-0.00405210826854088,0.00821556220860685,"normal_approximation:spectral_wls",""
8,20262800,"supergnova_cov","region","region","region015","cov","B","C",-0.000579842168502403,0.00131374294288102,-0.0062691769459522,0.0051094926089474,"normal_approximation:spectral_wls",""
8,20262800,"supergnova_cov","region","region","region016","cov","B","C",0.000316746742348215,0.00200459059920055,-0.00582249931085943,0.00645599279555586,"normal_approximation:spectral_wls",""
8,20262800,"supergnova_cov","region","region","region017","cov","B","C",0.0010293786746222,0.00159450860119624,-0.0047940780819779,0.0068528354312223,"normal_approximation:spectral_wls",""
8,20262800,"supergnova_cov","region","region","region018","cov","B","C",0.00470912141353362,0.00183682771862465,-0.00195446423730069,0.0113727070643679,"normal_approximation:spectral_wls",""
8,20262800,"supergnova_cov","region","region","region019","cov","B","C",0.0100340957605748,0.00368358896868304,0.003488724231413,0.0165794672897366,"normal_approximation:spectral_wls",""
8,20262800,"supergnova_cov","region","region","region020","cov","B","C",0.000736845163244978,0.000436231421209649,-0.00579292230584117,0.00726661263233113,"normal_approximation:spectral_wls",""
8,20262800,"lava_cov","region","region","region001","cov","A","B",0.0465653246378884,0.0510602644845761,NA,NA,"unavailable","LAVA estimator uncertainty is not implemented; see separate trait-specific univariate test"
8,20262800,"lava_cov","region","region","region001","cov","A","C",0.0433895270125432,0.0471539362116643,NA,NA,"unavailable","LAVA estimator uncertainty is not implemented; see separate trait-specific univariate test"
8,20262800,"lava_cov","region","region","region001","cov","B","C",0.05375860318821,0.0561338471751848,NA,NA,"unavailable","LAVA estimator uncertainty is not implemented; see separate trait-specific univariate test"
8,20262800,"lava_cov","region","region","region002","cov","A","B",0.0129328692427518,7.75785073567978e-37,NA,NA,"unavailable","LAVA estimator uncertainty is not implemented; see separate trait-specific univariate test"
8,20262800,"lava_cov","region","region","region002","cov","A","C",-0.00183531547842258,7.16434202647657e-37,NA,NA,"unavailable","LAVA estimator uncertainty is not implemented; see separate trait-specific univariate test"
8,20262800,"lava_cov","region","region","region002","cov","B","C",0.0561792063991336,0.0561338471751848,NA,NA,"unavailable","LAVA estimator uncertainty is not implemented; see separate trait-specific univariate test"
8,20262800,"lava_cov","region","region","region003","cov","A","B",0.00599729307075611,0.00204472323877167,NA,NA,"unavailable","LAVA estimator uncertainty is not implemented; see separate trait-specific univariate test"
8,20262800,"lava_cov","region","region","region003","cov","A","C",-0.00267740201742181,0.00206020173582944,NA,NA,"unavailable","LAVA estimator uncertainty is not implemented; see separate trait-specific univariate test"
8,20262800,"lava_cov","region","region","region003","cov","B","C",0.00304406229562802,0.00206814031948549,NA,NA,"unavailable","LAVA estimator uncertainty is not implemented; see separate trait-specific univariate test"
8,20262800,"lava_cov","region","region","region004","cov","A","B",0.00081073202361769,0.000838380017934564,NA,NA,"unavailable","LAVA estimator uncertainty is not implemented; see separate trait-specific univariate test"
8,20262800,"lava_cov","region","region","region004","cov","A","C",-5.90395973587306e-06,0.000775629549730809,NA,NA,"unavailable","LAVA estimator uncertainty is not implemented; see separate trait-specific univariate test"
8,20262800,"lava_cov","region","region","region004","cov","B","C",-0.00241263952595647,0.00128013421461641,NA,NA,"unavailable","LAVA estimator uncertainty is not implemented; see separate trait-specific univariate test"
8,20262800,"lava_cov","region","region","region005","cov","A","B",0.0041152381608594,0.000727141701163993,NA,NA,"unavailable","LAVA estimator uncertainty is not implemented; see separate trait-specific univariate test"
8,20262800,"lava_cov","region","region","region005","cov","A","C",0.00430610730634879,0.00232913206452691,NA,NA,"unavailable","LAVA estimator uncertainty is not implemented; see separate trait-specific univariate test"
8,20262800,"lava_cov","region","region","region005","cov","B","C",0.00144531675561301,0.00103843930541687,NA,NA,"unavailable","LAVA estimator uncertainty is not implemented; see separate trait-specific univariate test"
8,20262800,"lava_cov","region","region","region006","cov","A","B",0.000677274630453904,0.000163808808276038,NA,NA,"unavailable","LAVA estimator uncertainty is not implemented; see separate trait-specific univariate test"
8,20262800,"lava_cov","region","region","region006","cov","A","C",0.00343124355296398,0.000346330751005864,NA,NA,"unavailable","LAVA estimator uncertainty is not implemented; see separate trait-specific univariate test"
8,20262800,"lava_cov","region","region","region006","cov","B","C",-0.00206566716826484,0.000204265709355649,NA,NA,"unavailable","LAVA estimator uncertainty is not implemented; see separate trait-specific univariate test"
8,20262800,"lava_cov","region","region","region007","cov","A","B",0.00597636354191248,0.00350120601692896,NA,NA,"unavailable","LAVA estimator uncertainty is not implemented; see separate trait-specific univariate test"
8,20262800,"lava_cov","region","region","region007","cov","A","C",0.00768032541207029,0.00381950521043278,NA,NA,"unavailable","LAVA estimator uncertainty is not implemented; see separate trait-specific univariate test"
8,20262800,"lava_cov","region","region","region007","cov","B","C",0.00336930869478114,0.00314710244054823,NA,NA,"unavailable","LAVA estimator uncertainty is not implemented; see separate trait-specific univariate test"
8,20262800,"lava_cov","region","region","region008","cov","A","B",0.00259848074269057,0.00265472042817151,NA,NA,"unavailable","LAVA estimator uncertainty is not implemented; see separate trait-specific univariate test"
8,20262800,"lava_cov","region","region","region008","cov","A","C",0.00340807495279424,0.00111895354559716,NA,NA,"unavailable","LAVA estimator uncertainty is not implemented; see separate trait-specific univariate test"
8,20262800,"lava_cov","region","region","region008","cov","B","C",0.00454251552117487,0.00136802750471435,NA,NA,"unavailable","LAVA estimator uncertainty is not implemented; see separate trait-specific univariate test"
8,20262800,"lava_cov","region","region","region009","cov","A","B",-0.00266593743585337,0.000609531416544014,NA,NA,"unavailable","LAVA estimator uncertainty is not implemented; see separate trait-specific univariate test"
8,20262800,"lava_cov","region","region","region009","cov","A","C",0.00317460507057905,0.000398665643795412,NA,NA,"unavailable","LAVA estimator uncertainty is not implemented; see separate trait-specific univariate test"
8,20262800,"lava_cov","region","region","region009","cov","B","C",0.0108729210398877,0.000527412609166207,NA,NA,"unavailable","LAVA estimator uncertainty is not implemented; see separate trait-specific univariate test"
8,20262800,"lava_cov","region","region","region010","cov","A","B",0.0032548503872239,0.00257532726103296,NA,NA,"unavailable","LAVA estimator uncertainty is not implemented; see separate trait-specific univariate test"
8,20262800,"lava_cov","region","region","region010","cov","A","C",-0.00133385506061401,0.00259837209435873,NA,NA,"unavailable","LAVA estimator uncertainty is not implemented; see separate trait-specific univariate test"
8,20262800,"lava_cov","region","region","region010","cov","B","C",0.00276940752624315,0.00262637407864143,NA,NA,"unavailable","LAVA estimator uncertainty is not implemented; see separate trait-specific univariate test"
8,20262800,"lava_cov","region","region","region011","cov","A","B",0.00993407001996431,0.00225144218284461,NA,NA,"unavailable","LAVA estimator uncertainty is not implemented; see separate trait-specific univariate test"
8,20262800,"lava_cov","region","region","region011","cov","A","C",0.00466934688935721,0.00175000691575705,NA,NA,"unavailable","LAVA estimator uncertainty is not implemented; see separate trait-specific univariate test"
8,20262800,"lava_cov","region","region","region011","cov","B","C",-0.00134553988755083,0.00099748966111366,NA,NA,"unavailable","LAVA estimator uncertainty is not implemented; see separate trait-specific univariate test"
8,20262800,"lava_cov","region","region","region012","cov","A","B",0.0118094851714469,0.00303771687466324,NA,NA,"unavailable","LAVA estimator uncertainty is not implemented; see separate trait-specific univariate test"
8,20262800,"lava_cov","region","region","region012","cov","A","C",-0.000362613242234029,0.00245477092374203,NA,NA,"unavailable","LAVA estimator uncertainty is not implemented; see separate trait-specific univariate test"
8,20262800,"lava_cov","region","region","region012","cov","B","C",-0.00143521532215664,0.00358609110884114,NA,NA,"unavailable","LAVA estimator uncertainty is not implemented; see separate trait-specific univariate test"
8,20262800,"lava_cov","region","region","region013","cov","A","B",-0.00746075087731072,0.00059935557951063,NA,NA,"unavailable","LAVA estimator uncertainty is not implemented; see separate trait-specific univariate test"
8,20262800,"lava_cov","region","region","region013","cov","A","C",-0.00353611614506,0.000444534497191802,NA,NA,"unavailable","LAVA estimator uncertainty is not implemented; see separate trait-specific univariate test"
8,20262800,"lava_cov","region","region","region013","cov","B","C",-0.000982554567885372,0.00043568872368907,NA,NA,"unavailable","LAVA estimator uncertainty is not implemented; see separate trait-specific univariate test"
8,20262800,"lava_cov","region","region","region014","cov","A","B",-0.00408102564314127,0.000103580009056078,NA,NA,"unavailable","LAVA estimator uncertainty is not implemented; see separate trait-specific univariate test"
8,20262800,"lava_cov","region","region","region014","cov","A","C",-0.00358741813790731,9.14594111469103e-05,NA,NA,"unavailable","LAVA estimator uncertainty is not implemented; see separate trait-specific univariate test"
8,20262800,"lava_cov","region","region","region014","cov","B","C",0.00291937863164909,0.000453099418441437,NA,NA,"unavailable","LAVA estimator uncertainty is not implemented; see separate trait-specific univariate test"
8,20262800,"lava_cov","region","region","region015","cov","A","B",-0.00315480074935389,0.000592580043493388,NA,NA,"unavailable","LAVA estimator uncertainty is not implemented; see separate trait-specific univariate test"
8,20262800,"lava_cov","region","region","region015","cov","A","C",0.00130131209058149,0.000767497089390147,NA,NA,"unavailable","LAVA estimator uncertainty is not implemented; see separate trait-specific univariate test"
8,20262800,"lava_cov","region","region","region015","cov","B","C",-0.000269276818843667,0.00131374294288102,NA,NA,"unavailable","LAVA estimator uncertainty is not implemented; see separate trait-specific univariate test"
8,20262800,"lava_cov","region","region","region016","cov","A","B",-0.00040106270261426,0.000997536950818946,NA,NA,"unavailable","LAVA estimator uncertainty is not implemented; see separate trait-specific univariate test"
8,20262800,"lava_cov","region","region","region016","cov","A","C",-0.00238679789661645,0.00194319023047533,NA,NA,"unavailable","LAVA estimator uncertainty is not implemented; see separate trait-specific univariate test"
8,20262800,"lava_cov","region","region","region016","cov","B","C",0.0022095611453232,0.00200459059920055,NA,NA,"unavailable","LAVA estimator uncertainty is not implemented; see separate trait-specific univariate test"
8,20262800,"lava_cov","region","region","region017","cov","A","B",0.00122514221010068,0.00153315863538582,NA,NA,"unavailable","LAVA estimator uncertainty is not implemented; see separate trait-specific univariate test"
8,20262800,"lava_cov","region","region","region017","cov","A","C",0.00268443071708736,0.00114420304029603,NA,NA,"unavailable","LAVA estimator uncertainty is not implemented; see separate trait-specific univariate test"
8,20262800,"lava_cov","region","region","region017","cov","B","C",-0.000454875374648455,0.00159450860119624,NA,NA,"unavailable","LAVA estimator uncertainty is not implemented; see separate trait-specific univariate test"
8,20262800,"lava_cov","region","region","region018","cov","A","B",-0.00388364139154192,0.00177604867505583,NA,NA,"unavailable","LAVA estimator uncertainty is not implemented; see separate trait-specific univariate test"
8,20262800,"lava_cov","region","region","region018","cov","A","C",0.00102796175066728,0.00186955692025787,NA,NA,"unavailable","LAVA estimator uncertainty is not implemented; see separate trait-specific univariate test"
8,20262800,"lava_cov","region","region","region018","cov","B","C",0.00550925729299285,0.00183682771862465,NA,NA,"unavailable","LAVA estimator uncertainty is not implemented; see separate trait-specific univariate test"
8,20262800,"lava_cov","region","region","region019","cov","A","B",-0.000190553377101644,0.00178749400526514,NA,NA,"unavailable","LAVA estimator uncertainty is not implemented; see separate trait-specific univariate test"
8,20262800,"lava_cov","region","region","region019","cov","A","C",-0.00276769266149967,0.00181856696994011,NA,NA,"unavailable","LAVA estimator uncertainty is not implemented; see separate trait-specific univariate test"
8,20262800,"lava_cov","region","region","region019","cov","B","C",0.00995215528651388,0.00368358896868304,NA,NA,"unavailable","LAVA estimator uncertainty is not implemented; see separate trait-specific univariate test"
8,20262800,"lava_cov","region","region","region020","cov","A","B",0.00451343571640484,0.000495378867938409,NA,NA,"unavailable","LAVA estimator uncertainty is not implemented; see separate trait-specific univariate test"
8,20262800,"lava_cov","region","region","region020","cov","A","C",-0.00258819980454774,0.000743478349800453,NA,NA,"unavailable","LAVA estimator uncertainty is not implemented; see separate trait-specific univariate test"
8,20262800,"lava_cov","region","region","region020","cov","B","C",-0.000182781798159467,0.000436231421209649,NA,NA,"unavailable","LAVA estimator uncertainty is not implemented; see separate trait-specific univariate test"
8,20262800,"ldsc_annotation_h2","reference","all",NA,"h2","A",NA,0.255042502313048,0.301231624829598,0.057822023888261,0.452262980737836,"normal_approximation:block_jackknife",""
8,20262800,"ldsc_annotation_h2","annotation_category","enriched",NA,"h2","A",NA,0.249573384946675,0.21544867162747,0.100941667400755,0.398205102492594,"normal_approximation:block_jackknife",""
8,20262800,"ldsc_annotation_h2","annotation_category","background",NA,"h2","A",NA,0.00546911736637374,0.0857829532021286,-0.124163169303401,0.135101404036148,"normal_approximation:block_jackknife",""
8,20262800,"ldsc_annotation_h2","reference","all",NA,"h2","B",NA,0.324520727489364,0.399046660342894,0.117173800240075,0.531867654738654,"normal_approximation:block_jackknife",""
8,20262800,"ldsc_annotation_h2","annotation_category","enriched",NA,"h2","B",NA,0.257360092668677,0.29917530417882,0.0977001058983262,0.417020079439028,"normal_approximation:block_jackknife",""
8,20262800,"ldsc_annotation_h2","annotation_category","background",NA,"h2","B",NA,0.0671606348206873,0.0998713561640742,-0.0651323614852906,0.199453631126665,"normal_approximation:block_jackknife",""
8,20262800,"ldsc_annotation_h2","reference","all",NA,"h2","C",NA,0.298545169609534,0.349054446844244,0.0756948581839643,0.521395481035104,"normal_approximation:block_jackknife",""
8,20262800,"ldsc_annotation_h2","annotation_category","enriched",NA,"h2","C",NA,0.200471210406629,0.255898553420378,0.0263728218450325,0.374569598968226,"normal_approximation:block_jackknife",""
8,20262800,"ldsc_annotation_h2","annotation_category","background",NA,"h2","C",NA,0.0980739592029048,0.0931558934238657,-0.0410375514530387,0.237185469858848,"normal_approximation:block_jackknife",""
8,20262800,"ldsc_annotation_rg","reference","all",NA,"rg","A","B",0.704468935667946,0.59289986066285,0.171798147184745,1.23713972415115,"normal_approximation:block_jackknife",""
8,20262800,"ldsc_annotation_rg","annotation_category","enriched",NA,"rg","A","B",0.668781796044,0.573533592384112,0.270696696753261,1.06686689533474,"normal_approximation:block_jackknife",""
8,20262800,"ldsc_annotation_rg","annotation_category","background",NA,"rg","A","B",1.73104371361346,0.647707555103172,NA,NA,"unavailable","a delete-block genetic correlation is undefined"
8,20262800,"ldsc_annotation_rg","reference","all",NA,"rg","A","C",0.828375471244559,0.590520255524892,0.144811605617846,1.51193933687127,"normal_approximation:block_jackknife",""
8,20262800,"ldsc_annotation_rg","annotation_category","enriched",NA,"rg","A","C",0.463736308637197,0.57637656591205,-0.0589799560931855,0.986452573367579,"normal_approximation:block_jackknife",""
8,20262800,"ldsc_annotation_rg","annotation_category","background",NA,"rg","A","C",5.39088904094921,0.628099870318212,NA,NA,"unavailable","a delete-block genetic correlation is undefined"
8,20262800,"ldsc_annotation_rg","reference","all",NA,"rg","B","C",0.712012448597229,0.723421564819818,0.250227527364406,1.17379736983005,"normal_approximation:block_jackknife",""
8,20262800,"ldsc_annotation_rg","annotation_category","enriched",NA,"rg","B","C",0.961861273859426,0.762372156377264,0.648330718193222,1.27539182952563,"normal_approximation:block_jackknife",""
8,20262800,"ldsc_annotation_rg","annotation_category","background",NA,"rg","B","C",0.0387367522242663,0.612190968261001,-1.13120941749802,1.20868292194655,"normal_approximation:block_jackknife",""
8,20262800,"bayesc","reference","all",NA,"h2","A",NA,0.311763525431833,0.301231624829598,0.281819720052529,0.343754135267646,"conditional_equal_tailed_posterior",""
8,20262800,"bayesr","reference","all",NA,"h2","A",NA,0.307867036352592,0.301231624829598,0.266720785865365,0.351254841417015,"conditional_equal_tailed_posterior",""
9,20262900,"ldsc_h2","reference","all",NA,"h2","A",NA,0.233128751683408,0.300622215593296,0.0733541385513645,0.392903364815451,"normal_approximation:block_jackknife",""
9,20262900,"ldsc_h2","reference","all",NA,"h2","B",NA,0.236337052381091,0.400713965629003,0.0533914677248947,0.419282637037288,"normal_approximation:block_jackknife",""
9,20262900,"ldsc_h2","reference","all",NA,"h2","C",NA,0.158867377608645,0.352297094974752,-0.0186243834314445,0.336359138648735,"normal_approximation:block_jackknife",""
9,20262900,"ldsc_rg","reference","all",NA,"rg","A","B",0.704391481712132,0.568339402202298,0.159687120362314,1.24909584306195,"normal_approximation:block_jackknife",""
9,20262900,"ldsc_rg","reference","all",NA,"rg","A","C",0.804966121472917,0.58525862292835,0.0898113398174774,1.52012090312836,"normal_approximation:block_jackknife",""
9,20262900,"ldsc_rg","reference","all",NA,"rg","B","C",0.400942568611576,0.718302170003633,-0.27929208357628,1.08117722079943,"normal_approximation:block_jackknife",""
9,20262900,"gnova_h2","reference","all",NA,"h2","A",NA,0.22951291192877,0.300622215593296,0.0711495540511557,0.387876269806384,"normal_approximation:block_jackknife",""
9,20262900,"gnova_h2","reference","all",NA,"h2","B",NA,0.226205409144781,0.400713965629003,0.0472193490159123,0.405191469273649,"normal_approximation:block_jackknife",""
9,20262900,"gnova_h2","reference","all",NA,"h2","C",NA,0.155202917877967,0.352297094974752,-0.0207689471993737,0.331174782955307,"normal_approximation:block_jackknife",""
9,20262900,"gnova_rg","reference","all",NA,"rg","A","B",0.722636591869369,0.568339402202298,0.157995694228171,1.28727748951057,"normal_approximation:block_jackknife",""
9,20262900,"gnova_rg","reference","all",NA,"rg","A","C",0.80392860406481,0.58525862292835,0.0749414867979864,1.53291572133163,"normal_approximation:block_jackknife",""
9,20262900,"gnova_rg","reference","all",NA,"rg","B","C",0.404486414163335,0.718302170003633,-0.292538840891018,1.10151166921769,"normal_approximation:block_jackknife",""
9,20262900,"sumher_h2","reference","all",NA,"h2","A",NA,0.23312876378923,0.300622215593296,0.0733541475382066,0.392903380040254,"normal_approximation:fixed_weight_block_jackknife",""
9,20262900,"sumher_h2","reference","all",NA,"h2","B",NA,0.236337769319489,0.400713965629003,0.0533920073182778,0.4192835313207,"normal_approximation:fixed_weight_block_jackknife",""
9,20262900,"sumher_h2","reference","all",NA,"h2","C",NA,0.158867419458621,0.352297094974752,-0.0186243525721324,0.336359191489374,"normal_approximation:fixed_weight_block_jackknife",""
9,20262900,"sumher_rg","reference","all",NA,"rg","A","B",0.70439039987619,0.568339402202298,0.159687160126763,1.24909363962562,"normal_approximation:fixed_weight_block_jackknife",""
9,20262900,"sumher_rg","reference","all",NA,"rg","A","C",0.804965996753642,0.58525862292835,0.0898113957904217,1.52012059771686,"normal_approximation:fixed_weight_block_jackknife",""
9,20262900,"sumher_rg","reference","all",NA,"rg","B","C",0.400941926236442,0.718302170003633,-0.279291536613186,1.08117538908607,"normal_approximation:fixed_weight_block_jackknife",""
9,20262900,"hess_cov","region","region","region001","cov","A","B",0.0489341494582248,0.0496687015837664,0.035497835221711,0.0623704636947387,"normal_approximation:conditional_gaussian_plugin_delta",""
9,20262900,"hess_cov","region","region","region002","cov","A","B",0.00758769447465771,7.54642336876803e-37,-0.00476462183994954,0.0199400107892649,"normal_approximation:conditional_gaussian_plugin_delta",""
9,20262900,"hess_cov","region","region","region003","cov","A","B",0.000589295545597034,0.00250099143909313,NA,NA,"unavailable","HESS joint uncertainty requires positive semidefinite plug-in genetic and residual matrices"
9,20262900,"hess_cov","region","region","region004","cov","A","B",-0.00347798083246671,0.00100606688805025,-0.0117679871270717,0.0048120254621383,"normal_approximation:conditional_gaussian_plugin_delta",""
9,20262900,"hess_cov","region","region","region005","cov","A","B",0.00326265525924549,0.002359673154242,NA,NA,"unavailable","HESS joint uncertainty requires positive semidefinite plug-in genetic and residual matrices"
9,20262900,"hess_cov","region","region","region006","cov","A","B",0.000674502567521659,0.000618614635944075,-0.00651191505806005,0.00786092019310337,"normal_approximation:conditional_gaussian_plugin_delta",""
9,20262900,"hess_cov","region","region","region007","cov","A","B",0.00189405883150885,0.000855396998480558,NA,NA,"unavailable","HESS joint uncertainty requires positive semidefinite plug-in genetic and residual matrices"
9,20262900,"hess_cov","region","region","region008","cov","A","B",-0.00377156576532135,0.000297743255941482,NA,NA,"unavailable","HESS joint uncertainty requires positive semidefinite plug-in genetic and residual matrices"
9,20262900,"hess_cov","region","region","region009","cov","A","B",0.00632419701532943,0.00018753958372581,NA,NA,"unavailable","HESS joint uncertainty requires positive semidefinite plug-in genetic and residual matrices"
9,20262900,"hess_cov","region","region","region010","cov","A","B",0.00719685984468725,0.000219098444521556,NA,NA,"unavailable","HESS joint uncertainty requires positive semidefinite plug-in genetic and residual matrices"
9,20262900,"hess_cov","region","region","region011","cov","A","B",0.000756218785584385,0.000159375038547681,NA,NA,"unavailable","HESS joint uncertainty requires positive semidefinite plug-in genetic and residual matrices"
9,20262900,"hess_cov","region","region","region012","cov","A","B",-0.00271901245723388,-0.000273099063538565,-0.0100786369042619,0.0046406119897941,"normal_approximation:conditional_gaussian_plugin_delta",""
9,20262900,"hess_cov","region","region","region013","cov","A","B",-0.00347602299551532,0.000611180306914607,NA,NA,"unavailable","HESS joint uncertainty requires positive semidefinite plug-in genetic and residual matrices"
9,20262900,"hess_cov","region","region","region014","cov","A","B",-0.00374221813338378,0.00136414291474782,-0.0111589236420643,0.00367448737529673,"normal_approximation:conditional_gaussian_plugin_delta",""
9,20262900,"hess_cov","region","region","region015","cov","A","B",-0.00123960235988573,0.00116744492991079,-0.00986151619803529,0.00738231147826383,"normal_approximation:conditional_gaussian_plugin_delta",""
9,20262900,"hess_cov","region","region","region016","cov","A","B",0.00612098245837356,0.000986550030539101,NA,NA,"unavailable","HESS joint uncertainty requires positive semidefinite plug-in genetic and residual matrices"
9,20262900,"hess_cov","region","region","region017","cov","A","B",0.00620566278701577,0.00150860227955391,NA,NA,"unavailable","HESS joint uncertainty requires positive semidefinite plug-in genetic and residual matrices"
9,20262900,"hess_cov","region","region","region018","cov","A","B",0.00330730976604512,0.00329462204264565,NA,NA,"unavailable","HESS joint uncertainty requires positive semidefinite plug-in genetic and residual matrices"
9,20262900,"hess_cov","region","region","region019","cov","A","B",0.00154357397083533,0.00218168724459295,-0.00580396349107005,0.00889111143274071,"normal_approximation:conditional_gaussian_plugin_delta",""
9,20262900,"hess_cov","region","region","region020","cov","A","B",0.00165556208563476,-0.000872584958644186,NA,NA,"unavailable","HESS joint uncertainty requires positive semidefinite plug-in genetic and residual matrices"
9,20262900,"hess_cov","region","region","region001","cov","A","C",0.0450402184299731,0.0472400884937194,0.0323244557776085,0.0577559810823378,"normal_approximation:conditional_gaussian_plugin_delta",""
9,20262900,"hess_cov","region","region","region002","cov","A","C",0.00404913846237932,7.17743158939733e-37,-0.00704273199018692,0.0151410089149456,"normal_approximation:conditional_gaussian_plugin_delta",""
9,20262900,"hess_cov","region","region","region003","cov","A","C",0.000702302276325116,0.00287424836329209,-0.00729352425965226,0.00869812881230249,"normal_approximation:conditional_gaussian_plugin_delta",""
9,20262900,"hess_cov","region","region","region004","cov","A","C",0.00366370976556606,0.000753538896820232,-0.00493426835563163,0.0122616878867637,"normal_approximation:conditional_gaussian_plugin_delta",""
9,20262900,"hess_cov","region","region","region005","cov","A","C",0.000740559541516817,0.00336767702248401,-0.00596572763601951,0.00744684671905314,"normal_approximation:conditional_gaussian_plugin_delta",""
9,20262900,"hess_cov","region","region","region006","cov","A","C",-0.00275114387877588,0.00107012726474224,-0.0102207864860193,0.00471849872846757,"normal_approximation:conditional_gaussian_plugin_delta",""
9,20262900,"hess_cov","region","region","region007","cov","A","C",0.000262875846277306,0.000551570452616311,NA,NA,"unavailable","HESS joint uncertainty requires positive semidefinite plug-in genetic and residual matrices"
9,20262900,"hess_cov","region","region","region008","cov","A","C",0.00195461914377781,0.000370055691595205,NA,NA,"unavailable","HESS joint uncertainty requires positive semidefinite plug-in genetic and residual matrices"
9,20262900,"hess_cov","region","region","region009","cov","A","C",-0.00275446149703416,0.000373207329259702,NA,NA,"unavailable","HESS joint uncertainty requires positive semidefinite plug-in genetic and residual matrices"
9,20262900,"hess_cov","region","region","region010","cov","A","C",-0.00337147943821258,0.000133064443060144,NA,NA,"unavailable","HESS joint uncertainty requires positive semidefinite plug-in genetic and residual matrices"
9,20262900,"hess_cov","region","region","region011","cov","A","C",0.00336403204511909,0.000323678588589691,NA,NA,"unavailable","HESS joint uncertainty requires positive semidefinite plug-in genetic and residual matrices"
9,20262900,"hess_cov","region","region","region012","cov","A","C",0.000377597841258624,-0.00015395324242652,NA,NA,"unavailable","HESS joint uncertainty requires positive semidefinite plug-in genetic and residual matrices"
9,20262900,"hess_cov","region","region","region013","cov","A","C",-0.00189759426657093,0.000899530489593864,NA,NA,"unavailable","HESS joint uncertainty requires positive semidefinite plug-in genetic and residual matrices"
9,20262900,"hess_cov","region","region","region014","cov","A","C",0.00182720133319406,0.00067497440032201,NA,NA,"unavailable","HESS joint uncertainty requires positive semidefinite plug-in genetic and residual matrices"
9,20262900,"hess_cov","region","region","region015","cov","A","C",-0.00370146732160601,0.00150862324840664,NA,NA,"unavailable","HESS joint uncertainty requires positive semidefinite plug-in genetic and residual matrices"
9,20262900,"hess_cov","region","region","region016","cov","A","C",-0.00136021909040997,0.00141343444226203,NA,NA,"unavailable","HESS joint uncertainty requires positive semidefinite plug-in genetic and residual matrices"
9,20262900,"hess_cov","region","region","region017","cov","A","C",0.00734358092300951,0.00112269740571703,NA,NA,"unavailable","HESS joint uncertainty requires positive semidefinite plug-in genetic and residual matrices"
9,20262900,"hess_cov","region","region","region018","cov","A","C",-0.000885146671623385,0.00264232816046725,-0.00924809691078269,0.00747780356753592,"normal_approximation:conditional_gaussian_plugin_delta",""
9,20262900,"hess_cov","region","region","region019","cov","A","C",0.00398017337416076,0.00210258727316889,NA,NA,"unavailable","HESS joint uncertainty requires positive semidefinite plug-in genetic and residual matrices"
9,20262900,"hess_cov","region","region","region020","cov","A","C",0.00121066371205394,0.000179264529640968,-0.00604672826208752,0.0084680556861954,"normal_approximation:conditional_gaussian_plugin_delta",""
9,20262900,"hess_cov","region","region","region001","cov","B","C",0.0626291640130744,0.0547268677032847,0.0487521741498383,0.0765061538763104,"normal_approximation:conditional_gaussian_plugin_delta",""
9,20262900,"hess_cov","region","region","region002","cov","B","C",0.0481336969777119,0.0547268677032847,NA,NA,"unavailable","HESS joint uncertainty requires positive semidefinite plug-in genetic and residual matrices"
9,20262900,"hess_cov","region","region","region003","cov","B","C",0.00375675737913214,0.00221477598044603,NA,NA,"unavailable","HESS joint uncertainty requires positive semidefinite plug-in genetic and residual matrices"
9,20262900,"hess_cov","region","region","region004","cov","B","C",0.00772273456921411,0.00143523441677303,NA,NA,"unavailable","HESS joint uncertainty requires positive semidefinite plug-in genetic and residual matrices"
9,20262900,"hess_cov","region","region","region005","cov","B","C",-0.00181877608208379,0.00253887555688705,NA,NA,"unavailable","HESS joint uncertainty requires positive semidefinite plug-in genetic and residual matrices"
9,20262900,"hess_cov","region","region","region006","cov","B","C",-0.000273503056306194,0.00123530188969519,-0.00766982384287772,0.00712281773026533,"normal_approximation:conditional_gaussian_plugin_delta",""
9,20262900,"hess_cov","region","region","region007","cov","B","C",-0.00440261669635484,0.00118538009037231,NA,NA,"unavailable","HESS joint uncertainty requires positive semidefinite plug-in genetic and residual matrices"
9,20262900,"hess_cov","region","region","region008","cov","B","C",0.000108097372843161,0.00091519763359865,NA,NA,"unavailable","HESS joint uncertainty requires positive semidefinite plug-in genetic and residual matrices"
9,20262900,"hess_cov","region","region","region009","cov","B","C",-0.000585138934262285,0.00121868023654756,NA,NA,"unavailable","HESS joint uncertainty requires positive semidefinite plug-in genetic and residual matrices"
9,20262900,"hess_cov","region","region","region010","cov","B","C",-0.00401533657996844,0.000251027284829396,NA,NA,"unavailable","HESS joint uncertainty requires positive semidefinite plug-in genetic and residual matrices"
9,20262900,"hess_cov","region","region","region011","cov","B","C",0.00128088514410818,0.000204858399958827,NA,NA,"unavailable","HESS joint uncertainty requires positive semidefinite plug-in genetic and residual matrices"
9,20262900,"hess_cov","region","region","region012","cov","B","C",0.000819515134068393,0.0004985706522741,NA,NA,"unavailable","HESS joint uncertainty requires positive semidefinite plug-in genetic and residual matrices"
9,20262900,"hess_cov","region","region","region013","cov","B","C",-0.00301947878743064,0.00068240357785399,NA,NA,"unavailable","HESS joint uncertainty requires positive semidefinite plug-in genetic and residual matrices"
9,20262900,"hess_cov","region","region","region014","cov","B","C",-0.00235718057179182,0.000819192856156227,NA,NA,"unavailable","HESS joint uncertainty requires positive semidefinite plug-in genetic and residual matrices"
9,20262900,"hess_cov","region","region","region015","cov","B","C",0.0051943055651907,0.000746903305604023,NA,NA,"unavailable","HESS joint uncertainty requires positive semidefinite plug-in genetic and residual matrices"
9,20262900,"hess_cov","region","region","region016","cov","B","C",-0.000571007877623072,0.00154496335677259,NA,NA,"unavailable","HESS joint uncertainty requires positive semidefinite plug-in genetic and residual matrices"
9,20262900,"hess_cov","region","region","region017","cov","B","C",0.000478898767888376,0.00192169553517393,NA,NA,"unavailable","HESS joint uncertainty requires positive semidefinite plug-in genetic and residual matrices"
9,20262900,"hess_cov","region","region","region018","cov","B","C",0.0013821651448782,0.00350966914173927,NA,NA,"unavailable","HESS joint uncertainty requires positive semidefinite plug-in genetic and residual matrices"
9,20262900,"hess_cov","region","region","region019","cov","B","C",-0.00267277509475574,0.00212366229522655,NA,NA,"unavailable","HESS joint uncertainty requires positive semidefinite plug-in genetic and residual matrices"
9,20262900,"hess_cov","region","region","region020","cov","B","C",0.00382164236822687,-1.44026972279238e-06,NA,NA,"unavailable","HESS joint uncertainty requires positive semidefinite plug-in genetic and residual matrices"
9,20262900,"supergnova_cov","region","region","region001","cov","A","B",0.040815039788186,0.0496687015837664,0.0220644756927135,0.0595656038836584,"normal_approximation:spectral_wls",""
9,20262900,"supergnova_cov","region","region","region002","cov","A","B",0.00251040857315855,7.54642336876803e-37,-0.0117358864719453,0.0167567036182624,"normal_approximation:spectral_wls",""
9,20262900,"supergnova_cov","region","region","region003","cov","A","B",-0.00052628711809619,0.00250099143909313,-0.00721852567651689,0.00616595144032451,"normal_approximation:spectral_wls",""
9,20262900,"supergnova_cov","region","region","region004","cov","A","B",-0.00328907074132474,0.00100606688805025,-0.0118732620457333,0.00529512056308379,"normal_approximation:spectral_wls",""
9,20262900,"supergnova_cov","region","region","region005","cov","A","B",0.00277218069452171,0.002359673154242,-0.00314787338656151,0.00869223477560494,"normal_approximation:spectral_wls",""
9,20262900,"supergnova_cov","region","region","region006","cov","A","B",0.00252458903027784,0.000618614635944075,-0.00354298970983231,0.00859216777038798,"normal_approximation:spectral_wls",""
9,20262900,"supergnova_cov","region","region","region007","cov","A","B",0.00172177064211337,0.000855396998480558,-0.00399819732993445,0.0074417386141612,"normal_approximation:spectral_wls",""
9,20262900,"supergnova_cov","region","region","region008","cov","A","B",-0.00323390031287401,0.000297743255941482,-0.0108237387152964,0.00435593808954839,"normal_approximation:spectral_wls",""
9,20262900,"supergnova_cov","region","region","region009","cov","A","B",0.00737013765428158,0.00018753958372581,0.00031474774207422,0.0144255275664889,"normal_approximation:spectral_wls",""
9,20262900,"supergnova_cov","region","region","region010","cov","A","B",0.00636878092759527,0.000219098444521556,-0.000314413959054614,0.0130519758142452,"normal_approximation:spectral_wls",""
9,20262900,"supergnova_cov","region","region","region011","cov","A","B",0.000502473662569222,0.000159375038547681,-0.00497107620805427,0.00597602353319271,"normal_approximation:spectral_wls",""
9,20262900,"supergnova_cov","region","region","region012","cov","A","B",-0.00205937690079574,-0.000273099063538565,-0.00830856446838782,0.00418981066679635,"normal_approximation:spectral_wls",""
9,20262900,"supergnova_cov","region","region","region013","cov","A","B",-0.00211865766657849,0.000611180306914607,-0.00772016957994402,0.00348285424678704,"normal_approximation:spectral_wls",""
9,20262900,"supergnova_cov","region","region","region014","cov","A","B",-0.00270650378732413,0.00136414291474782,-0.00959568569274344,0.00418267811809517,"normal_approximation:spectral_wls",""
9,20262900,"supergnova_cov","region","region","region015","cov","A","B",-0.000957198633780864,0.00116744492991079,-0.0099240557463317,0.00800965847876998,"normal_approximation:spectral_wls",""
9,20262900,"supergnova_cov","region","region","region016","cov","A","B",0.00231715769080157,0.000986550030539101,-0.00475254189469059,0.00938685727629374,"normal_approximation:spectral_wls",""
9,20262900,"supergnova_cov","region","region","region017","cov","A","B",0.00654075248008092,0.00150860227955391,0.00134623872126019,0.0117352662389016,"normal_approximation:spectral_wls",""
9,20262900,"supergnova_cov","region","region","region018","cov","A","B",0.00259009743283162,0.00329462204264565,-0.00361712591499224,0.00879732078065548,"normal_approximation:spectral_wls",""
9,20262900,"supergnova_cov","region","region","region019","cov","A","B",-0.00149151284983716,0.00218168724459295,-0.00849192961129157,0.00550890391161726,"normal_approximation:spectral_wls",""
9,20262900,"supergnova_cov","region","region","region020","cov","A","B",0.00351907791678108,-0.000872584958644186,-0.00225862347824787,0.00929677931181002,"normal_approximation:spectral_wls",""
9,20262900,"supergnova_cov","region","region","region001","cov","A","C",0.0447176378834948,0.0472400884937194,0.0298805799003898,0.0595546958665998,"normal_approximation:spectral_wls",""
9,20262900,"supergnova_cov","region","region","region002","cov","A","C",0.00139358530441484,7.17743158939733e-37,-0.0102656030994551,0.0130527737082848,"normal_approximation:spectral_wls",""
9,20262900,"supergnova_cov","region","region","region003","cov","A","C",-2.66533177642909e-05,0.00287424836329209,-0.00820076230340718,0.0081474556678786,"normal_approximation:spectral_wls",""
9,20262900,"supergnova_cov","region","region","region004","cov","A","C",0.00308533193885256,0.000753538896820232,-0.00486993460874147,0.0110405984864466,"normal_approximation:spectral_wls",""
9,20262900,"supergnova_cov","region","region","region005","cov","A","C",0.00111677752470382,0.00336767702248401,-0.00486838611430219,0.00710194116370982,"normal_approximation:spectral_wls",""
9,20262900,"supergnova_cov","region","region","region006","cov","A","C",-0.00381747449470018,0.00107012726474224,-0.0114365125656142,0.00380156357621387,"normal_approximation:spectral_wls",""
9,20262900,"supergnova_cov","region","region","region007","cov","A","C",0.0011052690276999,0.000551570452616311,-0.00455748110252892,0.00676801915792873,"normal_approximation:spectral_wls",""
9,20262900,"supergnova_cov","region","region","region008","cov","A","C",0.00156961776888546,0.000370055691595205,-0.00298930379233147,0.00612853933010239,"normal_approximation:spectral_wls",""
9,20262900,"supergnova_cov","region","region","region009","cov","A","C",-0.0034649889893729,0.000373207329259702,-0.00959335284553558,0.00266337486678978,"normal_approximation:spectral_wls",""
9,20262900,"supergnova_cov","region","region","region010","cov","A","C",-0.000798307323464655,0.000133064443060144,-0.00643405196205419,0.00483743731512488,"normal_approximation:spectral_wls",""
9,20262900,"supergnova_cov","region","region","region011","cov","A","C",0.00440138231360431,0.000323678588589691,-0.0011161556766208,0.00991892030382942,"normal_approximation:spectral_wls",""
9,20262900,"supergnova_cov","region","region","region012","cov","A","C",0.00176243034379628,-0.00015395324242652,-0.00401705720054435,0.00754191788813691,"normal_approximation:spectral_wls",""
9,20262900,"supergnova_cov","region","region","region013","cov","A","C",-0.00207398530134202,0.000899530489593864,-0.00838742385161101,0.00423945324892696,"normal_approximation:spectral_wls",""
9,20262900,"supergnova_cov","region","region","region014","cov","A","C",0.000295637706715454,0.00067497440032201,-0.00716673845702094,0.00775801387045184,"normal_approximation:spectral_wls",""
9,20262900,"supergnova_cov","region","region","region015","cov","A","C",-0.00261427012018901,0.00150862324840664,-0.0103679162546876,0.00513937601430963,"normal_approximation:spectral_wls",""
9,20262900,"supergnova_cov","region","region","region016","cov","A","C",0.000757557840630952,0.00141343444226203,-0.004616179597444,0.00613129527870591,"normal_approximation:spectral_wls",""
9,20262900,"supergnova_cov","region","region","region017","cov","A","C",0.0060548452270734,0.00112269740571703,-0.000221574778051569,0.0123312652321984,"normal_approximation:spectral_wls",""
9,20262900,"supergnova_cov","region","region","region018","cov","A","C",-0.00143293939971724,0.00264232816046725,-0.00972005055189097,0.0068541717524565,"normal_approximation:spectral_wls",""
9,20262900,"supergnova_cov","region","region","region019","cov","A","C",0.00275357286812044,0.00210258727316889,-0.00310857312662089,0.00861571886286178,"normal_approximation:spectral_wls",""
9,20262900,"supergnova_cov","region","region","region020","cov","A","C",0.0024090826991321,0.000179264529640968,-0.00354368026792,0.0083618456661842,"normal_approximation:spectral_wls",""
9,20262900,"supergnova_cov","region","region","region001","cov","B","C",0.0578121191421097,0.0547268677032847,0.0368574324640191,0.0787668058202002,"normal_approximation:spectral_wls",""
9,20262900,"supergnova_cov","region","region","region002","cov","B","C",0.0382924386989372,0.0547268677032847,0.0217411466817531,0.0548437307161213,"normal_approximation:spectral_wls",""
9,20262900,"supergnova_cov","region","region","region003","cov","B","C",0.00794122789905187,0.00221477598044603,0.000639083681531216,0.0152433721165725,"normal_approximation:spectral_wls",""
9,20262900,"supergnova_cov","region","region","region004","cov","B","C",0.00778674633184239,0.00143523441677303,0.00105196889727063,0.0145215237664142,"normal_approximation:spectral_wls",""
9,20262900,"supergnova_cov","region","region","region005","cov","B","C",-0.000601990582915929,0.00253887555688705,-0.00773314917966641,0.00652916801383455,"normal_approximation:spectral_wls",""
9,20262900,"supergnova_cov","region","region","region006","cov","B","C",0.000575971783081489,0.00123530188969519,-0.00553616484723823,0.00668810841340121,"normal_approximation:spectral_wls",""
9,20262900,"supergnova_cov","region","region","region007","cov","B","C",-0.00356234080933738,0.00118538009037231,-0.00888123439374354,0.00175655277506878,"normal_approximation:spectral_wls",""
9,20262900,"supergnova_cov","region","region","region008","cov","B","C",0.000412535828011498,0.00091519763359865,-0.00419956626795534,0.00502463792397833,"normal_approximation:spectral_wls",""
9,20262900,"supergnova_cov","region","region","region009","cov","B","C",-0.000864278430231652,0.00121868023654756,-0.00605310312208635,0.00432454626162304,"normal_approximation:spectral_wls",""
9,20262900,"supergnova_cov","region","region","region010","cov","B","C",-0.00258501255322237,0.000251027284829396,-0.00849629016601017,0.00332626505956542,"normal_approximation:spectral_wls",""
9,20262900,"supergnova_cov","region","region","region011","cov","B","C",0.00234075402855142,0.000204858399958827,-0.00451165053593143,0.00919315859303427,"normal_approximation:spectral_wls",""
9,20262900,"supergnova_cov","region","region","region012","cov","B","C",0.000385931612777013,0.0004985706522741,-0.00543621963526859,0.00620808286082261,"normal_approximation:spectral_wls",""
9,20262900,"supergnova_cov","region","region","region013","cov","B","C",-0.002358175830977,0.00068240357785399,-0.00850810481955076,0.00379175315759676,"normal_approximation:spectral_wls",""
9,20262900,"supergnova_cov","region","region","region014","cov","B","C",-0.000388211545876724,0.000819192856156227,-0.00674239590770337,0.00596597281594992,"normal_approximation:spectral_wls",""
9,20262900,"supergnova_cov","region","region","region015","cov","B","C",0.00638016429100462,0.000746903305604023,0.000562569648526056,0.0121977589334832,"normal_approximation:spectral_wls",""
9,20262900,"supergnova_cov","region","region","region016","cov","B","C",0.000607548490346432,0.00154496335677259,-0.00595003376619046,0.00716513074688332,"normal_approximation:spectral_wls",""
9,20262900,"supergnova_cov","region","region","region017","cov","B","C",-0.000171318402306258,0.00192169553517393,-0.00682422992693186,0.00648159312231935,"normal_approximation:spectral_wls",""
9,20262900,"supergnova_cov","region","region","region018","cov","B","C",0.00175426378253935,0.00350966914173927,-0.0062089813250328,0.0097175088901115,"normal_approximation:spectral_wls",""
9,20262900,"supergnova_cov","region","region","region019","cov","B","C",-0.00348584780296429,0.00212366229522655,-0.0108246391338809,0.00385294352795231,"normal_approximation:spectral_wls",""
9,20262900,"supergnova_cov","region","region","region020","cov","B","C",0.00309245904809157,-1.44026972279238e-06,-0.00230807678055065,0.00849299487673379,"normal_approximation:spectral_wls",""
9,20262900,"lava_cov","region","region","region001","cov","A","B",0.0466249125492798,0.0496687015837664,NA,NA,"unavailable","LAVA estimator uncertainty is not implemented; see separate trait-specific univariate test"
9,20262900,"lava_cov","region","region","region001","cov","A","C",0.0428301285254711,0.0472400884937194,NA,NA,"unavailable","LAVA estimator uncertainty is not implemented; see separate trait-specific univariate test"
9,20262900,"lava_cov","region","region","region001","cov","B","C",0.0592610545514816,0.0547268677032847,NA,NA,"unavailable","LAVA estimator uncertainty is not implemented; see separate trait-specific univariate test"
9,20262900,"lava_cov","region","region","region002","cov","A","B",0.0074163157432576,7.54642336876803e-37,NA,NA,"unavailable","LAVA estimator uncertainty is not implemented; see separate trait-specific univariate test"
9,20262900,"lava_cov","region","region","region002","cov","A","C",0.00392841256397564,7.17743158939733e-37,NA,NA,"unavailable","LAVA estimator uncertainty is not implemented; see separate trait-specific univariate test"
9,20262900,"lava_cov","region","region","region002","cov","B","C",0.0458901702142036,0.0547268677032847,NA,NA,"unavailable","LAVA estimator uncertainty is not implemented; see separate trait-specific univariate test"
9,20262900,"lava_cov","region","region","region003","cov","A","B",0.000586752627217495,0.00250099143909313,NA,NA,"unavailable","LAVA estimator uncertainty is not implemented; see separate trait-specific univariate test"
9,20262900,"lava_cov","region","region","region003","cov","A","C",0.000697671187464676,0.00287424836329209,NA,NA,"unavailable","LAVA estimator uncertainty is not implemented; see separate trait-specific univariate test"
9,20262900,"lava_cov","region","region","region003","cov","B","C",0.00375517511908289,0.00221477598044603,NA,NA,"unavailable","LAVA estimator uncertainty is not implemented; see separate trait-specific univariate test"
9,20262900,"lava_cov","region","region","region004","cov","A","B",-0.00346145231390754,0.00100606688805025,NA,NA,"unavailable","LAVA estimator uncertainty is not implemented; see separate trait-specific univariate test"
9,20262900,"lava_cov","region","region","region004","cov","A","C",0.0036659498570344,0.000753538896820232,NA,NA,"unavailable","LAVA estimator uncertainty is not implemented; see separate trait-specific univariate test"
9,20262900,"lava_cov","region","region","region004","cov","B","C",0.0077060326136068,0.00143523441677303,NA,NA,"unavailable","LAVA estimator uncertainty is not implemented; see separate trait-specific univariate test"
9,20262900,"lava_cov","region","region","region005","cov","A","B",0.00326054508490254,0.002359673154242,NA,NA,"unavailable","LAVA estimator uncertainty is not implemented; see separate trait-specific univariate test"
9,20262900,"lava_cov","region","region","region005","cov","A","C",0.000736911385291711,0.00336767702248401,NA,NA,"unavailable","LAVA estimator uncertainty is not implemented; see separate trait-specific univariate test"
9,20262900,"lava_cov","region","region","region005","cov","B","C",-0.00181345720758368,0.00253887555688705,NA,NA,"unavailable","LAVA estimator uncertainty is not implemented; see separate trait-specific univariate test"
9,20262900,"lava_cov","region","region","region006","cov","A","B",0.000673536804860083,0.000618614635944075,NA,NA,"unavailable","LAVA estimator uncertainty is not implemented; see separate trait-specific univariate test"
9,20262900,"lava_cov","region","region","region006","cov","A","C",-0.00275129960104046,0.00107012726474224,NA,NA,"unavailable","LAVA estimator uncertainty is not implemented; see separate trait-specific univariate test"
9,20262900,"lava_cov","region","region","region006","cov","B","C",-0.000274905741609933,0.00123530188969519,NA,NA,"unavailable","LAVA estimator uncertainty is not implemented; see separate trait-specific univariate test"
9,20262900,"lava_cov","region","region","region007","cov","A","B",0.00189244835692986,0.000855396998480558,NA,NA,"unavailable","LAVA estimator uncertainty is not implemented; see separate trait-specific univariate test"
9,20262900,"lava_cov","region","region","region007","cov","A","C",0.000262203254084055,0.000551570452616311,NA,NA,"unavailable","LAVA estimator uncertainty is not implemented; see separate trait-specific univariate test"
9,20262900,"lava_cov","region","region","region007","cov","B","C",-0.00440142109548618,0.00118538009037231,NA,NA,"unavailable","LAVA estimator uncertainty is not implemented; see separate trait-specific univariate test"
9,20262900,"lava_cov","region","region","region008","cov","A","B",-0.00377255761731395,0.000297743255941482,NA,NA,"unavailable","LAVA estimator uncertainty is not implemented; see separate trait-specific univariate test"
9,20262900,"lava_cov","region","region","region008","cov","A","C",0.00195407918040333,0.000370055691595205,NA,NA,"unavailable","LAVA estimator uncertainty is not implemented; see separate trait-specific univariate test"
9,20262900,"lava_cov","region","region","region008","cov","B","C",0.00010715706423808,0.00091519763359865,NA,NA,"unavailable","LAVA estimator uncertainty is not implemented; see separate trait-specific univariate test"
9,20262900,"lava_cov","region","region","region009","cov","A","B",0.00632085873282482,0.00018753958372581,NA,NA,"unavailable","LAVA estimator uncertainty is not implemented; see separate trait-specific univariate test"
9,20262900,"lava_cov","region","region","region009","cov","A","C",-0.00275274397100818,0.000373207329259702,NA,NA,"unavailable","LAVA estimator uncertainty is not implemented; see separate trait-specific univariate test"
9,20262900,"lava_cov","region","region","region009","cov","B","C",-0.000585514384630571,0.00121868023654756,NA,NA,"unavailable","LAVA estimator uncertainty is not implemented; see separate trait-specific univariate test"
9,20262900,"lava_cov","region","region","region010","cov","A","B",0.00720097871988188,0.000219098444521556,NA,NA,"unavailable","LAVA estimator uncertainty is not implemented; see separate trait-specific univariate test"
9,20262900,"lava_cov","region","region","region010","cov","A","C",-0.00337259020365546,0.000133064443060144,NA,NA,"unavailable","LAVA estimator uncertainty is not implemented; see separate trait-specific univariate test"
9,20262900,"lava_cov","region","region","region010","cov","B","C",-0.00402178149995963,0.000251027284829396,NA,NA,"unavailable","LAVA estimator uncertainty is not implemented; see separate trait-specific univariate test"
9,20262900,"lava_cov","region","region","region011","cov","A","B",0.000754928591591083,0.000159375038547681,NA,NA,"unavailable","LAVA estimator uncertainty is not implemented; see separate trait-specific univariate test"
9,20262900,"lava_cov","region","region","region011","cov","A","C",0.00336375261509234,0.000323678588589691,NA,NA,"unavailable","LAVA estimator uncertainty is not implemented; see separate trait-specific univariate test"
9,20262900,"lava_cov","region","region","region011","cov","B","C",0.00128147681830565,0.000204858399958827,NA,NA,"unavailable","LAVA estimator uncertainty is not implemented; see separate trait-specific univariate test"
9,20262900,"lava_cov","region","region","region012","cov","A","B",-0.00271815959674367,-0.000273099063538565,NA,NA,"unavailable","LAVA estimator uncertainty is not implemented; see separate trait-specific univariate test"
9,20262900,"lava_cov","region","region","region012","cov","A","C",0.000375834997757554,-0.00015395324242652,NA,NA,"unavailable","LAVA estimator uncertainty is not implemented; see separate trait-specific univariate test"
9,20262900,"lava_cov","region","region","region012","cov","B","C",0.000820028026967429,0.0004985706522741,NA,NA,"unavailable","LAVA estimator uncertainty is not implemented; see separate trait-specific univariate test"
9,20262900,"lava_cov","region","region","region013","cov","A","B",-0.00347494848720236,0.000611180306914607,NA,NA,"unavailable","LAVA estimator uncertainty is not implemented; see separate trait-specific univariate test"
9,20262900,"lava_cov","region","region","region013","cov","A","C",-0.00189569071275573,0.000899530489593864,NA,NA,"unavailable","LAVA estimator uncertainty is not implemented; see separate trait-specific univariate test"
9,20262900,"lava_cov","region","region","region013","cov","B","C",-0.00301777259096534,0.00068240357785399,NA,NA,"unavailable","LAVA estimator uncertainty is not implemented; see separate trait-specific univariate test"
9,20262900,"lava_cov","region","region","region014","cov","A","B",-0.00374028331977734,0.00136414291474782,NA,NA,"unavailable","LAVA estimator uncertainty is not implemented; see separate trait-specific univariate test"
9,20262900,"lava_cov","region","region","region014","cov","A","C",0.00182656001675719,0.00067497440032201,NA,NA,"unavailable","LAVA estimator uncertainty is not implemented; see separate trait-specific univariate test"
9,20262900,"lava_cov","region","region","region014","cov","B","C",-0.00235658369117743,0.000819192856156227,NA,NA,"unavailable","LAVA estimator uncertainty is not implemented; see separate trait-specific univariate test"
9,20262900,"lava_cov","region","region","region015","cov","A","B",-0.00123977019557002,0.00116744492991079,NA,NA,"unavailable","LAVA estimator uncertainty is not implemented; see separate trait-specific univariate test"
9,20262900,"lava_cov","region","region","region015","cov","A","C",-0.00370190665272168,0.00150862324840664,NA,NA,"unavailable","LAVA estimator uncertainty is not implemented; see separate trait-specific univariate test"
9,20262900,"lava_cov","region","region","region015","cov","B","C",0.00519220453242288,0.000746903305604023,NA,NA,"unavailable","LAVA estimator uncertainty is not implemented; see separate trait-specific univariate test"
9,20262900,"lava_cov","region","region","region016","cov","A","B",0.0061155461488608,0.000986550030539101,NA,NA,"unavailable","LAVA estimator uncertainty is not implemented; see separate trait-specific univariate test"
9,20262900,"lava_cov","region","region","region016","cov","A","C",-0.0013576714986947,0.00141343444226203,NA,NA,"unavailable","LAVA estimator uncertainty is not implemented; see separate trait-specific univariate test"
9,20262900,"lava_cov","region","region","region016","cov","B","C",-0.000569586065735671,0.00154496335677259,NA,NA,"unavailable","LAVA estimator uncertainty is not implemented; see separate trait-specific univariate test"
9,20262900,"lava_cov","region","region","region017","cov","A","B",0.0062063850310494,0.00150860227955391,NA,NA,"unavailable","LAVA estimator uncertainty is not implemented; see separate trait-specific univariate test"
9,20262900,"lava_cov","region","region","region017","cov","A","C",0.00734113637462657,0.00112269740571703,NA,NA,"unavailable","LAVA estimator uncertainty is not implemented; see separate trait-specific univariate test"
9,20262900,"lava_cov","region","region","region017","cov","B","C",0.000476926433040999,0.00192169553517393,NA,NA,"unavailable","LAVA estimator uncertainty is not implemented; see separate trait-specific univariate test"
9,20262900,"lava_cov","region","region","region018","cov","A","B",0.00330353162380647,0.00329462204264565,NA,NA,"unavailable","LAVA estimator uncertainty is not implemented; see separate trait-specific univariate test"
9,20262900,"lava_cov","region","region","region018","cov","A","C",-0.000885108343644907,0.00264232816046725,NA,NA,"unavailable","LAVA estimator uncertainty is not implemented; see separate trait-specific univariate test"
9,20262900,"lava_cov","region","region","region018","cov","B","C",0.00137953464156652,0.00350966914173927,NA,NA,"unavailable","LAVA estimator uncertainty is not implemented; see separate trait-specific univariate test"
9,20262900,"lava_cov","region","region","region019","cov","A","B",0.0015436187791366,0.00218168724459295,NA,NA,"unavailable","LAVA estimator uncertainty is not implemented; see separate trait-specific univariate test"
9,20262900,"lava_cov","region","region","region019","cov","A","C",0.00397984235733803,0.00210258727316889,NA,NA,"unavailable","LAVA estimator uncertainty is not implemented; see separate trait-specific univariate test"
9,20262900,"lava_cov","region","region","region019","cov","B","C",-0.00267160783522118,0.00212366229522655,NA,NA,"unavailable","LAVA estimator uncertainty is not implemented; see separate trait-specific univariate test"
9,20262900,"lava_cov","region","region","region020","cov","A","B",0.00165425636722316,-0.000872584958644186,NA,NA,"unavailable","LAVA estimator uncertainty is not implemented; see separate trait-specific univariate test"
9,20262900,"lava_cov","region","region","region020","cov","A","C",0.00121051547734342,0.000179264529640968,NA,NA,"unavailable","LAVA estimator uncertainty is not implemented; see separate trait-specific univariate test"
9,20262900,"lava_cov","region","region","region020","cov","B","C",0.00382179988894313,-1.44026972279238e-06,NA,NA,"unavailable","LAVA estimator uncertainty is not implemented; see separate trait-specific univariate test"
9,20262900,"ldsc_annotation_h2","reference","all",NA,"h2","A",NA,0.334154187167807,0.300622215593296,0.156813836693574,0.51149453764204,"normal_approximation:block_jackknife",""
9,20262900,"ldsc_annotation_h2","annotation_category","enriched",NA,"h2","A",NA,0.26130015180581,0.228302648509423,0.14036410775488,0.38223619585674,"normal_approximation:block_jackknife",""
9,20262900,"ldsc_annotation_h2","annotation_category","background",NA,"h2","A",NA,0.0728540353619965,0.0723195670838733,-0.0568536095017782,0.202561680225771,"normal_approximation:block_jackknife",""
9,20262900,"ldsc_annotation_h2","reference","all",NA,"h2","B",NA,0.350416113346422,0.400713965629003,0.122160224653365,0.578672002039479,"normal_approximation:block_jackknife",""
9,20262900,"ldsc_annotation_h2","annotation_category","enriched",NA,"h2","B",NA,0.299457271210024,0.299737250446258,0.112103846856776,0.486810695563272,"normal_approximation:block_jackknife",""
9,20262900,"ldsc_annotation_h2","annotation_category","background",NA,"h2","B",NA,0.0509588421363977,0.100976715182745,-0.0794230784429379,0.181340762715733,"normal_approximation:block_jackknife",""
9,20262900,"ldsc_annotation_h2","reference","all",NA,"h2","C",NA,0.248188462156156,0.352297094974752,0.040111826398206,0.456265097914107,"normal_approximation:block_jackknife",""
9,20262900,"ldsc_annotation_h2","annotation_category","enriched",NA,"h2","C",NA,0.223703303418703,0.263851806767565,0.0692337500325958,0.37817285680481,"normal_approximation:block_jackknife",""
9,20262900,"ldsc_annotation_h2","annotation_category","background",NA,"h2","C",NA,0.0244851587374532,0.0884452882071869,-0.114924465898207,0.163894783373113,"normal_approximation:block_jackknife",""
9,20262900,"ldsc_annotation_rg","reference","all",NA,"rg","A","B",0.655522441462881,0.568339402202298,0.257044177979349,1.05400070494641,"normal_approximation:block_jackknife",""
9,20262900,"ldsc_annotation_rg","annotation_category","enriched",NA,"rg","A","B",0.555676550005645,0.56973116803668,0.250884232064088,0.860468867947201,"normal_approximation:block_jackknife",""
9,20262900,"ldsc_annotation_rg","annotation_category","background",NA,"rg","A","B",1.13035714781026,0.564281918550473,-1.17651427926111,3.43722857488163,"normal_approximation:block_jackknife",""
9,20262900,"ldsc_annotation_rg","reference","all",NA,"rg","A","C",0.721959844310479,0.58525862292835,0.236515708556231,1.20740398006473,"normal_approximation:block_jackknife",""
9,20262900,"ldsc_annotation_rg","annotation_category","enriched",NA,"rg","A","C",0.595623757192905,0.573902880945802,0.252708027674215,0.938539486711595,"normal_approximation:block_jackknife",""
9,20262900,"ldsc_annotation_rg","annotation_category","background",NA,"rg","A","C",1.51307944839061,0.620283864065115,-4.13087034611823,7.15702924289946,"normal_approximation:block_jackknife",""
9,20262900,"ldsc_annotation_rg","reference","all",NA,"rg","B","C",0.547491553380918,0.718302170003633,0.0320489609860424,1.06293414577579,"normal_approximation:block_jackknife",""
9,20262900,"ldsc_annotation_rg","annotation_category","enriched",NA,"rg","B","C",0.755971631848561,0.761082180274231,0.409447289930847,1.10249597376628,"normal_approximation:block_jackknife",""
9,20262900,"ldsc_annotation_rg","annotation_category","background",NA,"rg","B","C",-0.96833925940286,0.590999472030503,-5.33111086117076,3.39443234236504,"normal_approximation:block_jackknife",""
9,20262900,"bayesc","reference","all",NA,"h2","A",NA,0.313236715062008,0.300622215593296,0.281276664142398,0.346720052060794,"conditional_equal_tailed_posterior",""
9,20262900,"bayesr","reference","all",NA,"h2","A",NA,0.306883755707794,0.300622215593296,0.266360183742437,0.350231559688687,"conditional_equal_tailed_posterior",""
10,20263000,"ldsc_h2","reference","all",NA,"h2","A",NA,0.253728040251589,0.301783899068073,0.0922457337441398,0.415210346759038,"normal_approximation:block_jackknife",""
10,20263000,"ldsc_h2","reference","all",NA,"h2","B",NA,0.359334033119553,0.402944035825979,0.162100579861478,0.556567486377628,"normal_approximation:block_jackknife",""
10,20263000,"ldsc_h2","reference","all",NA,"h2","C",NA,0.321149570917101,0.351238148503533,0.159730555465182,0.482568586369019,"normal_approximation:block_jackknife",""
10,20263000,"ldsc_rg","reference","all",NA,"rg","A","B",0.523398540452157,0.578388226689591,0.0737595069173345,0.97303757398698,"normal_approximation:block_jackknife",""
10,20263000,"ldsc_rg","reference","all",NA,"rg","A","C",0.830163762249712,0.599104440077188,0.318803062896713,1.34152446160271,"normal_approximation:block_jackknife",""
10,20263000,"ldsc_rg","reference","all",NA,"rg","B","C",0.280871581704701,0.729370275078726,-0.104565981259447,0.666309144668848,"normal_approximation:block_jackknife",""
10,20263000,"gnova_h2","reference","all",NA,"h2","A",NA,0.247770207328326,0.301783899068073,0.0888721757736649,0.406668238882988,"normal_approximation:block_jackknife",""
10,20263000,"gnova_h2","reference","all",NA,"h2","B",NA,0.348942371676024,0.402944035825979,0.156221168059207,0.54166357529284,"normal_approximation:block_jackknife",""
10,20263000,"gnova_h2","reference","all",NA,"h2","C",NA,0.314810682920893,0.351238148503533,0.155931800505269,0.473689565336516,"normal_approximation:block_jackknife",""
10,20263000,"gnova_rg","reference","all",NA,"rg","A","B",0.525376280948456,0.578388226689591,0.0681072811981558,0.982645280698757,"normal_approximation:block_jackknife",""
10,20263000,"gnova_rg","reference","all",NA,"rg","A","C",0.828165045953064,0.599104440077188,0.31099600007638,1.34533409182975,"normal_approximation:block_jackknife",""
10,20263000,"gnova_rg","reference","all",NA,"rg","B","C",0.266593597647629,0.729370275078726,-0.122897178039392,0.65608437333465,"normal_approximation:block_jackknife",""
10,20263000,"sumher_h2","reference","all",NA,"h2","A",NA,0.253728110421388,0.301783899068073,0.0922457843936748,0.415210436449102,"normal_approximation:fixed_weight_block_jackknife",""
10,20263000,"sumher_h2","reference","all",NA,"h2","B",NA,0.359334255690593,0.402944035825979,0.162100730530334,0.556567780850852,"normal_approximation:fixed_weight_block_jackknife",""
10,20263000,"sumher_h2","reference","all",NA,"h2","C",NA,0.321149615254188,0.351238148503533,0.159730587325234,0.482568643183142,"normal_approximation:fixed_weight_block_jackknife",""
10,20263000,"sumher_rg","reference","all",NA,"rg","A","B",0.523398311328567,0.578388226689591,0.0737595069013435,0.973037115755791,"normal_approximation:fixed_weight_block_jackknife",""
10,20263000,"sumher_rg","reference","all",NA,"rg","A","C",0.830163593932433,0.599104440077188,0.318803018379488,1.34152416948538,"normal_approximation:fixed_weight_block_jackknife",""
10,20263000,"sumher_rg","reference","all",NA,"rg","B","C",0.280871483057214,0.729370275078726,-0.104565911228771,0.6663088773432,"normal_approximation:fixed_weight_block_jackknife",""
10,20263000,"hess_cov","region","region","region001","cov","A","B",0.0474645962424823,0.0519330067858087,0.0345689340650461,0.0603602584199185,"normal_approximation:conditional_gaussian_plugin_delta",""
10,20263000,"hess_cov","region","region","region002","cov","A","B",-0.00774001615341373,7.89045099876148e-37,-0.021004977752624,0.00552494544579651,"normal_approximation:conditional_gaussian_plugin_delta",""
10,20263000,"hess_cov","region","region","region003","cov","A","B",-0.00183034061477863,0.00214931867080274,NA,NA,"unavailable","HESS joint uncertainty requires positive semidefinite plug-in genetic and residual matrices"
10,20263000,"hess_cov","region","region","region004","cov","A","B",-0.00245904812386845,0.000427362771908231,NA,NA,"unavailable","HESS joint uncertainty requires positive semidefinite plug-in genetic and residual matrices"
10,20263000,"hess_cov","region","region","region005","cov","A","B",0.00177823480423854,0.00245402973015894,NA,NA,"unavailable","HESS joint uncertainty requires positive semidefinite plug-in genetic and residual matrices"
10,20263000,"hess_cov","region","region","region006","cov","A","B",-0.000264859335542152,0.000502021949133874,NA,NA,"unavailable","HESS joint uncertainty requires positive semidefinite plug-in genetic and residual matrices"
10,20263000,"hess_cov","region","region","region007","cov","A","B",-0.00178265704077829,0.000561398937756574,NA,NA,"unavailable","HESS joint uncertainty requires positive semidefinite plug-in genetic and residual matrices"
10,20263000,"hess_cov","region","region","region008","cov","A","B",0.00574420681618091,0.00218969810747381,NA,NA,"unavailable","HESS joint uncertainty requires positive semidefinite plug-in genetic and residual matrices"
10,20263000,"hess_cov","region","region","region009","cov","A","B",2.9934088053861e-05,0.00270660712321124,-0.00819614434365948,0.0082560125197672,"normal_approximation:conditional_gaussian_plugin_delta",""
10,20263000,"hess_cov","region","region","region010","cov","A","B",-0.00399183745834701,-4.59336528829889e-05,NA,NA,"unavailable","HESS joint uncertainty requires positive semidefinite plug-in genetic and residual matrices"
10,20263000,"hess_cov","region","region","region011","cov","A","B",0.00115252025961972,0.0035390817269626,-0.00677344084453401,0.00907848136377345,"normal_approximation:conditional_gaussian_plugin_delta",""
10,20263000,"hess_cov","region","region","region012","cov","A","B",-0.000394655468097928,0.00166263223163068,NA,NA,"unavailable","HESS joint uncertainty requires positive semidefinite plug-in genetic and residual matrices"
10,20263000,"hess_cov","region","region","region013","cov","A","B",0.000941544246759262,-0.000197782631589595,NA,NA,"unavailable","HESS joint uncertainty requires positive semidefinite plug-in genetic and residual matrices"
10,20263000,"hess_cov","region","region","region014","cov","A","B",0.00287432601594529,0.00110959468725384,NA,NA,"unavailable","HESS joint uncertainty requires positive semidefinite plug-in genetic and residual matrices"
10,20263000,"hess_cov","region","region","region015","cov","A","B",-0.00744777670970524,8.72494891607447e-05,NA,NA,"unavailable","HESS joint uncertainty requires positive semidefinite plug-in genetic and residual matrices"
10,20263000,"hess_cov","region","region","region016","cov","A","B",0.00311062885110268,0.0023078733552266,NA,NA,"unavailable","HESS joint uncertainty requires positive semidefinite plug-in genetic and residual matrices"
10,20263000,"hess_cov","region","region","region017","cov","A","B",-0.000348994235652344,0.00222215015008975,-0.00725337993303019,0.0065553914617255,"normal_approximation:conditional_gaussian_plugin_delta",""
10,20263000,"hess_cov","region","region","region018","cov","A","B",-0.00487467575315183,0.00160984585629643,NA,NA,"unavailable","HESS joint uncertainty requires positive semidefinite plug-in genetic and residual matrices"
10,20263000,"hess_cov","region","region","region019","cov","A","B",0.00743941904901092,0.000931389043343628,NA,NA,"unavailable","HESS joint uncertainty requires positive semidefinite plug-in genetic and residual matrices"
10,20263000,"hess_cov","region","region","region020","cov","A","B",-0.00487835147776449,0.00132233543231897,NA,NA,"unavailable","HESS joint uncertainty requires positive semidefinite plug-in genetic and residual matrices"
10,20263000,"hess_cov","region","region","region001","cov","A","C",0.0460121155693759,0.0475599880222662,NA,NA,"unavailable","HESS joint uncertainty requires positive semidefinite plug-in genetic and residual matrices"
10,20263000,"hess_cov","region","region","region002","cov","A","C",-0.0115225456868128,7.22603558348024e-37,-0.023812914924688,0.000767823551062457,"normal_approximation:conditional_gaussian_plugin_delta",""
10,20263000,"hess_cov","region","region","region003","cov","A","C",0.00384695507635777,0.00139693545603336,NA,NA,"unavailable","HESS joint uncertainty requires positive semidefinite plug-in genetic and residual matrices"
10,20263000,"hess_cov","region","region","region004","cov","A","C",-0.00116223046032144,0.000269774579679922,NA,NA,"unavailable","HESS joint uncertainty requires positive semidefinite plug-in genetic and residual matrices"
10,20263000,"hess_cov","region","region","region005","cov","A","C",0.00384850346883112,0.000630006697967214,NA,NA,"unavailable","HESS joint uncertainty requires positive semidefinite plug-in genetic and residual matrices"
10,20263000,"hess_cov","region","region","region006","cov","A","C",-0.000434429414058009,0.000867630245845653,NA,NA,"unavailable","HESS joint uncertainty requires positive semidefinite plug-in genetic and residual matrices"
10,20263000,"hess_cov","region","region","region007","cov","A","C",0.00187124621573853,0.000885201015542494,NA,NA,"unavailable","HESS joint uncertainty requires positive semidefinite plug-in genetic and residual matrices"
10,20263000,"hess_cov","region","region","region008","cov","A","C",0.00968080276194767,0.00211171941332449,NA,NA,"unavailable","HESS joint uncertainty requires positive semidefinite plug-in genetic and residual matrices"
10,20263000,"hess_cov","region","region","region009","cov","A","C",0.00603433453480683,0.00318469406637015,-0.00193586209398123,0.0140045311635949,"normal_approximation:conditional_gaussian_plugin_delta",""
10,20263000,"hess_cov","region","region","region010","cov","A","C",0.00167478374639947,-3.48591861970544e-05,NA,NA,"unavailable","HESS joint uncertainty requires positive semidefinite plug-in genetic and residual matrices"
10,20263000,"hess_cov","region","region","region011","cov","A","C",0.00222192284039205,0.00389550829469111,-0.00536704521098499,0.00981089089176908,"normal_approximation:conditional_gaussian_plugin_delta",""
10,20263000,"hess_cov","region","region","region012","cov","A","C",0.00564604761933637,0.0029185219819786,NA,NA,"unavailable","HESS joint uncertainty requires positive semidefinite plug-in genetic and residual matrices"
10,20263000,"hess_cov","region","region","region013","cov","A","C",0.0011056824805202,0.000439108212965043,NA,NA,"unavailable","HESS joint uncertainty requires positive semidefinite plug-in genetic and residual matrices"
10,20263000,"hess_cov","region","region","region014","cov","A","C",0.00629332155917717,0.000302604775168515,NA,NA,"unavailable","HESS joint uncertainty requires positive semidefinite plug-in genetic and residual matrices"
10,20263000,"hess_cov","region","region","region015","cov","A","C",0.000489848934802694,0.000133346330483581,NA,NA,"unavailable","HESS joint uncertainty requires positive semidefinite plug-in genetic and residual matrices"
10,20263000,"hess_cov","region","region","region016","cov","A","C",0.00434925703687351,0.0015260210233566,-0.00325517676402463,0.0119536908377717,"normal_approximation:conditional_gaussian_plugin_delta",""
10,20263000,"hess_cov","region","region","region017","cov","A","C",-0.00127984220727587,0.00211509124121461,-0.00922255991887303,0.0066628755043213,"normal_approximation:conditional_gaussian_plugin_delta",""
10,20263000,"hess_cov","region","region","region018","cov","A","C",0.00150076285022844,0.00084916645159957,NA,NA,"unavailable","HESS joint uncertainty requires positive semidefinite plug-in genetic and residual matrices"
10,20263000,"hess_cov","region","region","region019","cov","A","C",0.00304722692190504,0.00175577630001303,-0.00405702364909938,0.0101514774929095,"normal_approximation:conditional_gaussian_plugin_delta",""
10,20263000,"hess_cov","region","region","region020","cov","A","C",0.00677589980136514,0.00119790132232519,NA,NA,"unavailable","HESS joint uncertainty requires positive semidefinite plug-in genetic and residual matrices"
10,20263000,"hess_cov","region","region","region001","cov","B","C",0.046306218257972,0.0562711302955088,0.0337075764808399,0.058904860035104,"normal_approximation:conditional_gaussian_plugin_delta",""
10,20263000,"hess_cov","region","region","region002","cov","B","C",0.0688355905171676,0.0562711302955088,NA,NA,"unavailable","HESS joint uncertainty requires positive semidefinite plug-in genetic and residual matrices"
10,20263000,"hess_cov","region","region","region003","cov","B","C",-0.000893803826272179,0.00268687092708452,NA,NA,"unavailable","HESS joint uncertainty requires positive semidefinite plug-in genetic and residual matrices"
10,20263000,"hess_cov","region","region","region004","cov","B","C",0.00177437212536946,0.00106230843532926,NA,NA,"unavailable","HESS joint uncertainty requires positive semidefinite plug-in genetic and residual matrices"
10,20263000,"hess_cov","region","region","region005","cov","B","C",0.00266283684432238,0.00161113877293135,-0.00453636798481374,0.0098620416734585,"normal_approximation:conditional_gaussian_plugin_delta",""
10,20263000,"hess_cov","region","region","region006","cov","B","C",0.00521012276617299,0.00112532462523372,NA,NA,"unavailable","HESS joint uncertainty requires positive semidefinite plug-in genetic and residual matrices"
10,20263000,"hess_cov","region","region","region007","cov","B","C",-0.00234107223161558,0.00061115291258511,NA,NA,"unavailable","HESS joint uncertainty requires positive semidefinite plug-in genetic and residual matrices"
10,20263000,"hess_cov","region","region","region008","cov","B","C",0.00615838692110616,0.000801506395648839,NA,NA,"unavailable","HESS joint uncertainty requires positive semidefinite plug-in genetic and residual matrices"
10,20263000,"hess_cov","region","region","region009","cov","B","C",0.00202326416551994,0.00210660567391517,-0.00538597450132963,0.00943250283236952,"normal_approximation:conditional_gaussian_plugin_delta",""
10,20263000,"hess_cov","region","region","region010","cov","B","C",0.00600524837891737,0.00104140297807401,NA,NA,"unavailable","HESS joint uncertainty requires positive semidefinite plug-in genetic and residual matrices"
10,20263000,"hess_cov","region","region","region011","cov","B","C",-0.000324960392213865,0.00637701213565447,-0.00875527085433326,0.00810535006990553,"normal_approximation:conditional_gaussian_plugin_delta",""
10,20263000,"hess_cov","region","region","region012","cov","B","C",0.00160167993577482,0.00180873309600041,-0.00588225552758089,0.00908561539913052,"normal_approximation:conditional_gaussian_plugin_delta",""
10,20263000,"hess_cov","region","region","region013","cov","B","C",-0.00301254291078294,0.000291570741380313,NA,NA,"unavailable","HESS joint uncertainty requires positive semidefinite plug-in genetic and residual matrices"
10,20263000,"hess_cov","region","region","region014","cov","B","C",-0.00337550218033997,0.000763768133111953,NA,NA,"unavailable","HESS joint uncertainty requires positive semidefinite plug-in genetic and residual matrices"
10,20263000,"hess_cov","region","region","region015","cov","B","C",0.00236984731363871,-4.4653529680364e-05,NA,NA,"unavailable","HESS joint uncertainty requires positive semidefinite plug-in genetic and residual matrices"
10,20263000,"hess_cov","region","region","region016","cov","B","C",0.00360142627627736,0.00129862150265315,-0.00385433804709015,0.0110571905996449,"normal_approximation:conditional_gaussian_plugin_delta",""
10,20263000,"hess_cov","region","region","region017","cov","B","C",0.00680440929885785,0.00287675487949085,NA,NA,"unavailable","HESS joint uncertainty requires positive semidefinite plug-in genetic and residual matrices"
10,20263000,"hess_cov","region","region","region018","cov","B","C",0.000676969691910299,0.00107031732133747,-0.00762070186021289,0.00897464124403349,"normal_approximation:conditional_gaussian_plugin_delta",""
10,20263000,"hess_cov","region","region","region019","cov","B","C",4.01304514520502e-05,0.00160370387474634,-0.00729139951367247,0.00737166041657657,"normal_approximation:conditional_gaussian_plugin_delta",""
10,20263000,"hess_cov","region","region","region020","cov","B","C",-0.00138321442311189,0.00127876975058743,NA,NA,"unavailable","HESS joint uncertainty requires positive semidefinite plug-in genetic and residual matrices"
10,20263000,"supergnova_cov","region","region","region001","cov","A","B",0.0461532649865532,0.0519330067858087,0.0322915988032311,0.0600149311698754,"normal_approximation:spectral_wls",""
10,20263000,"supergnova_cov","region","region","region002","cov","A","B",-0.00757135387028366,7.89045099876148e-37,-0.0237723968259063,0.00862968908533893,"normal_approximation:spectral_wls",""
10,20263000,"supergnova_cov","region","region","region003","cov","A","B",0.000208970554745638,0.00214931867080274,-0.00696033119566116,0.00737827230515243,"normal_approximation:spectral_wls",""
10,20263000,"supergnova_cov","region","region","region004","cov","A","B",-0.00211566529095279,0.000427362771908231,-0.00681964726668006,0.00258831668477448,"normal_approximation:spectral_wls",""
10,20263000,"supergnova_cov","region","region","region005","cov","A","B",0.00216545608728858,0.00245402973015894,-0.00504605912048167,0.00937697129505882,"normal_approximation:spectral_wls",""
10,20263000,"supergnova_cov","region","region","region006","cov","A","B",-0.000100588911385751,0.000502021949133874,-0.00483746332788021,0.00463628550510871,"normal_approximation:spectral_wls",""
10,20263000,"supergnova_cov","region","region","region007","cov","A","B",-0.00317647785276751,0.000561398937756574,-0.008782395020105,0.00242943931456999,"normal_approximation:spectral_wls",""
10,20263000,"supergnova_cov","region","region","region008","cov","A","B",0.00571282597948422,0.00218969810747381,-0.000720159853737733,0.0121458118127062,"normal_approximation:spectral_wls",""
10,20263000,"supergnova_cov","region","region","region009","cov","A","B",8.90832297328112e-05,0.00270660712321124,-0.00773918626973125,0.00791735272919687,"normal_approximation:spectral_wls",""
10,20263000,"supergnova_cov","region","region","region010","cov","A","B",0.000718187386417466,-4.59336528829889e-05,-0.00654814098638852,0.00798451575922345,"normal_approximation:spectral_wls",""
10,20263000,"supergnova_cov","region","region","region011","cov","A","B",-0.00306800410749026,0.0035390817269626,-0.00987093058823751,0.00373492237325699,"normal_approximation:spectral_wls",""
10,20263000,"supergnova_cov","region","region","region012","cov","A","B",-0.00109017778211187,0.00166263223163068,-0.00701176695099497,0.00483141138677124,"normal_approximation:spectral_wls",""
10,20263000,"supergnova_cov","region","region","region013","cov","A","B",0.00247718478126568,-0.000197782631589595,-0.00312494279747015,0.0080793123600015,"normal_approximation:spectral_wls",""
10,20263000,"supergnova_cov","region","region","region014","cov","A","B",0.00356942280135504,0.00110959468725384,-0.00196520761964546,0.00910405322235554,"normal_approximation:spectral_wls",""
10,20263000,"supergnova_cov","region","region","region015","cov","A","B",-0.00632511384931567,8.72494891607447e-05,-0.0123567583643132,-0.000293469334318131,"normal_approximation:spectral_wls",""
10,20263000,"supergnova_cov","region","region","region016","cov","A","B",0.00282119235142553,0.0023078733552266,-0.00411014180298269,0.00975252650583374,"normal_approximation:spectral_wls",""
10,20263000,"supergnova_cov","region","region","region017","cov","A","B",0.00134413993353374,0.00222215015008975,-0.00601715423662604,0.00870543410369352,"normal_approximation:spectral_wls",""
10,20263000,"supergnova_cov","region","region","region018","cov","A","B",0.00536080032336794,0.00160984585629643,-0.00299794287874592,0.0137195435254818,"normal_approximation:spectral_wls",""
10,20263000,"supergnova_cov","region","region","region019","cov","A","B",0.00866822803986556,0.000931389043343628,0.00179352050778246,0.0155429355719486,"normal_approximation:spectral_wls",""
10,20263000,"supergnova_cov","region","region","region020","cov","A","B",-0.00607723030949942,0.00132233543231897,-0.0131389976794221,0.000984537060423243,"normal_approximation:spectral_wls",""
10,20263000,"supergnova_cov","region","region","region001","cov","A","C",0.0459671255332402,0.0475599880222662,0.0305952231668932,0.0613390278995873,"normal_approximation:spectral_wls",""
10,20263000,"supergnova_cov","region","region","region002","cov","A","C",-0.0118519989049596,7.22603558348024e-37,-0.0260942685827029,0.00239027077278369,"normal_approximation:spectral_wls",""
10,20263000,"supergnova_cov","region","region","region003","cov","A","C",0.00509145561779475,0.00139693545603336,-0.000662522354874967,0.0108454335904645,"normal_approximation:spectral_wls",""
10,20263000,"supergnova_cov","region","region","region004","cov","A","C",-0.00038743495288576,0.000269774579679922,-0.00556499340719015,0.00479012350141863,"normal_approximation:spectral_wls",""
10,20263000,"supergnova_cov","region","region","region005","cov","A","C",0.00247603399589622,0.000630006697967214,-0.00337841641497645,0.00833048440676889,"normal_approximation:spectral_wls",""
10,20263000,"supergnova_cov","region","region","region006","cov","A","C",0.00062955249959792,0.000867630245845653,-0.00456606979336756,0.0058251747925634,"normal_approximation:spectral_wls",""
10,20263000,"supergnova_cov","region","region","region007","cov","A","C",0.00297933063501833,0.000885201015542494,-0.00238870219084058,0.00834736346087725,"normal_approximation:spectral_wls",""
10,20263000,"supergnova_cov","region","region","region008","cov","A","C",0.0105816465952717,0.00211171941332449,0.00245437578024117,0.0187089174103021,"normal_approximation:spectral_wls",""
10,20263000,"supergnova_cov","region","region","region009","cov","A","C",0.00797031786606893,0.00318469406637015,0.00131499553661461,0.0146256401955232,"normal_approximation:spectral_wls",""
10,20263000,"supergnova_cov","region","region","region010","cov","A","C",0.00220552337414681,-3.48591861970544e-05,-0.00447939719362783,0.00889044394192145,"normal_approximation:spectral_wls",""
10,20263000,"supergnova_cov","region","region","region011","cov","A","C",0.00361329736780189,0.00389550829469111,-0.00481325338407856,0.0120398481196823,"normal_approximation:spectral_wls",""
10,20263000,"supergnova_cov","region","region","region012","cov","A","C",0.0058296016114004,0.0029185219819786,-0.000401980987741314,0.0120611842105421,"normal_approximation:spectral_wls",""
10,20263000,"supergnova_cov","region","region","region013","cov","A","C",0.000581146808895689,0.000439108212965043,-0.00631089802957676,0.00747319164736814,"normal_approximation:spectral_wls",""
10,20263000,"supergnova_cov","region","region","region014","cov","A","C",0.00730202552613313,0.000302604775168515,0.0016489488901769,0.0129551021620894,"normal_approximation:spectral_wls",""
10,20263000,"supergnova_cov","region","region","region015","cov","A","C",0.00179788907888696,0.000133346330483581,-0.00430042941752341,0.00789620757529732,"normal_approximation:spectral_wls",""
10,20263000,"supergnova_cov","region","region","region016","cov","A","C",0.00383320811792799,0.0015260210233566,-0.00327878039926352,0.0109451966351195,"normal_approximation:spectral_wls",""
10,20263000,"supergnova_cov","region","region","region017","cov","A","C",0.000566779138411503,0.00211509124121461,-0.00771078664647038,0.00884434492329339,"normal_approximation:spectral_wls",""
10,20263000,"supergnova_cov","region","region","region018","cov","A","C",0.00131518723616472,0.00084916645159957,-0.00422020393628347,0.00685057840861291,"normal_approximation:spectral_wls",""
10,20263000,"supergnova_cov","region","region","region019","cov","A","C",0.00378089114150343,0.00175577630001303,-0.00298907494919929,0.0105508572322062,"normal_approximation:spectral_wls",""
10,20263000,"supergnova_cov","region","region","region020","cov","A","C",0.00640087893244059,0.00119790132232519,-0.000150920736230257,0.0129526786011114,"normal_approximation:spectral_wls",""
10,20263000,"supergnova_cov","region","region","region001","cov","B","C",0.0461713697307358,0.0562711302955088,0.0304180018784219,0.0619247375830497,"normal_approximation:spectral_wls",""
10,20263000,"supergnova_cov","region","region","region002","cov","B","C",0.0692969719551281,0.0562711302955088,0.0478928724562541,0.0907010714540021,"normal_approximation:spectral_wls",""
10,20263000,"supergnova_cov","region","region","region003","cov","B","C",-0.0032565169229708,0.00268687092708452,-0.0101658007601026,0.00365276691416095,"normal_approximation:spectral_wls",""
10,20263000,"supergnova_cov","region","region","region004","cov","B","C",0.00311480041382256,0.00106230843532926,-0.0025308854306871,0.00876048625833222,"normal_approximation:spectral_wls",""
10,20263000,"supergnova_cov","region","region","region005","cov","B","C",0.0027364505316908,0.00161113877293135,-0.00426964313188764,0.00974254419526924,"normal_approximation:spectral_wls",""
10,20263000,"supergnova_cov","region","region","region006","cov","B","C",0.0050178963816231,0.00112532462523372,-9.10131318301527e-05,0.0101268058950764,"normal_approximation:spectral_wls",""
10,20263000,"supergnova_cov","region","region","region007","cov","B","C",-0.00366854163932402,0.00061115291258511,-0.0103362062634594,0.00299912298481139,"normal_approximation:spectral_wls",""
10,20263000,"supergnova_cov","region","region","region008","cov","B","C",0.00452525523903626,0.000801506395648839,-0.0028118941203735,0.011862404598446,"normal_approximation:spectral_wls",""
10,20263000,"supergnova_cov","region","region","region009","cov","B","C",0.00413565273122413,0.00210660567391517,-0.00542821638270818,0.0136995218451564,"normal_approximation:spectral_wls",""
10,20263000,"supergnova_cov","region","region","region010","cov","B","C",0.00552206029405321,0.00104140297807401,-0.000700201384951929,0.0117443219730583,"normal_approximation:spectral_wls",""
10,20263000,"supergnova_cov","region","region","region011","cov","B","C",0.000472564418661716,0.00637701213565447,-0.00787177844528541,0.00881690728260884,"normal_approximation:spectral_wls",""
10,20263000,"supergnova_cov","region","region","region012","cov","B","C",0.00260304570574699,0.00180873309600041,-0.00324830725801123,0.0084543986695052,"normal_approximation:spectral_wls",""
10,20263000,"supergnova_cov","region","region","region013","cov","B","C",-0.0030359057503,0.000291570741380313,-0.00797027113047959,0.00189845962987959,"normal_approximation:spectral_wls",""
10,20263000,"supergnova_cov","region","region","region014","cov","B","C",-0.00166180473889539,0.000763768133111953,-0.00807399406744706,0.00475038458965629,"normal_approximation:spectral_wls",""
10,20263000,"supergnova_cov","region","region","region015","cov","B","C",0.00146347316198608,-4.4653529680364e-05,-0.00388975249371842,0.00681669881769058,"normal_approximation:spectral_wls",""
10,20263000,"supergnova_cov","region","region","region016","cov","B","C",0.00117513971365135,0.00129862150265315,-0.00553399206032956,0.00788427148763226,"normal_approximation:spectral_wls",""
10,20263000,"supergnova_cov","region","region","region017","cov","B","C",0.00653462232827723,0.00287675487949085,-0.000873500928319358,0.0139427455848738,"normal_approximation:spectral_wls",""
10,20263000,"supergnova_cov","region","region","region018","cov","B","C",0.00108133018946213,0.00107031732133747,-0.00579379659441581,0.00795645697334008,"normal_approximation:spectral_wls",""
10,20263000,"supergnova_cov","region","region","region019","cov","B","C",3.28342599395052e-05,0.00160370387474634,-0.00602420171938825,0.00608987023926726,"normal_approximation:spectral_wls",""
10,20263000,"supergnova_cov","region","region","region020","cov","B","C",-0.00182325569716011,0.00127876975058743,-0.00797506195069243,0.00432855055637221,"normal_approximation:spectral_wls",""
10,20263000,"lava_cov","region","region","region001","cov","A","B",0.0452620907857569,0.0519330067858087,NA,NA,"unavailable","LAVA estimator uncertainty is not implemented; see separate trait-specific univariate test"
10,20263000,"lava_cov","region","region","region001","cov","A","C",0.0445010786950114,0.0475599880222662,NA,NA,"unavailable","LAVA estimator uncertainty is not implemented; see separate trait-specific univariate test"
10,20263000,"lava_cov","region","region","region001","cov","B","C",0.0440711973278063,0.0562711302955088,NA,NA,"unavailable","LAVA estimator uncertainty is not implemented; see separate trait-specific univariate test"
10,20263000,"lava_cov","region","region","region002","cov","A","B",-0.00745096178255128,7.89045099876148e-37,NA,NA,"unavailable","LAVA estimator uncertainty is not implemented; see separate trait-specific univariate test"
10,20263000,"lava_cov","region","region","region002","cov","A","C",-0.0112706154773938,7.22603558348024e-37,NA,NA,"unavailable","LAVA estimator uncertainty is not implemented; see separate trait-specific univariate test"
10,20263000,"lava_cov","region","region","region002","cov","B","C",0.0642983966054545,0.0562711302955088,NA,NA,"unavailable","LAVA estimator uncertainty is not implemented; see separate trait-specific univariate test"
10,20263000,"lava_cov","region","region","region003","cov","A","B",-0.00183020314342516,0.00214931867080274,NA,NA,"unavailable","LAVA estimator uncertainty is not implemented; see separate trait-specific univariate test"
10,20263000,"lava_cov","region","region","region003","cov","A","C",0.00384573955791722,0.00139693545603336,NA,NA,"unavailable","LAVA estimator uncertainty is not implemented; see separate trait-specific univariate test"
10,20263000,"lava_cov","region","region","region003","cov","B","C",-0.000893186067895693,0.00268687092708452,NA,NA,"unavailable","LAVA estimator uncertainty is not implemented; see separate trait-specific univariate test"
10,20263000,"lava_cov","region","region","region004","cov","A","B",-0.00245945341735098,0.000427362771908231,NA,NA,"unavailable","LAVA estimator uncertainty is not implemented; see separate trait-specific univariate test"
10,20263000,"lava_cov","region","region","region004","cov","A","C",-0.0011636698366761,0.000269774579679922,NA,NA,"unavailable","LAVA estimator uncertainty is not implemented; see separate trait-specific univariate test"
10,20263000,"lava_cov","region","region","region004","cov","B","C",0.00177513266465756,0.00106230843532926,NA,NA,"unavailable","LAVA estimator uncertainty is not implemented; see separate trait-specific univariate test"
10,20263000,"lava_cov","region","region","region005","cov","A","B",0.00177536181064431,0.00245402973015894,NA,NA,"unavailable","LAVA estimator uncertainty is not implemented; see separate trait-specific univariate test"
10,20263000,"lava_cov","region","region","region005","cov","A","C",0.00384727980907609,0.000630006697967214,NA,NA,"unavailable","LAVA estimator uncertainty is not implemented; see separate trait-specific univariate test"
10,20263000,"lava_cov","region","region","region005","cov","B","C",0.0026550392468494,0.00161113877293135,NA,NA,"unavailable","LAVA estimator uncertainty is not implemented; see separate trait-specific univariate test"
10,20263000,"lava_cov","region","region","region006","cov","A","B",-0.000265242872997987,0.000502021949133874,NA,NA,"unavailable","LAVA estimator uncertainty is not implemented; see separate trait-specific univariate test"
10,20263000,"lava_cov","region","region","region006","cov","A","C",-0.00043404291816238,0.000867630245845653,NA,NA,"unavailable","LAVA estimator uncertainty is not implemented; see separate trait-specific univariate test"
10,20263000,"lava_cov","region","region","region006","cov","B","C",0.00521013092548213,0.00112532462523372,NA,NA,"unavailable","LAVA estimator uncertainty is not implemented; see separate trait-specific univariate test"
10,20263000,"lava_cov","region","region","region007","cov","A","B",-0.00178186435364013,0.000561398937756574,NA,NA,"unavailable","LAVA estimator uncertainty is not implemented; see separate trait-specific univariate test"
10,20263000,"lava_cov","region","region","region007","cov","A","C",0.00187034627479103,0.000885201015542494,NA,NA,"unavailable","LAVA estimator uncertainty is not implemented; see separate trait-specific univariate test"
10,20263000,"lava_cov","region","region","region007","cov","B","C",-0.00234042501845384,0.00061115291258511,NA,NA,"unavailable","LAVA estimator uncertainty is not implemented; see separate trait-specific univariate test"
10,20263000,"lava_cov","region","region","region008","cov","A","B",0.00574453232518324,0.00218969810747381,NA,NA,"unavailable","LAVA estimator uncertainty is not implemented; see separate trait-specific univariate test"
10,20263000,"lava_cov","region","region","region008","cov","A","C",0.00966865564401848,0.00211171941332449,NA,NA,"unavailable","LAVA estimator uncertainty is not implemented; see separate trait-specific univariate test"
10,20263000,"lava_cov","region","region","region008","cov","B","C",0.00615161523036875,0.000801506395648839,NA,NA,"unavailable","LAVA estimator uncertainty is not implemented; see separate trait-specific univariate test"
10,20263000,"lava_cov","region","region","region009","cov","A","B",3.02865860427641e-05,0.00270660712321124,NA,NA,"unavailable","LAVA estimator uncertainty is not implemented; see separate trait-specific univariate test"
10,20263000,"lava_cov","region","region","region009","cov","A","C",0.00603273546155846,0.00318469406637015,NA,NA,"unavailable","LAVA estimator uncertainty is not implemented; see separate trait-specific univariate test"
10,20263000,"lava_cov","region","region","region009","cov","B","C",0.00202162477261614,0.00210660567391517,NA,NA,"unavailable","LAVA estimator uncertainty is not implemented; see separate trait-specific univariate test"
10,20263000,"lava_cov","region","region","region010","cov","A","B",-0.00398796679262992,-4.59336528829889e-05,NA,NA,"unavailable","LAVA estimator uncertainty is not implemented; see separate trait-specific univariate test"
10,20263000,"lava_cov","region","region","region010","cov","A","C",0.00167623189852543,-3.48591861970544e-05,NA,NA,"unavailable","LAVA estimator uncertainty is not implemented; see separate trait-specific univariate test"
10,20263000,"lava_cov","region","region","region010","cov","B","C",0.00600257845947111,0.00104140297807401,NA,NA,"unavailable","LAVA estimator uncertainty is not implemented; see separate trait-specific univariate test"
10,20263000,"lava_cov","region","region","region011","cov","A","B",0.00115317842382447,0.0035390817269626,NA,NA,"unavailable","LAVA estimator uncertainty is not implemented; see separate trait-specific univariate test"
10,20263000,"lava_cov","region","region","region011","cov","A","C",0.00221867024007682,0.00389550829469111,NA,NA,"unavailable","LAVA estimator uncertainty is not implemented; see separate trait-specific univariate test"
10,20263000,"lava_cov","region","region","region011","cov","B","C",-0.000322346938182829,0.00637701213565447,NA,NA,"unavailable","LAVA estimator uncertainty is not implemented; see separate trait-specific univariate test"
10,20263000,"lava_cov","region","region","region012","cov","A","B",-0.00039447522463624,0.00166263223163068,NA,NA,"unavailable","LAVA estimator uncertainty is not implemented; see separate trait-specific univariate test"
10,20263000,"lava_cov","region","region","region012","cov","A","C",0.00564184524108922,0.0029185219819786,NA,NA,"unavailable","LAVA estimator uncertainty is not implemented; see separate trait-specific univariate test"
10,20263000,"lava_cov","region","region","region012","cov","B","C",0.00160581082492337,0.00180873309600041,NA,NA,"unavailable","LAVA estimator uncertainty is not implemented; see separate trait-specific univariate test"
10,20263000,"lava_cov","region","region","region013","cov","A","B",0.000943606960035035,-0.000197782631589595,NA,NA,"unavailable","LAVA estimator uncertainty is not implemented; see separate trait-specific univariate test"
10,20263000,"lava_cov","region","region","region013","cov","A","C",0.0011076849314377,0.000439108212965043,NA,NA,"unavailable","LAVA estimator uncertainty is not implemented; see separate trait-specific univariate test"
10,20263000,"lava_cov","region","region","region013","cov","B","C",-0.00301057158142909,0.000291570741380313,NA,NA,"unavailable","LAVA estimator uncertainty is not implemented; see separate trait-specific univariate test"
10,20263000,"lava_cov","region","region","region014","cov","A","B",0.00287504605107706,0.00110959468725384,NA,NA,"unavailable","LAVA estimator uncertainty is not implemented; see separate trait-specific univariate test"
10,20263000,"lava_cov","region","region","region014","cov","A","C",0.00629094355759329,0.000302604775168515,NA,NA,"unavailable","LAVA estimator uncertainty is not implemented; see separate trait-specific univariate test"
10,20263000,"lava_cov","region","region","region014","cov","B","C",-0.0033784811153048,0.000763768133111953,NA,NA,"unavailable","LAVA estimator uncertainty is not implemented; see separate trait-specific univariate test"
10,20263000,"lava_cov","region","region","region015","cov","A","B",-0.00744831054239654,8.72494891607447e-05,NA,NA,"unavailable","LAVA estimator uncertainty is not implemented; see separate trait-specific univariate test"
10,20263000,"lava_cov","region","region","region015","cov","A","C",0.000486856112052753,0.000133346330483581,NA,NA,"unavailable","LAVA estimator uncertainty is not implemented; see separate trait-specific univariate test"
10,20263000,"lava_cov","region","region","region015","cov","B","C",0.00237032085857202,-4.4653529680364e-05,NA,NA,"unavailable","LAVA estimator uncertainty is not implemented; see separate trait-specific univariate test"
10,20263000,"lava_cov","region","region","region016","cov","A","B",0.00310773332746552,0.0023078733552266,NA,NA,"unavailable","LAVA estimator uncertainty is not implemented; see separate trait-specific univariate test"
10,20263000,"lava_cov","region","region","region016","cov","A","C",0.00434502523931097,0.0015260210233566,NA,NA,"unavailable","LAVA estimator uncertainty is not implemented; see separate trait-specific univariate test"
10,20263000,"lava_cov","region","region","region016","cov","B","C",0.00360304573854295,0.00129862150265315,NA,NA,"unavailable","LAVA estimator uncertainty is not implemented; see separate trait-specific univariate test"
10,20263000,"lava_cov","region","region","region017","cov","A","B",-0.00034685835703829,0.00222215015008975,NA,NA,"unavailable","LAVA estimator uncertainty is not implemented; see separate trait-specific univariate test"
10,20263000,"lava_cov","region","region","region017","cov","A","C",-0.00127575100438602,0.00211509124121461,NA,NA,"unavailable","LAVA estimator uncertainty is not implemented; see separate trait-specific univariate test"
10,20263000,"lava_cov","region","region","region017","cov","B","C",0.00680664285219935,0.00287675487949085,NA,NA,"unavailable","LAVA estimator uncertainty is not implemented; see separate trait-specific univariate test"
10,20263000,"lava_cov","region","region","region018","cov","A","B",-0.00487377218293796,0.00160984585629643,NA,NA,"unavailable","LAVA estimator uncertainty is not implemented; see separate trait-specific univariate test"
10,20263000,"lava_cov","region","region","region018","cov","A","C",0.00150210514712721,0.00084916645159957,NA,NA,"unavailable","LAVA estimator uncertainty is not implemented; see separate trait-specific univariate test"
10,20263000,"lava_cov","region","region","region018","cov","B","C",0.000674025548365871,0.00107031732133747,NA,NA,"unavailable","LAVA estimator uncertainty is not implemented; see separate trait-specific univariate test"
10,20263000,"lava_cov","region","region","region019","cov","A","B",0.00743452809338434,0.000931389043343628,NA,NA,"unavailable","LAVA estimator uncertainty is not implemented; see separate trait-specific univariate test"
10,20263000,"lava_cov","region","region","region019","cov","A","C",0.00304863376987841,0.00175577630001303,NA,NA,"unavailable","LAVA estimator uncertainty is not implemented; see separate trait-specific univariate test"
10,20263000,"lava_cov","region","region","region019","cov","B","C",3.99464364774433e-05,0.00160370387474634,NA,NA,"unavailable","LAVA estimator uncertainty is not implemented; see separate trait-specific univariate test"
10,20263000,"lava_cov","region","region","region020","cov","A","B",-0.00487209520231396,0.00132233543231897,NA,NA,"unavailable","LAVA estimator uncertainty is not implemented; see separate trait-specific univariate test"
10,20263000,"lava_cov","region","region","region020","cov","A","C",0.00677462188111977,0.00119790132232519,NA,NA,"unavailable","LAVA estimator uncertainty is not implemented; see separate trait-specific univariate test"
10,20263000,"lava_cov","region","region","region020","cov","B","C",-0.0013811012572817,0.00127876975058743,NA,NA,"unavailable","LAVA estimator uncertainty is not implemented; see separate trait-specific univariate test"
10,20263000,"ldsc_annotation_h2","reference","all",NA,"h2","A",NA,0.348699185889175,0.301783899068073,0.166452395522645,0.530945976255705,"normal_approximation:block_jackknife",""
10,20263000,"ldsc_annotation_h2","annotation_category","enriched",NA,"h2","A",NA,0.254563103896068,0.236394308378471,0.125687384509645,0.383438823282491,"normal_approximation:block_jackknife",""
10,20263000,"ldsc_annotation_h2","annotation_category","background",NA,"h2","A",NA,0.094136081993107,0.0653895906896021,-0.034724080854439,0.222996244840653,"normal_approximation:block_jackknife",""
10,20263000,"ldsc_annotation_h2","reference","all",NA,"h2","B",NA,0.485325065715249,0.402944035825979,0.23544000900357,0.735210122426929,"normal_approximation:block_jackknife",""
10,20263000,"ldsc_annotation_h2","annotation_category","enriched",NA,"h2","B",NA,0.345189698913049,0.318333004554326,0.136599977530438,0.55377942029566,"normal_approximation:block_jackknife",""
10,20263000,"ldsc_annotation_h2","annotation_category","background",NA,"h2","B",NA,0.1401353668022,0.0846110312716536,0.00253860179976304,0.277732131804638,"normal_approximation:block_jackknife",""
10,20263000,"ldsc_annotation_h2","reference","all",NA,"h2","C",NA,0.396846358145172,0.351238148503533,0.209572775767411,0.584119940522933,"normal_approximation:block_jackknife",""
10,20263000,"ldsc_annotation_h2","annotation_category","enriched",NA,"h2","C",NA,0.223818836589897,0.269852850421096,0.086480296181573,0.361157376998221,"normal_approximation:block_jackknife",""
10,20263000,"ldsc_annotation_h2","annotation_category","background",NA,"h2","C",NA,0.173027521555275,0.0813852980824366,0.0457109083697668,0.300344134740784,"normal_approximation:block_jackknife",""
10,20263000,"ldsc_annotation_rg","reference","all",NA,"rg","A","B",0.480813150618195,0.578388226689591,0.0949204898982028,0.866705811338188,"normal_approximation:block_jackknife",""
10,20263000,"ldsc_annotation_rg","annotation_category","enriched",NA,"rg","A","B",0.39291950740004,0.576910770640441,-0.0167877634553748,0.802626778255454,"normal_approximation:block_jackknife",""
10,20263000,"ldsc_annotation_rg","annotation_category","background",NA,"rg","A","B",0.708036979517475,0.583927620308605,-0.332017013145205,1.74809097218015,"normal_approximation:block_jackknife",""
10,20263000,"ldsc_annotation_rg","reference","all",NA,"rg","A","C",0.814408849180737,0.599104440077188,0.352991673168775,1.2758260251927,"normal_approximation:block_jackknife",""
10,20263000,"ldsc_annotation_rg","annotation_category","enriched",NA,"rg","A","C",0.789363677584795,0.589006219896243,0.227432291584199,1.35129506358539,"normal_approximation:block_jackknife",""
10,20263000,"ldsc_annotation_rg","annotation_category","background",NA,"rg","A","C",0.897452675137795,0.634501053684248,-0.0835458831035416,1.87845123337913,"normal_approximation:block_jackknife",""
10,20263000,"ldsc_annotation_rg","reference","all",NA,"rg","B","C",0.377162958237176,0.729370275078726,0.00862384607817174,0.74570207039618,"normal_approximation:block_jackknife",""
10,20263000,"ldsc_annotation_rg","annotation_category","enriched",NA,"rg","B","C",0.633874621386842,0.772859871777817,0.254467217440767,1.01328202533292,"normal_approximation:block_jackknife",""
10,20263000,"ldsc_annotation_rg","annotation_category","background",NA,"rg","B","C",-0.0685057683003341,0.576900552597351,-0.636512811497424,0.499501274896756,"normal_approximation:block_jackknife",""
10,20263000,"bayesc","reference","all",NA,"h2","A",NA,0.312410961309121,0.301783899068073,0.28254989920459,0.344735150289218,"conditional_equal_tailed_posterior",""
10,20263000,"bayesr","reference","all",NA,"h2","A",NA,0.305926170981857,0.301783899068073,0.264959803511033,0.349660887699799,"conditional_equal_tailed_posterior",""
